date,IWDA,CSPX,IMAE,EMIM,WSML,SGLD,IBGM,IBTM,IBGS,IMIE,CNDX,IWMO,IWQU,IWVL,MVOL,VVSM,XDWH,DTLA,IBCI,IEAC,IHYG,IWDP,ICOM
2008-01-02,,,,,,,120.714394,117.795486,119.975357,,,,,,,,,,159.787003,,,16.700144,
2008-01-03,,,,,,,120.917328,117.772064,120.045464,,,,,,,,,,161.434006,,,16.334536,
2008-01-04,,,,,,,121.412376,118.295364,120.138367,,,,,,,,,,161.906998,,,16.040506,
2008-01-07,,,,,,,121.461250,118.461739,120.131065,,,,,,,,,,161.748001,,,15.941959,
2008-01-08,,,,,,,121.168243,118.452232,120.062782,,,,,,,,,,161.182007,,,15.677994,
2008-01-09,,,,,,,121.797188,118.911072,120.247635,,,,,,,,,,161.876999,,,15.731201,
2008-01-10,,,,,,,121.728134,118.130478,120.216690,,,,,,,,,,161.623993,,,15.717344,
2008-01-11,,,,,,,121.767731,118.828247,120.272209,,,,,,,,,,161.792999,,,15.617653,
2008-01-14,,,,,,,122.075027,118.941132,120.376930,,,,,,,,,,162.320999,,,15.699258,
2008-01-15,,,,,,,122.381538,119.702682,120.457977,,,,,,,,,,162.908005,,,15.303507,
2008-01-16,,,,,,,122.853027,119.638893,120.661957,,,,,,,,,,163.550995,,,15.258438,
2008-01-17,,,,,,,122.850502,120.285385,120.716576,,,,,,,,,,163.600006,,,15.241222,
2008-01-18,,,,,,,123.024780,120.276550,120.802208,,,,,,,,,,163.537003,,,14.805111,
2008-01-21,,,,,,,123.502167,120.276550,121.003433,,,,,,,,,,163.740997,,,14.805111,
2008-01-22,,,,,,,122.751930,121.684601,120.946968,,,,,,,,,,162.164001,,,14.873460,
2008-01-23,,,,,,,123.755623,122.224068,121.270241,,,,,,,,,,163.483002,,,15.669250,
2008-01-24,,,,,,,122.681274,120.445129,120.849525,,,,,,,,,,162.246994,,,15.767999,
2008-01-25,,,,,,,122.974274,120.923042,120.920570,,,,,,,,,,162.914993,,,16.011179,
2008-01-28,,,,,,,123.235298,120.821159,120.942406,,,,,,,,,,163.149994,,,16.125267,
2008-01-29,,,,,,,122.820168,120.324249,120.876854,,,,,,,,,,162.606995,,,16.145247,
2008-01-30,,,,,,,122.707367,119.754013,120.918732,,,,,,,,,,162.669998,,,15.463539,
2008-01-31,,,,,,,123.560287,120.585136,121.140022,,,,,,,,,,164.100006,,,15.684788,
2008-02-01,,,,,,,123.698372,120.994904,121.154587,,,,,,,,,,164.307007,,,16.061628,
2008-02-04,,,,,,,123.482841,120.628418,121.093575,,,,,,,,,,163.723999,,,16.073803,
2008-02-05,,,,,,,124.357643,121.167847,121.394989,,,,,,,,,,164.718002,,,15.524086,
2008-02-06,,,,,,,123.944214,121.035217,121.382225,,,,,,,,,,164.143997,,,15.221850,
2008-02-07,,,,,,,124.318878,120.102844,121.666328,,,,,,,,,,164.485992,,,15.284070,
2008-02-08,,,,,,,124.378700,120.746384,121.698227,,,,,,,,,,164.608994,,,15.132647,
2008-02-11,,,,,,,124.568169,121.046928,121.745552,,,,,,,,,,164.938004,,,14.918400,
2008-02-12,,,,,,,123.624275,120.516243,121.568008,,,,,,,,,,163.550003,,,15.319449,
2008-02-13,,,,,,,123.786774,120.526543,121.674561,,,,,,,,,,163.932007,,,15.360955,
2008-02-14,,,,,,,123.416290,119.555321,121.589851,,,,,,,,,,163.679001,,,15.329943,
2008-02-15,,,,,,,123.693314,119.900543,121.671837,,,,,,,,,,164.082001,,,15.338685,
2008-02-18,,,,,,,123.210838,61.459087,121.528847,,,,,,,,,,163.473999,,,15.366544,
2008-02-19,,,,,,,123.525764,119.055450,121.606255,,,,,,,,,,164.339005,,,15.416116,
2008-02-20,,,,,,,123.237808,118.724167,121.504272,,,,,,,,,,164.244995,,,15.318847,
2008-02-21,,,,,,,123.220123,119.940865,121.344910,,,,,,,,,,164.233994,,,15.205027,
2008-02-22,,,,,,,123.347298,119.924019,121.405014,,,,,,,,,,164.147995,,,15.258975,
2008-02-25,,,,,,,122.936340,118.988754,121.382225,,,,,,,,,,163.492004,,,15.525696,
2008-02-26,,,,,,,122.740211,119.361076,121.331238,,,,,,,,,,163.345001,,,15.745669,
2008-02-27,,,,,,,122.661018,119.530418,119.361610,,,,,,,,,,163.466003,,,15.873474,
2008-02-28,,,,,,,123.493767,120.652596,119.575607,,,,,,,,,,164.554001,,,15.471006,
2008-02-29,,,,,,,124.471321,122.270943,119.754990,,,,,,,,,,165.701004,,,15.471006,
2008-03-03,,,,,,,124.736542,122.207199,119.670326,,,,,,,,,,166.069000,,,15.320325,
2008-03-04,,,,,,,124.909157,121.842155,119.673042,,,,,,,,,,165.893005,,,15.161164,
2008-03-05,,,,,,,124.209473,121.057922,119.510956,,,,,,,,,,164.837006,,,15.294565,
2008-03-06,,,,,,,124.578232,121.768883,119.413521,,,,,,,,,,165.440002,,,15.069749,
2008-03-07,,,,,,,124.685150,122.478401,119.490936,,,,,,,,,,165.268997,,,14.868753,
2008-03-10,,,,,,,125.378136,123.225266,119.653000,,,,,,,,,,166.074997,,,14.640041,
2008-03-11,,,,,,,124.862808,121.944054,119.445389,,,,,,,,,,165.610001,,,15.081324,
2008-03-12,,,,,,,125.097733,123.033257,119.460869,,,,,,,,,,165.822998,,,15.131165,
2008-03-13,,,,,,,125.145744,122.759132,119.524612,,,,,,,,,,165.778000,,,15.079637,
2008-03-14,,,,,,,125.254318,124.040344,119.576500,,,,,,,,,,165.639008,,,14.962383,
2008-03-17,,,,,,,125.611320,125.034264,119.807808,,,,,,,,,,165.315994,,,15.180682,
2008-03-18,,,,,,,125.043007,123.794807,119.614761,,,,,,,,,,164.882996,,,15.180682,
2008-03-19,,,,,,,125.108688,124.778435,119.485466,,,,,,,,,,165.143997,,,15.174691,
2008-03-20,,,,,,,125.093529,125.067230,119.369827,,,,,,,,,,164.901993,,,15.156931,
2008-03-25,,,,,,,123.871803,123.393875,119.118492,,,,,,,,,,163.634003,,,15.677795,
2008-03-26,,,,,,,123.841507,123.439323,119.173134,,,,,,,,,,163.188004,,,15.677795,
2008-03-27,,,,,,,123.617523,123.146126,119.253258,,,,,,,,,,162.921997,,,15.615904,
2008-03-28,,,,,,,123.555206,123.660698,119.194054,,,,,,,,,,163.438995,,,15.518705,
2008-03-31,,,,,,,123.898766,123.974373,119.272369,,,,,,,,,,164.417007,,,15.646178,
2008-04-01,,,,,,,123.370834,122.817795,119.116676,,,,,,,,,,163.692993,,,16.114037,
2008-04-02,,,,,,,123.231895,122.446152,118.999199,,,,,,,,,,163.548996,,,16.319473,
2008-04-03,,,,,,,123.322845,122.378723,119.113937,,,,,,,,,,163.406998,,,16.504463,
2008-04-04,,,,,,,123.593117,123.338165,119.164024,,,,,,,,,,163.834000,,,16.369316,
2008-04-07,,,,,,,123.150215,122.570755,119.064758,,,,,,,,,,163.389999,,,16.414244,
2008-04-08,,,,,,,123.028152,122.553146,119.092972,,,,,,,,,,163.102997,,,16.294310,
2008-04-09,,,,,,,123.069435,123.393875,119.171310,,,,,,,,,,163.285995,,,15.995301,
2008-04-10,,,,,,,123.428947,122.783318,119.263260,,,,,,,,,,163.690002,,,15.991134,
2008-04-11,,,,,,,123.998131,123.368210,119.363449,,,,,,,,,,164.559006,,,15.675241,
2008-04-14,,,,,,,124.054543,123.104355,119.357971,,,,,,,,,,164.548004,,,15.675241,
2008-04-15,,,,,,,123.584709,122.544373,119.223198,,,,,,,,,,163.960999,,,15.832442,
2008-04-16,,,,,,,122.912849,121.547539,119.074783,,,,,,,,,,162.951996,,,16.252541,
2008-04-17,,,,,,,122.549057,121.227982,118.918167,,,,,,,,,,162.531998,,,16.304941,
2008-04-18,,,,,,,122.109566,121.041794,118.635880,,,,,,,,,,162.343994,,,16.243658,
2008-04-21,,,,,,,122.329330,121.319588,118.806152,,,,,,,,,,162.945999,,,16.290070,
2008-04-22,,,,,,,121.973152,121.433907,118.609467,,,,,,,,,,162.673996,,,16.264238,
2008-04-23,,,,,,,122.152512,121.140724,118.735130,,,,,,,,,,162.949997,,,16.420170,
2008-04-24,,,,,,,121.802261,120.288307,118.730553,,,,,,,,,,162.522995,,,16.474258,
2008-04-25,,,,,,,121.979904,119.971626,118.774269,,,,,,,,,,162.886002,,,16.498400,
2008-04-28,,,,,,,121.882217,120.265556,118.863525,,,,,,,,,,162.548004,,,16.609325,
2008-04-29,,,,,,,122.454773,120.359421,119.041992,,,,,,,,,,163.158997,,,16.535942,
2008-04-30,,,,,,,120.217628,118.793777,119.064758,,,,,,,,,,163.649002,,,16.306353,
2008-05-01,,,,,,,120.217628,118.600273,119.064758,,,,,,,,,,163.649002,,,16.306353,
2008-05-02,,,,,,,119.578552,117.734642,118.962776,,,,,,,,,,162.893005,,,16.638189,
2008-05-05,,,,,,,119.838737,117.734642,119.015579,,,,,,,,,,162.893005,,,16.697723,
2008-05-06,,,,,,,120.151939,117.421677,119.084808,,,,,,,,,,164.121994,,,16.697723,
2008-05-07,,,,,,,119.853020,117.731728,119.125778,,,,,,,,,,163.973007,,,16.334946,
2008-05-08,,,,,,,120.738815,118.428772,119.242340,,,,,,,,,,165.195007,,,16.348869,
2008-05-09,,,,,,,121.251579,118.676491,119.325188,,,,,,,,,,165.757996,,,16.166367,
2008-05-12,,,,,,,121.092422,118.631798,119.215927,,,,,,,,,,165.292999,,,16.371332,
2008-05-13,,,,,,,120.450867,117.480331,119.050209,,,,,,,,,,164.412003,,,16.388960,
2008-05-14,,,,,,,119.855545,117.205475,118.926369,,,,,,,,,,163.604004,,,16.458723,
2008-05-15,,,,,,,119.387451,117.986046,118.780655,,,,,,,,,,163.212997,,,16.565882,
2008-05-16,,,,,,,119.892632,117.914955,118.867165,,,,,,,,,,164.080994,,,16.528942,
2008-05-19,,,,,,,119.554161,118.041046,118.807961,,,,,,,,,,163.369995,,,16.454750,
2008-05-20,,,,,,,119.837868,118.570969,118.859879,,,,,,,,,,163.839996,,,16.314224,
2008-05-21,,,,,,,119.317558,118.216934,118.739693,,,,,,,,,,163.332001,,,16.113230,
2008-05-22,,,,,,,119.026260,117.408455,118.584869,,,,,,,,,,163.231003,,,15.972564,
2008-05-23,,,,,,,119.320885,118.114326,118.620384,,,,,,,,,,163.639008,,,15.886190,
2008-05-26,,,,,,,119.274651,118.114326,118.614914,,,,,,,,,,163.682007,,,15.855042,
2008-05-27,,,,,,,118.955505,117.357193,118.603088,,,,,,,,,,163.608994,,,15.917406,
2008-05-28,,,,,,,118.653244,116.636673,118.623123,,,,,,,,,,163.682007,,,15.944919,
2008-05-29,,,,,,,117.931679,116.058357,118.426407,,,,,,,,,,163.242996,,,16.025030,
2008-05-30,,,,,,,118.262543,116.329536,118.483803,,,,,,,,,,163.785995,,,15.961600,
2008-06-02,,,,,,,118.652405,117.098427,118.563927,,,,,,,,,,164.098007,,,15.834130,
2008-06-03,,,,,,,118.006630,117.801346,118.546631,,,,,,,,,,162.718994,,,15.834130,
2008-06-04,,,,,,,118.450325,117.564590,118.674118,,,,,,,,,,162.884003,,,15.905164,
2008-06-05,,,,,,,117.674858,116.820641,118.108612,,,,,,,,,,162.309998,,,16.091904,
2008-06-06,,,,,,,118.034378,117.607117,118.032143,,,,,,,,,,163.503006,,,15.779371,
2008-06-09,,,,,,,117.203346,116.956268,117.841835,,,,,,,,,,163.005997,,,15.519443,
2008-06-10,,,,,,,117.076195,116.003403,117.939270,,,,,,,,,,162.692001,,,15.267658,
2008-06-11,,,,,,,116.950722,116.289268,118.109535,,,,,,,,,,161.942001,,,15.091750,
2008-06-12,,,,,,,116.535667,115.183891,118.054909,,,,,,,,,,161.175995,,,15.019300,
2008-06-13,,,,,,,115.973228,114.812325,117.904655,,,,,,,,,,160.817001,,,15.121747,
2008-06-16,,,,,,,116.100349,114.942078,117.811783,,,,,,,,,,161.492004,,,15.332773,
2008-06-17,,,,,,,116.249382,115.195656,117.933784,,,,,,,,,,161.535995,,,15.137832,
2008-06-18,,,,,,,116.404312,115.867020,118.033951,,,,,,,,,,161.903000,,,15.011767,
2008-06-19,,,,,,,115.926910,115.398689,117.916481,,,,,,,,,,161.395004,,,15.086167,
2008-06-20,,,,,,,116.424515,115.988724,118.065834,,,,,,,,,,162.037003,,,14.902184,
2008-06-23,,,,,,,116.624077,115.752007,118.152336,,,,,,,,,,162.365005,,,14.584338,
2008-06-24,,,,,,,116.686386,116.395515,118.203323,,,,,,,,,,162.375000,,,14.617167,
2008-06-25,,,,,,,116.637543,116.320763,118.201500,,,,,,,,,,162.425995,,,14.703200,
2008-06-26,,,,,,,117.350677,117.091850,118.394562,,,,,,,,,,163.345001,,,14.441191,
2008-06-27,,,,,,,117.432365,117.420937,118.419144,,,,,,,,,,163.556000,,,14.256605,
2008-06-30,,,,,,,116.640907,117.521400,118.185112,,,,,,,,,,163.735992,,,14.209447,
2008-07-01,,,,,,,116.514603,117.482483,118.197891,,,,,,,,,,163.813004,,,14.124150,
2008-07-02,,,,,,,116.331902,117.798447,118.125931,,,,,,,,,,164.087997,,,13.957260,
2008-07-03,,,,,,,117.034912,117.776436,118.461937,,,,,,,,,,164.985001,,,13.926176,
2008-07-04,,,,,,,117.652992,59.641346,118.607635,,,,,,,,,,165.354004,,,13.989951,
2008-07-07,,,,,,,118.195213,118.226448,118.699608,,,,,,,,,,165.302002,,,13.895103,
2008-07-08,,,,,,,118.290352,118.652336,118.708725,,,,,,,,,,164.401993,,,14.141911,
2008-07-09,,,,,,,118.399788,119.051819,118.715080,,,,,,,,,,164.843002,,,13.751014,
2008-07-10,,,,,,,118.520218,119.241631,118.775185,,,,,,,,,,165.261993,,,13.790433,
2008-07-11,,,,,,,118.287842,118.059349,118.766083,,,,,,,,,,165.617004,,,13.724373,
2008-07-14,,,,,,,118.524414,118.610596,118.838921,,,,,,,,,,166.000000,,,13.416424,
2008-07-15,,,,,,,118.633896,118.973358,118.978249,,,,,,,,,,164.811996,,,13.221945,
2008-07-16,,,,,,,118.513435,118.312248,118.973709,,,,,,,,,,164.052002,,,13.576251,
2008-07-17,,,,,,,118.174141,117.357193,118.933640,,,,,,,,,,164.110992,,,13.918645,
2008-07-18,,,,,,,117.151131,117.011215,118.656799,,,,,,,,,,163.184998,,,13.998966,
2008-07-21,,,,,,,116.622391,117.160759,118.491074,,,,,,,,,,163.001007,,,14.291854,
2008-07-22,,,,,,,116.712479,116.879272,118.583954,,,,,,,,,,162.979004,,,14.470656,
2008-07-23,,,,,,,116.579475,116.486435,118.615822,,,,,,,,,,162.697006,,,14.810626,
2008-07-24,,,,,,,117.388611,117.665756,118.922707,,,,,,,,,,163.518997,,,14.362221,
2008-07-25,,,,,,,117.226097,116.869751,118.937271,,,,,,,,,,162.727005,,,14.308197,
2008-07-28,,,,,,,117.808723,117.711197,119.079323,,,,,,,,,,163.669998,,,14.065833,
2008-07-29,,,,,,,118.258331,117.519150,119.143074,,,,,,,,,,163.617996,,,14.065833,
2008-07-30,,,,,,,118.707916,117.523537,119.262360,,,,,,,,,,164.121994,,,14.317685,
2008-07-31,,,,,,,119.173592,118.197144,119.354332,,,,,,,,,,164.820007,,,14.245912,
2008-08-01,,,,,,,119.197166,118.484505,119.358879,,,,,,,,,,165.136002,,,14.148635,
2008-08-04,,,,,,,119.465736,118.314430,119.414436,,,,,,,,,,165.671005,,,13.962976,
2008-08-05,,,,,,,119.618134,118.089417,119.420815,,,,,,,,,,165.600998,,,13.962976,
2008-08-06,,,,,,,119.613121,117.810867,119.520058,,,,,,,,,,165.287994,,,14.303431,
2008-08-07,,,,,,,120.303528,119.016586,119.786865,,,,,,,,,,166.151993,,,14.283649,
2008-08-08,,,,,,,120.445793,118.812851,119.914345,,,,,,,,,,165.834000,,,14.034418,
2008-08-11,,,,,,,120.329567,118.372345,119.836037,,,,,,,,,,165.835999,,,14.228285,
2008-08-12,,,,,,,120.654655,119.176407,119.950783,,,,,,,,,,166.268997,,,14.530932,
2008-08-13,,,,,,,120.916489,118.919861,120.065514,,,,,,,,,,166.718994,,,14.373380,
2008-08-14,,,,,,,120.855026,119.335457,120.051826,,,,,,,,,,166.705994,,,14.054058,
2008-08-15,,,,,,,121.132866,119.707077,120.105583,,,,,,,,,,166.932007,,,14.109089,
2008-08-18,,,,,,,121.360222,120.030304,120.159309,,,,,,,,,,167.231003,,,14.063947,
2008-08-19,,,,,,,121.264206,119.877846,120.202118,,,,,,,,,,166.893005,,,13.933516,
2008-08-20,,,,,,,121.531090,120.309547,120.202118,,,,,,,,,,167.365997,,,13.561786,
2008-08-21,,,,,,,121.129478,119.947487,120.058220,,,,,,,,,,167.044998,,,13.626164,
2008-08-22,,,,,,,120.808670,119.674072,119.962616,,,,,,,,,,166.757004,,,13.512885,
2008-08-25,,,,,,,120.807037,119.674072,119.962616,,,,,,,,,,166.757004,,,13.772412,
2008-08-26,,,,,,,121.662468,120.436348,120.223053,,,,,,,,,,167.268005,,,13.639481,
2008-08-27,,,,,,,121.109276,120.631348,117.678841,,,,,,,,,,166.220993,,,13.672245,
2008-08-28,,,,,,,121.125282,120.451767,117.610542,,,,,,,,,,166.339996,,,13.708299,
2008-08-29,,,,,,,121.152229,120.243568,117.691566,,,,,,,,,,166.223999,,,14.005960,
2008-09-01,,,,,,,121.557213,120.243568,117.842743,,,,,,,,,,166.291000,,,14.058165,
2008-09-02,,,,,,,121.296158,120.958229,117.776253,,,,,,,,,,165.679993,,,13.990085,
2008-09-03,,,,,,,121.518501,121.428070,117.811783,,,,,,,,,,165.899994,,,14.062938,
2008-09-04,,,,,,,122.104477,121.864899,117.959297,,,,,,,,,,166.832993,,,14.127381,
2008-09-05,,,,,,,122.666931,121.660416,118.117744,,,,,,,,,,167.052002,,,13.747446,
2008-09-08,,,,,,,122.062401,121.521904,117.972939,,,,,,,,,,166.376007,,,13.565692,
2008-09-09,,,,,,,122.371407,122.110458,118.087677,,,,,,,,,,166.485001,,,14.190414,
2008-09-10,,,,,,,122.299011,121.727859,118.113182,,,,,,,,,,166.362000,,,13.821177,
2008-09-11,,,,,,,122.096069,121.917702,118.114998,,,,,,,,,,165.953995,,,13.817272,
2008-09-12,,,,,,,121.175774,121.023476,117.921951,,,,,,,,,,164.514999,,,13.728812,
2008-09-15,,,,,,,122.234177,123.349876,118.435532,,,,,,,,,,165.233994,,,13.971588,
2008-09-16,,,,,,,122.611382,123.110954,118.447372,,,,,,,,,,165.473999,,,13.171290,
2008-09-17,,,,,,,122.583580,123.945053,118.495636,,,,,,,,,,165.475006,,,13.387023,
2008-09-18,,,,,,,122.407616,123.728851,118.448280,,,,,,,,,,164.992996,,,12.926569,
2008-09-19,,,,,,,120.945946,120.658447,117.969299,,,,,,,,,,163.492996,,,13.605173,
2008-09-22,,,,,,,120.582222,120.207680,117.982964,,,,,,,,,,163.546997,,,14.186917,
2008-09-23,,,,,,,120.700928,120.077934,118.160545,,,,,,,,,,164.001999,,,13.643581,
2008-09-24,,,,,,,121.482292,120.760323,118.412766,,,,,,,,,,164.964996,,,13.473866,
2008-09-25,,,,,,,120.883636,119.992142,118.340836,,,,,,,,,,164.151993,,,13.385475,
2008-09-26,,,,,,,121.374527,120.330078,118.647705,,,,,,,,,,165.041000,,,13.550888,
2008-09-29,,,,,,,122.794090,122.145630,119.093895,,,,,,,,,,165.550003,,,12.734318,
2008-09-30,,,,,,,122.348686,120.184235,119.024712,,,,,,,,,,164.725006,,,12.948566,
2008-10-01,,,,,,,122.769669,121.046158,119.197701,,,,,,,,,,164.554001,,,12.859836,
2008-10-02,,,,,,,123.250458,121.724190,119.480904,,,,,,,,,,164.514008,,,12.327942,
2008-10-03,,,,,,,123.390205,121.815796,119.559212,,,,,,,,,,164.460999,,,11.944914,
2008-10-06,,,,,,,124.984077,123.942116,120.070969,,,,,,,,,,165.350006,,,11.224060,
2008-10-07,,,,,,,124.757576,123.217949,119.866989,,,,,,,,,,165.151993,,,10.823609,
2008-10-08,,,,,,,124.601807,121.096756,120.152924,,,,,,,,,,164.397003,,,10.365447,
2008-10-09,,,,,,,123.950134,119.813324,120.040924,,,,,,,,,,163.442993,,,9.770988,
2008-10-10,,,,,,,123.172951,119.660873,120.155655,,,,,,,,,,159.992004,,,9.913870,
2008-10-13,,,,,,,122.348686,119.672630,119.927994,,,,,,,,,,160.524002,,,10.467761,
2008-10-14,,,,,,,122.074188,118.198608,119.858810,,,,,,,,,,160.432999,,,10.386096,
2008-10-15,,,,,,,122.303207,118.107033,120.051826,,,,,,,,,,160.190002,,,9.592120,
2008-10-16,,,,,,,122.956604,118.648651,120.476189,,,,,,,,,,159.638000,,,9.577529,
2008-10-17,,,,,,,123.157829,118.573143,120.348724,,,,,,,,,,159.052002,,,9.611156,
2008-10-20,,,,,,,123.304337,119.256310,120.484383,,,,,,,,,,159.229996,,,9.754037,
2008-10-21,,,,,,,123.653740,120.931122,120.552696,,,,,,,,,,159.817001,,,9.631073,
2008-10-22,,,,,,,124.995018,121.660416,120.740265,,,,,,,,,,161.660995,,,8.907997,
2008-10-23,,,,,,,124.722198,122.530434,120.683807,,,,,,,,,,161.686996,,,8.713257,
2008-10-24,,,,,,,125.098595,121.430267,120.814041,,,,,,,,,,161.449997,,,8.088867,
2008-10-27,,,,,,,125.004257,121.282913,120.917824,,,,,,,,,,161.052994,,,8.329755,
2008-10-28,,,,,,,124.976494,120.537506,120.871407,,,,,,,,,,158.615005,,,8.329755,
2008-10-29,,,,,,,122.297310,118.539429,120.824051,,,,,,,,,,157.360001,,,8.266255,
2008-10-30,,,,,,,122.500267,117.867332,120.979744,,,,,,,,,,158.246994,,,8.698256,
2008-10-31,,,,,,,121.041084,117.516968,120.744827,,,,,,,,,,155.505997,,,9.052359,
2008-11-03,,,,,,,121.704582,118.119461,120.793076,,,,,,,,,,156.408005,,,9.035674,
2008-11-04,,,,,,,122.016129,119.383820,120.825874,,,,,,,,,,156.246002,,,9.425498,
2008-11-05,,,,,,,122.658539,119.862442,120.970657,,,,,,,,,,157.145996,,,9.051820,
2008-11-06,,,,,,,123.503036,119.713654,121.176437,,,,,,,,,,158.210999,,,8.522348,
2008-11-07,,,,,,,123.904648,119.151482,121.278419,,,,,,,,,,158.298004,,,8.700274,
2008-11-10,,,,,,,124.061279,119.483528,121.360374,,,,,,,,,,158.731995,,,8.352291,
2008-11-11,,,,,,,124.184196,119.483528,121.461456,,,,,,,,,,158.384003,,,8.080056,
2008-11-12,,,,,,,124.434273,120.438583,121.567085,,,,,,,,,,158.302002,,,7.750101,
2008-11-13,,,,,,,124.302071,119.998077,121.542496,,,,,,,,,,157.317993,,,7.955675,
2008-11-14,,,,,,,124.799698,120.585136,121.662704,,,,,,,,,,158.192993,,,7.589195,
2008-11-17,,,,,,,124.688576,121.145149,121.700958,,,,,,,,,,158.649994,,,7.403601,
2008-11-18,,,,,,,124.786186,122.375763,121.652672,,,,,,,,,,159.171005,,,7.258770,
2008-11-19,,,,,,,125.725853,123.494293,121.710052,,,,,,,,,,160.408997,,,6.749480,
2008-11-20,,,,,,,126.672234,125.509949,121.917671,,,,,,,,,,161.457993,,,6.288533,
2008-11-21,,,,,,,126.520706,125.154434,121.782921,,,,,,,,,,159.981003,,,6.440015,
2008-11-24,,,,,,,126.156097,123.722961,121.653595,,,,,,,,,,157.929993,,,7.035908,
2008-11-25,,,,,,,126.759796,125.803879,121.607162,,,,,,,,,,157.817001,,,7.252113,
2008-11-26,,,,,,,127.305382,126.539795,121.726448,,,,,,,,,,157.481995,,,7.507866,
2008-11-27,,,,,,,127.124352,126.539795,121.709160,,,,,,,,,,157.522003,,,7.591280,
2008-11-28,,,,,,,127.280952,126.987595,121.731918,,,,,,,,,,157.675003,,,7.669381,
2008-12-01,,,,,,,128.042145,129.193085,121.875793,,,,,,,,,,159.192001,,,6.869825,
2008-12-02,,,,,,,128.975021,129.416672,121.865776,,,,,,,,,,160.970993,,,7.128201,
2008-12-03,,,,,,,129.315216,129.732559,121.974136,,,,,,,,,,163.841003,,,7.232605,
2008-12-04,,,,,,,128.640808,130.686859,121.873955,,,,,,,,,,163.263000,,,7.097865,
2008-12-05,,,,,,,129.039856,129.519226,121.987793,,,,,,,,,,163.266998,,,7.382880,
2008-12-08,,,,,,,127.718803,128.877182,121.465088,,,,,,,,,,161.832001,,,7.955474,
2008-12-09,,,,,,,127.032616,129.553009,121.539780,,,,,,,,,,161.360992,,,7.652628,
2008-12-10,,,,,,,127.525177,129.396118,121.710052,,,,,,,,,,161.936005,,,8.109853,
2008-12-11,,,,,,,127.537758,130.169434,121.833008,,,,,,,,,,162.811996,,,7.628278,
2008-12-12,,,,,,,126.655380,130.703003,121.630836,,,,,,,,,,163.044006,,,7.820196,
2008-12-15,,,,,,,127.248985,131.347290,121.827515,,,,,,,,,,163.673996,,,7.829275,
2008-12-16,,,,,,,127.866196,133.811478,121.913132,,,,,,,,,,164.574997,,,8.281387,
2008-12-17,,,,,,,129.472656,134.441818,122.403938,,,,,,,,,,166.595001,,,8.497121,
2008-12-18,,,,,,,129.361511,135.550079,122.403046,,,,,,,,,,166.389008,,,8.294310,
2008-12-19,,,,,,,129.188080,134.942459,122.510475,,,,,,,,,,164.654999,,,8.428975,
2008-12-22,,,,,,,129.979553,134.821564,122.573311,,,,,,,,,,165.483002,,,8.213313,
2008-12-23,,,,,,,130.018234,134.660248,122.675301,,,,,,,,,,165.264999,,,8.260267,
2008-12-24,,,,,,,130.018234,134.360504,122.675301,,,,,,,,,,165.264999,,,8.273251,
2008-12-29,,,,,,,130.355911,135.338959,122.764542,,,,,,,,,,165.858994,,,8.130912,
2008-12-30,,,,,,,129.970276,135.316986,122.666191,,,,,,,,,,165.339996,,,8.270359,
2008-12-31,,,,,,,129.970276,133.663406,122.666191,,,,,,,,,,165.339996,,,8.445189,
2009-01-02,,,,,,,129.437286,92.111679,122.749054,,,,,,,,,,165.000000,,,6.249269,
2009-01-05,,,,,,,129.993027,90.271927,122.794594,,,,,,,,,,165.470001,,,6.437620,
2009-01-06,,,,,,,129.252029,88.813324,122.758171,,,,,,,,,,163.080002,,,8.789948,
2009-01-07,,,,,,,128.410065,86.438515,122.967583,,,,,,,,,,163.919998,,,6.504889,
2009-01-08,,,,,,,128.494263,86.870972,123.076874,,,,,,,,,,166.000000,,,6.323264,
2009-01-09,,,,,,,129.706726,86.834335,123.568588,,,,,,,,,,167.460007,,,6.303082,
2009-01-12,,,,,,,129.664658,89.473007,123.585938,,,,,,,,,,167.809998,,,6.262722,
2009-01-13,,,,,,,130.152969,91.364044,123.413788,,,,,,,,,,167.000000,,,5.865837,
2009-01-14,,,,,,,130.548691,91.987068,123.550377,,,,,,,,,,166.289993,,,7.524811,
2009-01-15,,,,,,,130.573959,91.957756,123.750702,,,,,,,,,,166.009995,,,5.711117,
2009-01-16,,,,,,,130.245605,89.744202,123.760910,,,,,,,,,,164.449997,,,7.691268,
2009-01-19,,,,,,,129.824615,89.582939,123.677879,,,,,,,,,,164.699997,,,7.682620,
2009-01-20,,,,,,,129.319458,94.310570,123.667130,,,,,,,,,,165.009995,,,7.122747,
2009-01-21,,,,,,,129.656189,96.062355,123.841774,,,,,,,,,,164.250000,,,7.382586,
2009-01-22,,,,,,,128.645844,94.435173,123.796249,,,,,,,,,,162.630005,,,5.751479,
2009-01-23,,,,,,,128.578537,94.977570,123.932838,,,,,,,,,,161.330002,,,5.542945,
2009-01-26,,,,,,,126.768242,93.255089,123.413788,,,,,,,,,,160.789993,,,7.399914,
2009-01-27,,,,,,,127.382858,92.119019,123.586823,,,,,,,,,,162.330002,,,5.596763,
2009-01-28,,,,,,,128.090164,91.613258,123.686981,,,,,,,,,,163.679993,,,5.731300,
2009-01-29,,,,,,,128.073303,90.601761,123.878197,,,,,,,,,,164.710007,,,7.416958,
2009-01-30,,,,,,,127.896492,89.216469,124.114952,,,,,,,,,,164.800003,,,5.724574,
2009-02-02,,,,,,,127.854355,90.887627,124.124069,,,,,,,,,,165.699997,,,7.214265,
2009-02-03,,,,,,,128.207977,89.018562,124.306183,,,,,,,,,,165.000000,,,5.529494,
2009-02-04,,,,,,,127.787003,87.926453,124.114952,,,,,,,,,,165.369995,,,5.563126,
2009-02-05,,,,,,,128.224823,87.252136,124.169594,,,,,,,,,,164.800003,,,6.920457,
2009-02-06,,,,,,,127.989113,86.482491,124.369911,,,,,,,,,,164.619995,,,7.248486,
2009-02-09,,,,,,,127.719620,84.833321,124.315308,,,,,,,,,,164.369995,,,5.664030,
2009-02-10,,,,,,,128.090164,87.706551,124.360809,,,,,,,,,,164.000000,,,5.603488,
2009-02-11,,,,,,,129.429001,90.059380,124.451859,,,,,,,,,,164.000000,,,7.028861,
2009-02-12,,,,,,,130.211914,90.953590,124.533836,,,,,,,,,,164.860001,,,5.314232,
2009-02-13,,,,,,,129.521454,89.326416,124.542946,,,,,,,,,,164.350006,,,6.759030,
2009-02-16,,,,,,,130.312988,90.594437,124.697739,,,,,,,,,,164.529999,,,5.260418,
2009-02-17,,,,,,,130.792908,91.693886,124.788803,,,,,,,,,,164.289993,,,5.152787,
2009-02-18,,,,,,,130.767639,91.459328,124.779701,,,,,,,,,,163.160004,,,5.031704,
2009-02-19,,,,,,,130.060379,90.183960,124.479210,,,,,,,,,,162.850006,,,4.991344,
2009-02-20,,,,,,,130.262466,90.902283,124.706841,,,,,,,,,,163.500000,,,4.802989,
2009-02-23,,,,,,,130.388763,88.959930,124.706841,,,,,,,,,,162.839996,,,4.782809,
2009-02-24,,,,,,,131.104401,90.074036,124.725090,,,,,,,,,,161.910004,,,4.782809,
2009-02-25,,,,,,,131.104401,90.425858,122.894753,,,,,,,,,,162.699997,,,4.903893,
2009-02-26,,,,,,,131.104401,88.901306,122.894753,,,,,,,,,,161.729996,,,4.944254,
2009-02-27,,,,,,,129.824615,89.282417,122.894753,,,,,,,,,,162.339996,,,4.944254,
2009-03-02,,,,,,,130.422394,91.979736,122.894753,,,,,,,,,,162.970001,,,4.628090,
2009-03-03,,,,,,,130.304520,91.811150,123.113281,,,,,,,,,,162.910004,,,4.560823,
2009-03-04,,,,,,,129.715179,89.883446,123.140625,,,,,,,,,,162.960007,,,4.560823,
2009-03-05,,,,,,,130.531860,91.290749,123.095047,,,,,,,,,,163.070007,,,4.513734,
2009-03-06,,,,,,,131.213882,91.701210,123.167923,,,,,,,,,,163.429993,,,4.204298,
2009-03-09,,,,,,,131.239166,92.895950,123.067772,,,,,,,,,,164.169998,,,4.217752,
2009-03-10,,,,,,,130.489746,92.338898,122.967583,,,,,,,,,,163.649994,,,4.372469,
2009-03-11,,,,,,,129.967758,92.404854,122.967583,,,,,,,,,,163.100006,,,4.372469,
2009-03-12,,,,,,,130.641312,93.401688,122.994942,,,,,,,,,,164.000000,,,4.634819,
2009-03-13,,,,,,,130.018234,92.360878,122.967583,,,,,,,,,,164.350006,,,4.769356,
2009-03-16,,,,,,,129.892014,90.931602,123.004028,,,,,,,,,,164.800003,,,4.850077,
2009-03-17,,,,,,,129.765686,91.598602,123.049545,,,,,,,,,,165.330002,,,4.728994,
2009-03-18,,,,,,,129.504654,91.825821,123.022247,,,,,,,,,,164.250000,,,4.742448,
2009-03-19,,,,,,,130.860229,91.026878,123.140625,,,,,,,,,,165.860001,,,4.735721,
2009-03-20,,,,,,,131.020218,91.151497,123.331841,,,,,,,,,,166.660004,,,4.735721,
2009-03-23,,,,,,,131.474884,90.997566,123.195244,,,,,,,,,,166.850006,,,4.742448,
2009-03-24,,,,,,,130.439255,88.923279,123.085983,,,,,,,,,,165.630005,,,4.863533,
2009-03-25,,,,,,,130.413971,89.773529,123.131508,,,,,,,,,,165.710007,,,4.917348,
2009-03-26,,,,,,,130.413971,90.125336,123.186127,,,,,,,,,,166.350006,,,4.897166,
2009-03-27,,,,,,,130.767639,91.569267,123.313622,,,,,,,,,,167.289993,,,4.897166,
2009-03-30,,,,,,,131.121246,92.192284,123.404686,,,,,,,,,,165.229996,,,4.897166,
2009-03-31,,,,,,,131.474884,91.605934,123.359192,,,,,,,,,,166.449997,,,4.897166,
2009-04-01,,,,,,,131.474884,91.364044,123.386490,,,,,,,,,,166.850006,,,4.850077,
2009-04-02,,,,,,,130.228775,88.813324,123.195244,,,,,,,,,,166.350006,,,5.112425,
2009-04-03,,,,,,,130.304520,87.721222,123.031326,,,,,,,,,,166.169998,,,5.112425,
2009-04-06,,,,,,,129.824615,87.662567,122.940277,,,,,,,,,,167.059998,,,5.361320,
2009-04-07,,,,,,,130.060379,87.589279,123.049545,,,,,,,,,,166.589996,,,5.334415,
2009-04-08,,,,,,,130.043533,88.417549,123.049545,,,,,,,,,,166.570007,,,5.213330,
2009-04-09,,,,,,,129.681488,88.432213,123.049545,,,,,,,,,,166.690002,,,5.361320,
2009-04-14,,,,,,,129.681488,87.611267,123.395592,,,,,,,,,,167.369995,,,5.731300,
2009-04-15,,,,,,,130.540268,87.142181,123.432007,,,,,,,,,,167.779999,,,5.542945,
2009-04-16,,,,,,,130.540268,87.567291,123.422897,,,,,,,,,,167.479996,,,5.711117,
2009-04-17,,,,,,,130.422394,87.442696,123.331841,,,,,,,,,,167.509995,,,5.933105,
2009-04-20,,,,,,,130.531860,89.516968,123.395592,,,,,,,,,,168.199997,,,5.879291,
2009-04-21,,,,,,,130.944397,88.615440,123.432007,,,,,,,,,,168.479996,,,5.556398,
2009-04-22,,,,,,,130.616089,89.062538,123.249870,,,,,,,,,,168.190002,,,5.791842,
2009-04-23,,,,,,,130.498169,88.175659,123.258987,,,,,,,,,,168.009995,,,5.724574,
2009-04-24,,,,,,,130.557098,87.493988,123.413788,,,,,,,,,,168.820007,,,5.724574,
2009-04-27,,,,,,,131.314911,87.816505,123.432007,,,,,,,,,,168.320007,,,5.751479,
2009-04-28,,,,,,,128.915283,87.010246,123.586823,,,,,,,,,,168.350006,,,5.684210,
2009-04-29,,,,,,,128.940552,85.683571,123.623222,,,,,,,,,,168.289993,,,5.630396,
2009-04-30,,,,,,,128.940552,84.782021,123.495720,,,,,,,,,,169.559998,,,5.630396,
2009-05-01,,,,,,,128.940552,83.968445,123.495720,,,,,,,,,,169.559998,,,5.630396,
2009-05-04,,,,,,,128.292206,83.968445,123.532181,,,,,,,,,,169.470001,,,5.818747,
2009-05-05,,,,,,,128.612183,83.228149,123.595917,,,,,,,,,,169.559998,,,5.939834,
2009-05-06,,,,,,,128.502701,83.286774,123.714287,,,,,,,,,,169.600006,83.493446,,6.047460,
2009-05-07,,,,,,,127.433380,83.206161,123.686981,,,,,,,,,,169.330002,83.493446,,6.141638,
2009-05-08,,,,,,,127.003960,82.649086,123.859993,,,,,,,,,,169.570007,83.596077,,6.141638,
2009-05-11,,,,,,,127.551270,82.781044,123.878197,,,,,,,,,,169.600006,83.596077,,5.946559,
2009-05-12,,,,,,,127.256584,82.128716,123.832680,,,,,,,,,,169.559998,83.943436,,5.939834,
2009-05-13,,,,,,,127.643898,83.213478,123.932838,,,,,,,,,,169.669998,84.314491,,5.939834,
2009-05-14,,,,,,,127.904892,83.096207,123.932838,,,,,,,,,,170.039993,84.219757,,5.583308,
2009-05-15,,,,,,,127.559700,82.546486,124.023903,,,,,,,,,,170.309998,84.290794,,5.697663,
2009-05-18,,,,,,,127.871231,82.165352,124.114952,,,,,,,,,,171.320007,84.425026,,5.785113,
2009-05-19,,,,,,,127.088188,80.464851,123.969276,,,,,,,,,,171.550003,84.259224,,5.785113,
2009-05-20,,,,,,,126.692436,79.526672,123.951057,,,,,,,,,,171.539993,84.472389,,5.960012,
2009-05-21,,,,,,,126.692436,79.651276,124.087639,,,,,,,,,,171.610001,84.598709,,5.731300,
2009-05-22,,,,,,,126.793503,77.569649,123.905533,,,,,,,,,,172.000000,84.709221,,5.751479,
2009-05-25,,,,,,,125.985191,77.569649,123.768921,,,,,,,,,,171.399994,84.709221,,5.731300,
2009-05-26,,,,,,,126.077820,77.071251,123.723404,,,,,,,,,,170.500000,84.432907,,5.731300,
2009-05-27,,,,,,,125.850464,76.103722,123.814461,,,,,,,,,,169.990005,84.480278,,6.040736,
2009-05-28,,,,,,,125.623154,75.898514,123.714287,,,,,,,,,,170.580002,84.480278,,5.966737,
2009-05-29,,,,,,,125.985191,75.715263,123.896416,,,,,,,,,,170.500000,84.551315,,6.040736,
2009-06-01,,,,,,,125.917824,73.699600,123.841774,,,,,,,,,,170.500000,84.788170,,6.040736,
2009-06-02,,,,,,,125.665199,73.142548,123.960167,,,,,,,,,,169.520004,84.922379,,6.255996,
2009-06-03,,,,,,,126.204079,74.315285,123.941940,,,,,,,,,,170.610001,85.443436,,6.168545,
2009-06-04,,,,,,,125.656807,74.674454,123.741600,,,,,,,,,,169.110001,85.261848,,6.188724,
2009-06-05,,,,,,,125.623154,74.322624,123.532181,,,,,,,,,,168.729996,84.835533,,6.323264,
2009-06-08,,,,,,,125.117966,74.821060,123.477531,,,,,,,,,,169.220001,84.709221,,6.215634,
2009-06-09,,,,,,,125.210579,73.443069,123.477531,,,,,,,,,,170.369995,84.946060,,6.188724,
2009-06-10,,,,,,,125.210579,72.732109,123.550377,,,,,,,,,,169.470001,85.127647,,6.188724,
2009-06-11,,,,,,,124.747467,71.757240,123.623222,,,,,,,,,,169.160004,85.025017,,6.188724,
2009-06-12,,,,,,,125.757889,72.776062,123.586823,,,,,,,,,,170.130005,84.772385,,6.128183,
2009-06-15,,,,,,,126.524063,73.934151,123.741600,,,,,,,,,,170.080002,85.324989,,6.074370,
2009-06-16,,,,,,,126.414574,73.377098,123.796249,,,,,,,,,,169.179993,85.577637,,6.047460,
2009-06-17,,,,,,,126.810333,74.667114,123.869087,,,,,,,,,,169.949997,85.601311,,5.865837,
2009-06-18,,,,,,,126.246223,73.281807,123.896416,,,,,,,,,,169.389999,85.775009,,5.859110,
2009-06-19,,,,,,,126.810333,72.922684,124.023903,,,,,,,,,,170.380005,85.538139,,5.919652,
2009-06-22,,,,,,,127.138680,73.780228,124.096756,,,,,,,,,,170.350006,85.932899,,5.778387,
2009-06-23,,,,,,,127.012390,74.154045,124.042107,,,,,,,,,,169.610001,85.814461,,5.704391,
2009-06-24,,,,,,,127.281845,73.377098,124.233299,,,,,,,,,,169.940002,84.788170,,5.886017,
2009-06-25,,,,,,,127.551270,74.227333,124.351723,,,,,,,,,,170.559998,84.867126,,5.953286,
2009-06-26,,,,,,,128.014343,74.161369,124.333504,,,,,,,,,,171.190002,84.811859,,5.973465,
2009-06-29,,,,,,,128.241669,74.051422,124.251541,,,,,,,,,,171.210007,85.025017,,6.060915,
2009-06-30,,,,,,,128.207977,74.432579,124.278854,,,,,,,,,,171.919998,84.953949,,5.973465,
2009-07-01,,,,,,,128.005951,73.919495,124.360809,,,,,,,,,,171.610001,85.206596,,6.054188,
2009-07-02,,,,,,,128.755249,75.026268,124.643082,,,,,,,,,,172.500000,85.482910,,5.912923,
2009-07-03,,,,,,,128.679504,75.165543,124.606674,,,,,,,,,,172.509995,85.427650,,5.892743,
2009-07-06,,,,,,,128.991058,75.473381,124.725090,,,,,,,,,,172.410004,85.735535,,5.892743,
2009-07-07,,,,,,,128.822632,75.971794,124.661316,,,,,,,,,,172.259995,85.767090,,5.845656,
2009-07-08,,,,,,,129.125793,77.027267,124.770599,,,,,,,,,,172.279999,85.861847,,5.704391,
2009-07-09,,,,,,,128.889999,76.199005,124.670441,,,,,,,,,,172.179993,85.782913,,5.704391,
2009-07-10,,,,,,,129.302582,77.144524,124.743271,,,,,,,,,,172.139999,85.972359,,5.637124,
2009-07-13,,,,,,,129.151016,76.990608,124.706841,,,,,,,,,,172.089996,86.051315,,5.758205,
2009-07-14,,,,,,,128.898422,75.751907,124.670441,,,,,,,,,,171.529999,86.043396,,5.906198,
2009-07-15,,,,,,,128.477448,74.432579,124.633987,,,,,,,,,,171.130005,86.019737,,6.047460,
2009-07-16,,,,,,,128.974182,74.806389,124.770599,,,,,,,,,,172.270004,86.564461,,6.020555,
2009-07-17,,,,,,,128.477448,74.674454,124.734169,,,,,,,,,,171.490005,86.130264,,6.060915,
2009-07-20,,,,,,,128.452133,73.750900,124.743271,,,,,,,,,,171.929993,86.232872,,6.161821,
2009-07-21,,,,,,,128.965775,74.857689,124.870766,,,,,,,,,,171.880005,86.580238,,6.168545,
2009-07-22,,,,,,,128.991058,74.806389,124.861671,,,,,,,,,,171.750000,86.746040,,6.148365,
2009-07-23,,,,,,,128.384811,73.684944,124.807007,,,,,,,,,,171.179993,86.588150,,6.350170,
2009-07-24,,,,,,,128.300598,73.941483,124.770599,,,,,,,,,,171.610001,86.761826,,6.323264,
2009-07-27,,,,,,,128.241669,73.325783,124.679512,,,,,,,,,,171.669998,86.880241,,6.377079,
2009-07-28,,,,,,,128.915283,74.329941,124.797913,,,,,,,,,,172.529999,87.038124,,6.383806,
2009-07-29,,,,,,,128.991058,74.505852,124.816109,,,,,,,,,,172.000000,87.472336,,6.323264,
2009-07-30,,,,,,,128.957336,73.545677,124.807007,,,,,,,,,,172.820007,87.527626,,6.538523,
2009-07-31,,,,,,,129.984573,73.626305,124.925392,,,,,,,,,,174.179993,87.985489,,6.491434,
2009-08-03,,,,,,,129.546768,72.065102,124.725090,,,,,,,,,,173.550003,87.906540,,6.551978,
2009-08-04,,,,,,,129.479385,71.610649,124.597565,,,,,,,,,,173.570007,87.922333,,6.666336,
2009-08-05,,,,,,,129.639389,71.735260,124.552040,,,,,,,,,,174.020004,87.977600,,6.720151,
2009-08-06,,,,,,,129.361511,72.109062,124.488297,,,,,,,,,,173.710007,87.906540,,6.969043,
2009-08-07,,,,,,,128.224823,71.823196,124.251541,,,,,,,,,,173.080002,87.527626,,7.036312,
2009-08-10,,,,,,,128.805801,73.039940,124.415482,,,,,,,,,,174.190002,87.851280,,7.056492,
2009-08-11,,,,,,,128.822632,73.633636,124.524712,,,,,,,,,,173.809998,88.056549,,6.874870,
2009-08-12,,,,,,,128.898422,73.399078,124.579338,,,,,,,,,,173.919998,88.088120,,6.982497,
2009-08-13,,,,,,,129.226776,73.457710,124.706841,,,,,,,,,,174.300003,88.206543,,6.955592,
2009-08-14,,,,,,,130.035095,74.498512,124.825226,,,,,,,,,,174.880005,88.403908,,6.847958,
2009-08-17,,,,,,,130.270828,75.634636,124.797913,,,,,,,,,,175.309998,88.506546,,6.760513,
2009-08-18,,,,,,,130.211914,74.395927,124.797913,,,,,,,,,,174.869995,88.482857,,6.773963,
2009-08-19,,,,,,,130.607651,74.960304,124.870766,,,,,,,,,,175.479996,88.546013,,6.679790,
2009-08-20,,,,,,,130.573959,74.821060,124.925392,,,,,,,,,,175.520004,88.609146,,6.814325,
2009-08-21,,,,,,,130.195099,74.403252,124.770599,,,,,,,,,,175.279999,88.285484,,6.982497,
2009-08-24,,,,,,,130.253998,74.886993,124.861671,,,,,,,,,,175.580002,88.332840,,7.056492,
2009-08-25,,,,,,,130.590805,75.282814,124.907188,,,,,,,,,,176.000000,88.569687,,7.049767,
2009-08-26,,,,,,,130.978134,76.470200,123.614105,,,,,,,,,,176.199997,88.632851,,7.036312,
2009-08-27,,,,,,,130.877075,76.411575,123.595917,,,,,,,,,,175.690002,88.617035,,7.022860,
2009-08-28,,,,,,,130.725540,75.876503,123.577728,,,,,,,,,,175.729996,88.743393,,7.090129,
2009-08-31,,,,,,,130.683411,75.876503,123.614105,,,,,,,,,,176.250000,88.782845,,6.995953,
2009-09-01,,,,,,,130.826569,76.975945,123.723404,,,,,,,,,,175.809998,88.932846,,6.861413,
2009-09-02,,,,,,,130.767639,76.638779,123.677879,,,,,,,,,,175.669998,88.948631,,6.800873,
2009-09-03,,,,,,,130.531860,76.455559,123.778015,,,,,,,,,,175.160004,88.853897,,6.794144,
2009-09-04,,,,,,,130.632919,76.199005,123.850853,,,,,,,,,,175.440002,88.924965,,6.935409,
2009-09-07,,,,,,,130.700226,75.788559,123.969276,,,,,,,,,,175.770004,89.051262,,7.063221,
2009-09-08,,,,,,,130.388763,74.923653,124.014809,,,,,,,,,,175.729996,89.043350,,7.056492,
2009-09-09,,,,,,,129.833023,74.520523,123.960167,,,,,,,,,,175.570007,88.909164,,7.164124,
2009-09-10,,,,,,,130.456070,74.828362,124.060318,,,,,,,,,,175.690002,88.830200,,7.177578,
2009-09-11,,,,,,,131.121246,75.150887,124.096756,,,,,,,,,,176.399994,89.106514,,7.258303,
2009-09-14,,,,,,,130.851807,75.084915,124.005676,,,,,,,,,,176.419998,89.138107,,7.217939,
2009-09-15,,,,,,,130.641312,75.641930,124.023903,,,,,,,,,,176.750000,89.161789,,7.291935,
2009-09-16,,,,,,,130.380310,75.172867,124.005676,,,,,,,,,,177.350006,89.114426,,7.466834,
2009-09-17,,,,,,,130.152969,75.106903,123.960167,,,,,,,,,,176.350006,89.114426,,7.527374,
2009-09-18,,,,,,,130.228775,76.389587,123.951057,,,,,,,,,,176.660004,89.161789,,7.460106,
2009-09-21,,,,,,,130.051910,76.455559,124.023903,,,,,,,,,,176.440002,89.185463,,7.413020,
2009-09-22,,,,,,,129.993027,75.693245,124.042107,,,,,,,,,,176.240005,89.232826,,7.419744,
2009-09-23,,,,,,,130.253998,75.656631,124.078506,,,,,,,,,,176.119995,89.422310,,7.392835,
2009-09-24,,,,,,,130.860229,77.679619,124.187813,,,,,,,,,,176.630005,89.690697,,7.211210,
2009-09-25,16.990000,,,,,,131.281219,78.126709,124.151360,,,,,,,,,,177.139999,89.738106,,7.217939,
2009-09-28,16.990000,,,,,,131.171753,78.691093,124.160500,,,,,,,,,,176.699997,89.714394,,7.339022,
2009-09-29,16.990000,,,,,,131.399109,78.764397,124.114952,,,,,,,,,,177.179993,89.817039,,7.392835,
2009-09-30,16.990000,,,,,,131.365402,78.515167,124.105850,,,,,,,,,,177.830002,89.880219,,7.332295,
2009-10-01,16.990000,,,,,,131.836960,79.145538,124.133171,,,,,,,,,,178.160004,90.045959,,7.204484,
2009-10-02,16.990000,,,,,,132.097977,79.709915,124.142265,,,,,,,,,,178.710007,89.951256,,7.056492,
2009-10-05,16.990000,,,,,,132.165314,79.709915,124.178696,,,,,,,,,,179.009995,90.093353,,7.110308,
2009-10-06,16.990000,,,,,,131.921097,79.226158,124.151360,,,,,,,,,,178.580002,90.117043,,7.258303,
2009-10-07,16.990000,,,,,,132.367355,79.621964,124.169594,,,,,,,,,,179.050003,90.251244,,7.217939,
2009-10-08,16.990000,,,,,,132.426315,78.859680,124.142265,,,,,,,,,,178.919998,90.251244,,7.359202,
2009-10-09,16.990000,,,,,,131.643265,78.727730,123.932838,,,,,,,,,,178.139999,89.817039,,7.325569,
2009-10-12,16.990000,,,,,,131.870590,79.563309,124.014809,,,,,,,,,,178.639999,89.982811,,7.359202,
2009-10-13,16.990000,,25.200001,,,,131.971664,79.262802,124.069427,,,,,,,,,,177.979996,90.172310,,7.278479,
2009-10-14,17.200001,,25.684999,,,,131.508575,78.500519,123.996574,,,,,,,,,,177.320007,90.164398,,7.372656,
2009-10-15,17.150000,,25.770000,,,,130.792908,76.704750,123.887314,,,,,,,,,,176.160004,89.951256,,7.372656,
2009-10-16,17.090000,,25.535000,,,,131.020218,76.323608,123.841774,,,,,,,,,,176.330002,89.951256,,7.278479,
2009-10-19,17.320000,,25.959999,,,,130.952866,76.184349,123.814461,,,,,,,,,,176.440002,89.982811,,7.399563,
2009-10-20,17.200001,,25.780001,,,,131.676926,76.543510,123.978363,,,,,,,,,,177.080002,90.330200,,7.392835,
2009-10-21,17.250000,,25.995001,,,,130.910736,75.260788,123.887314,,,,,,,,,,176.039993,90.101250,,7.413020,
2009-10-22,17.010000,,25.680000,,,,131.230713,75.458702,123.951057,,,,,,,,,,176.369995,90.251244,,7.265026,
2009-10-23,16.950001,,25.545000,,,,130.784485,76.316269,123.905533,,,,,,,,,,175.539993,90.180206,,7.291935,
2009-10-26,16.840000,,25.215000,,,,130.826569,75.905823,123.987465,,,,,,,,,,175.300003,90.219688,,7.291935,
2009-10-27,16.889999,,25.290001,,,,131.550690,76.125710,124.114952,,,,,,,,,,175.949997,90.503883,,7.231391,
2009-10-28,16.610001,,24.815001,,,,129.698318,75.319466,124.178696,,,,,,,,,,176.309998,90.598618,,6.969043,
2009-10-29,16.760000,,25.295000,,,,128.974182,73.912155,124.005676,,,,,,,,,,175.710007,90.314392,,7.029587,
2009-10-30,16.520000,,24.775000,,,,129.790924,74.996941,124.142265,,,,,,,,,,176.669998,90.614395,,7.049767,
2009-11-02,16.549999,,24.820000,,,,129.799316,75.282814,124.133171,,,,,,,,,,176.380005,90.598618,,7.083400,
2009-11-03,16.520000,,24.549999,,,,129.521454,75.224159,124.151360,,,,,,,,,,175.990005,90.527550,,7.056492,
2009-11-04,16.680000,,24.995001,,,,129.226776,74.066078,124.133171,,,,,,,,,,176.119995,90.409134,,7.170850,
2009-11-05,16.740000,,25.135000,,,,129.016312,73.926811,124.133171,,,,,,,,,,176.240005,90.338081,,7.090129,
2009-11-06,16.790001,,25.180000,,,,128.881577,74.080742,124.215111,,,,,,,,,,176.229996,90.393364,,7.090129,
2009-11-09,17.000000,,25.684999,,,,129.285736,73.457710,124.306183,,,,,,,,,,176.750000,90.551231,,7.211210,
2009-11-10,17.070000,,25.680000,,,,129.656189,73.948792,124.342628,,,,,,,,,,177.330002,90.685455,,7.197759,
2009-11-11,17.150000,,25.775000,,,,129.664658,74.667114,124.369911,,,,,,,,,,177.389999,90.748611,,7.318841,
2009-11-12,17.139999,,25.775000,,,,129.563629,74.652473,124.406334,,,,,,,,,,177.130005,90.732811,,7.332295,
2009-11-13,17.200001,,25.775000,,,,129.319458,74.102745,124.415482,,,,,,,,,,176.330002,90.819656,,7.372656,
2009-11-16,17.370001,,26.295000,,,,129.715179,73.875511,124.406334,,,,,,,,,,176.419998,90.969650,,7.487013,
2009-11-17,17.360001,,26.235001,,,,130.152969,74.183357,124.424553,,,,,,,,,,176.869995,91.088074,,7.446654,
2009-11-18,17.260000,,26.145000,,,,130.094070,74.278633,124.442780,,,,,,,,,,177.070007,91.103867,,7.392835,
2009-11-19,17.040001,,25.709999,,,,130.161423,74.989624,124.415482,,,,,,,,,,176.809998,91.151230,,7.298660,
2009-11-20,16.990000,,25.754999,,,,130.186646,75.473381,124.333504,,,,,,,,,,177.100006,91.135452,,7.251574,
2009-11-23,17.250000,,26.010000,,,,130.077194,74.711098,124.297066,,,,,,,,,,177.350006,91.056488,,7.332295,
2009-11-24,17.129999,,25.865000,,,,130.346603,75.209503,124.369911,,,,,,,,,,177.259995,91.222290,,7.231391,
2009-11-25,17.180000,,26.004999,,,,130.355042,74.806389,124.287987,,,,,,,,,,177.050003,91.135452,,7.244847,
2009-11-26,17.059999,,25.730000,,,,131.003357,76.514206,124.397247,,,,,,,,,,177.350006,91.332817,,7.063221,
2009-11-27,16.980000,,25.410000,,,,131.087570,76.301628,124.397247,,,,,,,,,,177.770004,91.309128,,7.117035,
2009-11-30,16.860001,,25.045000,,,,131.171753,76.807373,124.406334,,,,,,,,,,178.389999,91.293335,,7.063221,
2009-12-01,17.180000,,25.559999,,,,131.314911,75.649284,124.470093,,,,,,,,,,179.080002,91.317032,,7.285206,
2009-12-02,17.250000,,25.850000,,,,131.247498,75.268150,124.515602,,,,,,,,,,179.440002,91.293335,,7.352476,
2009-12-03,17.230000,,25.775000,,,,131.079147,75.143547,124.415482,,,,,,,,,,179.539993,91.285446,,7.372656,
2009-12-04,17.389999,,26.055000,,,,130.439255,74.777054,124.369911,,,,,,,,,,178.770004,91.103867,,7.439928,
2009-12-07,17.400000,,25.980000,,,,130.969696,75.532036,124.406334,,,,,,,,,,179.320007,91.206497,,7.446654,
2009-12-08,17.260000,,25.520000,,,,131.289658,76.411575,124.570274,,,,,,,,,,178.699997,91.467033,,7.365930,
2009-12-09,17.180000,,25.260000,,,,131.289658,76.792702,124.542946,,,,,,,,,,177.789993,91.530182,,7.365930,
2009-12-10,17.360001,,25.580000,,,,130.902328,76.155045,124.479210,,,,,,,,,,177.529999,91.388077,,7.359202,
2009-12-11,17.469999,,25.690001,,,,130.860229,75.707916,124.497429,,,,,,,,,,177.860001,91.317032,,7.413020,
2009-12-14,17.570000,,25.895000,,,,131.045425,75.605324,124.542946,,,,,,,,,,177.669998,91.435425,,7.446654,
2009-12-15,17.639999,,25.900000,,,,130.599228,75.524696,124.542946,,,,,,,,,,177.000000,91.332817,,7.520650,
2009-12-16,17.740000,,26.219999,,,,131.121246,75.114227,124.679512,,,,,,,,,,178.300003,91.545959,,7.527374,
2009-12-17,17.690001,,25.860001,,,,131.584381,76.638779,124.807007,,,,,,,,,,178.929993,91.782814,,7.554284,
2009-12-18,17.639999,,25.805000,,,,131.626450,76.895348,124.779701,,,,,,,,,,179.289993,91.838058,,7.513923,
2009-12-21,17.879999,,26.145000,,,,131.053894,76.184349,124.734169,,,,,,,,,,179.089996,91.703850,,7.608097,
2009-12-22,17.980000,,26.320000,,,,130.750778,76.162376,124.761482,,,,,,,,,,179.149994,91.640701,,7.675366,
2009-12-23,17.990000,,26.415001,,,,130.245605,76.338272,124.752388,,,,,,,,,,178.600006,91.514389,,7.729182,
2009-12-24,17.980000,,26.459999,,,,130.565536,75.993790,124.934486,,,,,,,,,,178.910004,91.593307,,7.735909,
2009-12-28,18.090000,,26.580000,,,,129.993027,75.993790,124.852524,,,,,,,,,,178.250000,91.403839,,7.843537,
2009-12-29,18.129999,,26.620001,,,,129.875153,76.023094,124.615791,,,,,,,,,,178.580002,91.403839,,7.836810,
2009-12-30,18.080000,,26.559999,,,,129.656189,75.466042,124.552040,,,,,,,,,,178.259995,89.343353,,7.809902,
2009-12-31,18.070000,,26.584999,,,,130.296112,74.344597,124.488297,,,,,,,,,,179.139999,89.327591,,7.863719,
2010-01-04,18.240000,,26.980000,,,,129.639389,75.048248,124.524712,,,,,,,,,,178.059998,89.477554,,7.843537,
2010-01-05,18.280001,,26.940001,,,,129.892014,75.905823,124.615791,,,,,,,,,,177.990005,89.730202,,7.830085,
2010-01-06,18.320000,,27.020000,,,,129.706726,75.488037,124.615791,,,,,,,,,,177.729996,89.801270,,7.843537,
2010-01-07,18.360001,,26.980000,,,,130.001404,76.125710,124.715973,,,,,,,,,,178.029999,90.022285,,7.850265,
2010-01-08,18.410000,,27.080000,,,,129.950897,75.722572,124.752388,,,,,,,,,,177.710007,90.164398,,7.836810,
2010-01-11,18.290001,,27.105000,,,,130.262466,74.930977,124.807007,,,,,,,,,,177.830002,90.322289,,7.803174,
2010-01-12,18.219999,,26.799999,,,,130.540268,75.312126,124.861671,,,,,,,,,,178.229996,90.432831,,7.709002,
2010-01-13,18.260000,,26.930000,,,,130.557098,74.835686,124.898064,,,,,,,,,,177.669998,90.511780,,7.756089,
2010-01-14,18.400000,,27.120001,,,,130.523483,74.630455,124.925392,,,,,,,,,,177.669998,90.574913,,7.762815,
2010-01-15,18.320000,,26.757219,,,,130.834946,75.517334,124.980026,,,,,,,,,,177.270004,90.701248,,7.769540,
2010-01-18,18.410000,,27.000000,,,,130.994965,75.055595,124.970924,,,,,,,,,,177.279999,90.653877,,7.796452,
2010-01-19,18.600000,,27.162350,,,,130.801315,74.799034,124.879852,,,,,,,,,,177.449997,90.574913,,7.917531,
2010-01-20,18.450001,,26.742519,,,,131.154953,75.429398,124.870766,,,,,,,,,,177.160004,90.803864,,7.863719,
2010-01-21,18.320000,,26.340000,,,,131.356995,76.264992,124.934486,,,,,,,,,,177.679993,90.772293,,7.769540,
2010-01-22,18.110001,,26.080000,,,,131.331696,76.308960,124.952705,,,,,,,,,,177.070007,90.669655,,7.675366,
2010-01-25,17.910000,,25.885000,,,,131.441208,75.927795,125.034676,,,,,,,,,,177.009995,90.614395,,7.574462,
2010-01-26,18.010000,,26.120001,,,,131.575897,76.301628,125.043777,,,,,,,,,,177.270004,90.582817,,7.648460,
2010-01-27,17.860001,,25.865000,,,,131.516983,76.199005,124.989113,,,,,,,,,,176.660004,90.756516,,7.493740,
2010-01-28,17.770000,,25.549999,,,,131.399109,76.213676,124.861671,,,,,,,,,,176.490005,90.653877,,7.507195,
2010-01-29,17.940001,,25.830000,,,,131.407516,76.888008,124.770599,,,,,,,,,,176.630005,90.732811,,7.621550,
2010-02-01,17.940001,,25.955000,,,,131.533844,77.210510,124.834305,,,,,,,,,,177.389999,90.717033,,7.628278,
2010-02-02,18.100000,,26.225000,,,,131.491699,77.151855,124.870766,,,,,,,,,,177.600006,90.732811,,7.702275,
2010-02-03,18.080000,,26.035000,,,,131.331696,77.203171,124.879852,,,,,,,,,,177.699997,90.693336,,7.675366,
2010-02-04,17.770000,,25.320000,,,,131.828522,78.258644,124.952705,,,,,,,,,,177.860001,90.827576,,7.601369,
2010-02-05,17.629999,,24.764999,,,,132.182129,79.226158,125.052887,,,,,,,,,,177.889999,91.032822,,7.574462,
2010-02-08,17.740000,,24.920000,,,,132.022141,79.101540,124.998238,,,,,,,,,,176.919998,90.914406,,7.554284,
2010-02-09,17.730000,,25.170000,,,,131.735886,79.211494,125.125725,,,,,,,,,,176.960007,90.788063,,7.493740,
2010-02-10,17.770000,,25.235001,,,,131.710632,78.991615,125.198570,,,,,,,,,,176.990005,90.795967,,7.520650,
2010-02-11,17.940001,,25.325001,,,,131.466431,78.419899,125.216797,,,,,,,,,,176.830002,90.590721,,7.594644,
2010-02-12,17.910000,,25.209999,,,,131.870590,78.764397,125.316933,,,,,,,,,,176.789993,90.930183,,7.574462,
2010-02-15,18.030001,,25.344999,,,,131.685379,78.515167,125.344254,,,,,,,,,,176.919998,90.803864,,7.648460,
2010-02-16,18.100000,,25.615000,,,,131.643265,78.236671,125.353355,,,,,,,,,,176.850006,90.448608,,7.675366,
2010-02-17,18.370001,,25.934999,,,,131.828522,78.485870,125.444427,,,,,,,,,,176.779999,90.724922,,7.836810,
2010-02-18,18.480000,,26.049999,,,,131.415924,78.258644,125.426239,,,,,,,,,,176.389999,90.772293,,7.863719,
2010-02-19,18.620001,,26.165001,,,,131.171753,79.145538,125.417099,,,,,,,,,,176.149994,90.519653,,7.924261,
2010-02-22,18.520000,,26.080000,,,,131.289658,78.984261,125.426239,,,,,,,,,,176.240005,90.693336,,7.930988,
2010-02-23,18.410000,,25.840000,,,,132.190536,79.468033,125.526405,,,,,,,,,,176.460007,90.985443,,7.937713,
2010-02-24,18.440001,,25.885000,,,,132.434723,79.907806,124.542946,,,,,,,,,,177.119995,91.072289,,7.971350,
2010-02-25,18.250000,,25.420000,,,,132.678940,81.293114,124.606674,,,,,,,,,,176.809998,91.238068,,7.930988,
2010-02-26,18.379999,,25.754999,,,,132.662048,81.271118,124.606674,,,,,,,,,,177.039993,91.277527,,7.978075,
2010-03-01,18.690001,,26.025000,,,,132.746246,82.641769,124.688629,,,,,,,,,,177.410004,91.309128,,8.099159,
2010-03-02,18.799999,,26.264999,,,,132.670486,82.868996,124.688629,,,,,,,,,,177.729996,91.285446,,8.159701,
2010-03-03,18.719999,,26.445000,,,,132.527359,81.930794,124.697739,,,,,,,,,,177.869995,91.309128,,8.105886,
2010-03-04,18.790001,,26.469999,,,,132.763123,82.656433,124.743271,,,,,,,,,,177.800003,91.490700,,8.146245,
2010-03-05,19.010000,,26.940001,,,,132.443176,81.432396,124.697739,,,,,,,,,,178.220001,91.317032,,8.240422,
2010-03-08,19.049999,,26.930000,,,,132.392609,81.901489,124.706841,,,,,,,,,,178.210007,91.427528,,8.300964,
2010-03-09,19.139999,,26.889999,,,,132.611557,82.341255,124.697739,,,,,,,,,,178.130005,91.632812,,8.388416,
2010-03-10,19.129999,,27.055000,,,,132.510529,82.253311,124.670441,,,,,,,,,,178.130005,91.538055,,8.341327,
2010-03-11,19.070000,,26.985001,,,,132.300018,81.718239,124.588470,,,,,,,,,,177.699997,91.474930,,8.294237,
2010-03-12,19.070000,,27.075001,,,,132.392609,81.117218,124.588470,,,,,,,,,,178.020004,91.451225,,8.321147,
2010-03-15,19.059999,,26.905001,,,,132.518936,81.916130,124.624901,,,,,,,,,,177.929993,91.569656,,8.307693,
2010-03-16,19.160000,,27.129999,,,,132.704102,81.373749,124.688629,,,,,,,,,,178.300003,91.632812,,8.388416,
2010-03-17,19.350000,,27.400000,,,,133.015732,80.897316,124.788803,,,,,,,,,,178.210007,91.774902,,8.522950,
2010-03-18,19.410000,,27.375000,,,,132.838852,81.190475,124.734169,,,,,,,,,,177.830002,91.822281,,8.590222,
2010-03-19,19.420000,,27.264999,,,,132.948334,82.590462,124.715973,,,,,,,,,,177.770004,91.766998,,8.543134,
2010-03-22,19.450001,,27.305000,,,,133.268311,82.004105,124.761482,,,,,,,,,,178.020004,91.885422,,8.556586,
2010-03-23,19.580000,,27.430000,,,,133.419876,82.253311,124.816109,,,,,,,,,,178.399994,91.901207,,8.543134,
2010-03-24,19.750000,,27.455000,,,,133.175644,82.480515,124.834305,,,,,,,,,,178.509995,91.980171,,8.684395,
2010-03-25,19.910000,,27.735001,,,,132.695740,81.952782,124.807007,,,,,,,,,,178.500000,91.790703,,8.778576,
2010-03-26,19.700001,,27.590000,,,,132.653656,82.136024,124.834305,,,,,,,,,,179.059998,91.782814,,8.691125,
2010-03-29,19.760000,,27.620001,,,,132.788391,81.491020,124.861671,,,,,,,,,,179.470001,91.917007,,8.711305,
2010-03-30,19.770000,,27.610001,,,,133.066208,80.846016,124.843445,,,,,,,,,,180.089996,92.043335,,8.738212,
2010-03-31,19.660000,,27.635000,,,,133.192490,80.589478,124.870766,,,,,,,,,,181.110001,92.177528,,8.657492,
2010-04-01,19.820000,,28.065001,,,,133.327240,79.944443,124.834305,,,,,,,,,,180.899994,92.288063,,8.644032,
2010-04-06,20.139999,,28.235001,,,,132.746246,79.775879,124.788803,,,,,,,,,,180.220001,92.035439,,8.946744,
2010-04-07,20.100000,,28.105000,,,,133.040924,79.790543,124.870766,,,,,,,,,,180.119995,92.374908,,8.892932,
2010-04-08,20.020000,,27.924999,,,,133.243027,80.222984,124.898064,,,,,,,,,,180.050003,92.327507,,8.812208,
2010-04-09,20.070000,,28.225000,,,,132.720993,79.277451,124.843445,,,,,,,,,,179.750000,92.130157,,8.852569,
2010-04-12,20.000000,,28.250000,,,,132.729416,79.658607,124.825226,,,,,,,,,,179.919998,92.335426,,8.785300,
2010-04-13,19.920000,,28.125000,,,,132.965195,79.856483,124.861671,,,,,,,,,,180.059998,92.390701,,8.792025,
2010-04-14,20.040001,,28.320000,,,,133.108337,79.314102,124.898064,,,,,,,,,,180.240005,92.524887,,8.866026,
2010-04-15,20.260000,,28.545000,,,,133.175644,79.240837,124.980026,,,,,,,,,,180.210007,92.524887,,8.899655,
2010-04-16,20.000000,,28.120001,,,,133.621948,80.047073,125.043777,,,,,,,,,,180.389999,92.682785,,8.731484,
2010-04-19,19.915001,,27.915001,,,,133.596649,80.626099,125.052887,,,,,,,,,,180.130005,92.777512,,8.630584,
2010-04-20,20.205000,,28.309999,,,,133.470367,80.127693,125.007332,,,,,,,,,,180.009995,92.706482,,8.738212,
2010-04-21,20.205000,,28.150000,,,,133.680832,80.274300,125.025551,,,,,,,,,,180.000000,92.856476,,8.859298,
2010-04-22,20.090000,,27.830000,,,,133.824005,80.472198,124.980026,,,,,,,,,,180.139999,92.730156,,8.906385,
2010-04-23,20.230000,,28.120001,,,,133.748245,80.098396,124.861671,,,,,,,,,,180.279999,92.674889,,8.987106,
2010-04-26,20.424999,,28.340000,,,,133.840836,79.548660,124.861671,,,,,,,,,,180.720001,92.753838,,9.114917,
2010-04-27,20.004999,,27.420000,,,,134.632278,80.963280,124.014809,,,,,,,,,,181.119995,92.903839,,8.973652,
2010-04-28,19.959999,,27.010000,,,,132.232651,80.332924,124.633987,,,,,,,,,,180.380005,92.493332,,8.879476,
2010-04-29,20.215000,,27.254999,,,,132.055832,79.629295,124.870766,,,,,,,,,,180.970001,92.453850,,9.014012,
2010-04-30,20.090000,,27.355000,,,,132.468430,79.915154,124.907188,,,,,,,,,,181.679993,92.556473,,8.987106,
2010-05-03,20.135000,,27.455000,,,,132.190536,79.915154,124.961800,,,,,,,,,,181.649994,92.603859,,9.101463,
2010-05-04,19.840000,,26.665001,,,,132.998917,81.241798,124.770599,,,,,,,,,,182.500000,92.848587,,9.007292,
2010-05-05,19.889999,,26.430000,,,,133.908188,81.806190,124.725090,,,,,,,,,,182.270004,92.864372,,8.960199,
2010-05-06,19.895000,,26.080000,,,,134.160828,83.110855,124.460983,,,,,,,,,,181.220001,92.856476,,8.872749,
2010-05-07,19.180000,,25.139999,,,,134.169189,84.972595,124.542946,,,,,,,,,,180.789993,91.885422,,8.596950,
2010-05-10,19.965000,,26.879999,,,,133.335632,82.385239,125.153046,,,,,,,,,,182.449997,92.177528,,8.953471,
2010-05-11,20.080000,,26.820000,,,,133.495605,82.803024,125.153046,,,,,,,,,,182.779999,92.201202,,9.047648,
2010-05-12,20.264999,,27.150000,,,,133.596649,83.330765,125.225883,,,,,,,,,,183.550003,91.182816,,9.209093,
2010-05-13,20.410000,,27.174999,,,,133.731339,84.562149,125.307861,,,,,,,,,,183.350006,91.309128,,9.236001,
2010-05-14,20.020000,,26.325001,,,,134.303909,85.881470,125.235001,,,,,,,,,,183.360001,91.514389,,9.061101,
2010-05-17,20.014999,,26.309999,,,,134.278656,86.453186,125.262283,,,,,,,,,,182.990005,91.206497,,9.014012,
2010-05-18,20.115000,,26.615000,,,,134.699661,86.365234,125.262283,,,,,,,,,,183.500000,91.261749,,9.081283,
2010-05-19,19.600000,82.549004,25.834999,,,,135.331100,87.662567,125.307861,,,,,,,,,,183.929993,91.388077,,8.724760,
2010-05-20,19.215000,82.549004,25.309999,,,,135.785812,88.117020,125.216797,,,,,,,,,,183.029999,91.222290,,8.549863,
2010-05-21,19.010000,82.549004,25.275000,,,,135.962631,87.662567,125.216797,,,,,,,,,,183.029999,90.914406,,8.482593,
2010-05-24,19.184999,82.549004,25.344999,,,,136.147873,87.765190,125.216797,,,,,,,,,,183.449997,91.024902,,8.610402,
2010-05-25,18.780001,82.549004,24.670000,,,,136.754089,88.915939,125.098412,,,,,,,,,,182.479996,90.488091,,8.361508,
2010-05-26,19.280001,82.549004,25.285000,,,,136.147873,87.985085,124.552040,,,,,,,,,,182.229996,90.677559,,8.664216,
2010-05-27,19.480000,82.549004,26.020000,,,,135.583725,86.636436,124.506508,,,,,,,,,,181.770004,90.748611,,8.805480,
2010-05-28,19.500000,82.549004,25.985001,,,,135.760574,87.288773,124.597565,,,,,,,,,,182.490005,90.914406,,8.859298,
2010-05-31,19.549999,82.549004,26.025000,,,,135.954193,87.288773,124.570274,,,,,,,,,,183.229996,90.977547,,8.899655,
2010-06-01,19.545000,82.549004,26.135000,,,,135.726822,85.837517,124.515602,,,,,,,,,,182.589996,91.111755,,8.879476,
2010-06-02,19.455000,82.549004,26.000000,,,,135.718460,86.313904,124.533836,,,,,,,,,,182.080002,90.985443,,8.913114,
2010-06-03,19.850000,82.549004,26.540001,,,,135.398499,85.808174,124.470093,,,,,,,,,,181.830002,91.143341,,9.040922,
2010-06-04,19.715000,82.549004,26.094999,,,,136.063690,87.559944,124.479210,,,,,,,,,,182.250000,91.482788,,8.892932,
2010-06-07,19.530001,82.549004,25.905001,,,,135.836334,87.713890,124.451859,,,,,,,,,,181.039993,91.206497,,8.818933,
2010-06-08,19.315001,82.549004,25.590000,,,,136.114182,88.461517,124.524712,,,,,,,,,,179.729996,91.198601,,8.697849,
2010-06-09,19.615000,82.549004,26.025000,,,,136.013184,86.922287,124.697739,,,,,,,,,,180.889999,91.261749,,9.000563,
2010-06-10,19.715000,82.549004,26.434999,,,,135.861572,86.409225,124.834305,,,,,,,,,,182.160004,90.953873,,9.040922,
2010-06-11,19.750000,82.549004,26.504999,,,,136.173080,87.347404,124.898064,,,,,,,,,,182.110001,91.174919,,9.061101,
2010-06-14,19.885000,82.549004,26.834999,,,,135.516373,85.390396,124.788803,,,,,,,,,,181.699997,91.056488,,9.209093,
2010-06-15,19.885000,82.549004,27.040001,,,,135.398499,85.646935,124.852524,,,,,,,,,,181.429993,90.953873,,9.209093,
2010-06-16,20.040001,82.549004,27.080000,,,,135.331100,85.434357,124.888947,,,,,,,,,,181.500000,91.088074,,9.262911,
2010-06-17,19.959999,82.549004,27.125000,,,,135.507965,85.947456,124.879852,,,,,,,,,,181.639999,91.103867,,9.202366,
2010-06-18,20.070000,82.549004,27.195000,,,,135.145905,86.006073,124.834305,,,,,,,,,,181.419998,91.032822,,9.215816,
2010-06-21,20.240000,82.549004,27.475000,,,,134.851257,85.449020,124.697739,,,,,,,,,,181.729996,91.001213,,9.323451,
2010-06-22,20.165001,82.549004,27.385000,,,,135.432175,85.676254,124.715973,,,,,,,,,,181.770004,91.135452,,9.269637,
2010-06-23,19.905001,82.549004,27.120001,,,,135.078537,85.756874,124.697739,,,,,,,,,,181.339996,90.890709,,9.088009,
2010-06-24,19.520000,82.549004,26.580000,,,,135.474289,85.500336,124.715973,,,,,,,,,,180.679993,90.985443,,8.926566,
2010-06-25,19.459999,82.549004,26.434999,,,,135.297440,85.507675,124.606674,,,,,,,,,,180.320007,90.985443,,8.987106,
2010-06-28,19.590000,82.549004,26.715000,,,,135.305862,84.979912,124.524712,,,,,,,,,,180.300003,90.969650,,9.020741,
2010-06-29,19.160000,82.549004,25.965000,,,,135.625824,85.690926,124.570274,,,,,,,,,,180.419998,91.080177,,8.872749,
2010-06-30,19.010000,82.549004,25.850000,,,,135.600555,86.328583,124.542946,,,,,,,,,,180.729996,90.977547,,8.778576,
2010-07-01,18.370001,82.549004,25.205000,,,,135.869965,85.727554,123.841774,,,,,,,,,,181.149994,90.882820,,8.388416,
2010-07-02,18.330000,82.549004,25.209999,,,,135.962631,85.185165,124.561142,,,,,,,,,,181.429993,90.788063,,8.361508,
2010-07-05,18.320000,82.549004,25.165001,,,,136.425751,85.690926,124.706841,,,,,,,,,,181.929993,91.009132,,8.374962,
2010-07-06,18.635000,82.549004,25.709999,,,,136.013184,85.170509,124.697739,,,,,,,,,,181.509995,90.985443,,8.455681,
2010-07-07,18.799999,82.549004,26.120001,,,,135.844772,85.148491,124.633987,,,,,,,,,,181.029999,90.890709,,8.496047,
2010-07-08,19.000000,82.549004,26.375000,,,,135.752106,85.221802,124.652214,,,,,,,,,,181.490005,90.867027,,8.637310,
2010-07-09,19.170000,82.549004,26.565001,,,,135.844772,85.280441,124.679512,,,,,,,,,,181.679993,90.938080,,8.711305,
2010-07-12,19.285000,82.549004,26.655001,,,,136.223618,85.881470,124.788803,,,,,,,,,,182.250000,91.088074,,8.785300,
2010-07-13,19.469999,82.549004,27.150000,,,,135.752106,84.635437,124.715973,,,,,,,,,,182.059998,91.088074,,8.906385,
2010-07-14,19.455000,82.549004,27.165001,,,,135.499557,84.034401,124.597565,,,,,,,,,,181.500000,91.095970,,8.872749,
2010-07-15,19.080000,82.549004,26.875000,,,,135.541580,84.188347,124.588470,,,,,,,,,,181.320007,91.088074,,8.657492,
2010-07-16,18.815001,82.549004,26.395000,,,,136.055206,84.979912,124.725090,,,,,,,,,,181.389999,91.135452,,8.570039,
2010-07-19,18.629999,82.549004,26.200001,,,,135.609009,85.412384,124.679512,,,,,,,,,,180.940002,91.017029,,8.489320,
2010-07-20,18.715000,82.549004,26.205000,,,,135.811050,85.104538,124.770599,,,,,,,,,,181.089996,91.182816,,8.657492,
2010-07-21,18.995001,82.549004,26.500000,,,,135.912094,85.720207,124.825226,,,,,,,,,,180.839996,91.269646,,8.751663,
2010-07-22,19.200001,82.549004,27.025000,,,,135.693207,85.221802,124.898064,,,,,,,,,,180.220001,91.451225,,8.886204,
2010-07-23,19.295000,82.549004,27.184999,,,,135.465851,84.261627,124.788803,,,,,,,,,,180.190002,91.474930,,8.913114,
2010-07-26,19.330000,82.549004,27.290001,,,,135.027985,83.440712,124.743271,,,,,,,,,,180.320007,91.356506,,9.081283,
2010-07-27,19.389999,82.549004,27.410000,,,,135.044846,83.140190,124.670441,,,,,,,,,,180.750000,91.482788,,9.067831,
2010-07-28,19.334999,82.549004,27.340000,,,,135.230103,82.795685,124.688629,,,,,,,,,,181.149994,91.609123,,9.014012,
2010-07-29,19.174999,82.549004,27.245001,,,,135.533203,83.448036,124.688629,,,,,,,,,,181.910004,91.806488,,8.906385,
2010-07-30,19.209999,82.549004,27.190001,,,,135.945801,83.228149,124.752388,,,,,,,,,,183.190002,92.019630,,8.926566,
2010-08-02,19.500000,82.549004,27.825001,,,,135.651123,81.989426,124.743271,,,,,,,,,,183.009995,91.877533,,9.094737,
2010-08-03,19.450001,82.549004,27.830000,,,,136.551971,82.070061,124.898064,,,,,,,,,,184.199997,92.398582,,9.081283,
2010-08-04,19.540001,82.549004,27.895000,,,,136.644608,82.231316,124.879852,,,,,,,,,,183.839996,92.343330,,9.114917,
2010-08-05,19.514999,82.549004,27.834999,,,,137.040375,82.678429,124.807007,,,,,,,,,,184.330002,92.382790,,9.101463,
2010-08-06,19.184999,82.549004,27.520000,,,,137.562378,82.436531,124.861671,,,,,,,,,,184.240005,92.722260,,8.872749,
2010-08-09,19.485001,82.549004,27.870001,,,,137.478195,82.553818,124.970924,,,,,,,,,,184.059998,92.635406,,9.040922,
2010-08-10,19.455000,82.549004,27.655001,,,,137.301376,83.594635,124.943611,,,,,,,,,,183.369995,92.651222,,9.027469,
2010-08-11,19.245001,82.549004,27.135000,,,,138.269653,84.825996,125.043777,,,,,,,,,,184.039993,92.919632,,8.987106,
2010-08-12,19.205000,82.549004,27.165001,,,,138.311752,85.295097,125.089294,,,,,,,,,,184.179993,92.840668,,8.960199,
2010-08-13,19.305000,82.549004,27.219999,,,,138.471756,85.485680,125.062004,,,,,,,,,,184.210007,92.919632,,8.993833,
2010-08-16,19.200001,82.549004,27.209999,,,,139.019058,85.551651,125.080208,,,,,,,,,,184.149994,93.045937,,8.940017,
2010-08-17,19.445000,82.549004,27.510000,,,,138.699066,85.852150,125.116615,,,,,,,,,,184.259995,92.959099,,9.081283,
2010-08-18,19.400000,82.549004,27.450001,,,,139.229492,85.940117,125.125725,,,,,,,,,,184.500000,93.219620,,9.088009,
2010-08-19,19.160000,82.549004,27.059999,,,,139.566299,85.925446,125.162148,,,,,,,,,,184.360001,93.266991,,8.953471,
2010-08-20,19.195000,82.549004,26.844999,,,,139.827316,86.621788,125.253197,,,,,,,,,,184.270004,93.417007,,8.973652,
2010-08-23,19.315001,82.549004,27.014999,,,,139.709457,86.233299,125.253197,,,,,,,,,,184.479996,93.409081,,9.020741,
2010-08-24,19.025000,82.549004,26.610001,,,,140.509308,87.098190,125.225883,,,,,,,,,,185.000000,93.638031,,8.973652,
2010-08-25,18.895000,82.549004,26.420000,,,,140.854538,87.457344,124.825226,,,,,,,,,,185.190002,93.669617,,8.993833,
2010-08-26,18.980000,82.549004,26.594999,,,,140.896591,86.548477,124.788803,,,,,,,,,,186.029999,93.788040,,9.054378,
2010-08-27,19.049999,82.549004,26.785000,,,,140.298813,86.218643,124.734169,,,,,,,,,,186.350006,93.393311,,9.094737,
2010-08-30,19.129999,82.549004,27.000000,,,,140.888184,86.218643,124.770599,,,,,,,,,,186.850006,93.638031,,9.135098,
2010-08-31,19.014999,82.549004,26.754999,,,,141.115570,87.889801,124.788803,,,,,,,,,,187.100006,93.566986,,9.141823,
2010-09-01,19.410000,82.549004,27.514999,,,,140.223053,86.607109,124.797913,,,,,,,,,,186.910004,93.385406,,9.303270,
2010-09-02,19.434999,82.549004,27.510000,,,,139.810455,86.870972,124.807007,,,,,,,,,,187.419998,93.338028,,9.377265,
2010-09-03,19.580000,82.549004,27.745001,,,,139.187408,86.028076,124.797913,,,,,,,,,,186.820007,93.219620,52.821835,9.457989,
2010-09-06,19.680000,82.549004,27.795000,,,,139.221069,86.321266,124.779701,,,,,,,,,,187.130005,93.417007,53.383183,9.511804,
2010-09-07,19.740000,82.549004,27.700001,,,,139.995728,87.178818,124.779701,,,,,,,,,,187.020004,93.590645,53.516090,9.552159,
2010-09-08,19.825001,82.549004,27.985001,,,,139.793640,85.947456,124.734169,,,,,,,,,,187.250000,93.424866,53.537361,9.558890,
2010-09-09,19.995001,82.549004,28.260000,,,,139.355774,85.874153,124.670441,,,,,,,,,,186.869995,93.290672,53.484203,9.572348,
2010-09-10,19.975000,82.549004,28.215000,,,,138.724304,85.742203,124.670441,,,,,,,,,,186.779999,93.314354,53.601158,9.558890,
2010-09-13,20.040001,82.549004,28.389999,,,,138.454880,85.698219,124.624901,,,,,,,,,,186.600006,93.053833,53.696861,9.572348,
2010-09-14,19.959999,82.549004,28.365000,,,,138.926376,85.830162,124.633987,,,,,,,,,,186.550003,93.432762,53.813831,9.511804,
2010-09-15,19.850000,82.549004,28.309999,,,,138.530685,85.383057,124.588470,,,,,,,,,,185.210007,93.353821,53.866989,9.457989,
2010-09-16,19.705000,82.549004,28.100000,,,,137.806534,84.891991,124.479210,,,,,,,,,,184.809998,92.959099,53.882938,9.397445,
2010-09-17,19.764999,82.549004,28.025000,,,,138.294922,84.935959,124.524712,,,,,,,,,,184.660004,93.243324,53.893578,9.417627,
2010-09-20,19.959999,82.549004,28.389999,,,,137.814972,85.243805,124.442780,,,,,,,,,,184.210007,92.990669,53.952049,9.572348,
2010-09-21,19.879999,82.549004,28.264999,,,,138.075974,85.859505,124.524712,,,,,,,,,,184.520004,93.251205,53.957359,9.505077,
2010-09-22,19.475000,82.549004,27.840000,,,,139.077911,86.453186,124.606674,,,,,,,,,,185.369995,93.432762,54.154076,9.289818,
2010-09-23,19.485001,82.549004,27.830000,,,,139.557892,85.866814,124.670441,,,,,,,,,,185.600006,93.551186,54.143436,9.283092,
2010-09-24,19.549999,82.549004,28.139999,,,,139.002182,84.789360,124.597565,,,,,,,,,,185.220001,93.172249,54.111538,9.242726,
2010-09-27,19.545000,82.549004,28.020000,,,,139.717850,85.170509,124.615791,,,,,,,,,,185.449997,93.630142,54.122185,9.262911,
2010-09-28,19.450001,82.549004,28.004999,,,,139.810455,85.720207,124.570274,,,,,,,,,,184.710007,93.543304,54.201923,9.229271,
2010-09-29,19.360001,82.549004,27.830000,,,,139.818893,85.771530,124.470093,,,,,,,,,,184.679993,93.448555,54.265728,9.188913,
2010-09-30,19.295000,82.549004,27.715000,,,,139.557892,85.991417,124.424553,,,,,,,,,,185.000000,93.345940,54.340168,9.236001,
2010-10-01,19.139999,82.549004,27.639999,,,,139.540985,85.478355,124.442780,,,,,,,,,,184.880005,93.156456,54.446495,9.155278,
2010-10-04,19.100000,82.549004,27.490000,,,,139.835724,85.588272,124.515602,,,,,,,,,,185.639999,93.417007,54.531551,9.236001,
2010-10-05,19.285000,82.549004,27.865000,,,,139.616837,85.229149,124.579338,,,,,,,,,,185.839996,93.543304,54.552818,9.303270,
2010-10-06,19.330000,82.549004,28.014999,,,,140.307220,86.042740,124.670441,,,,,,,,,,186.759995,93.874870,54.717632,9.296542,
2010-10-07,19.290001,82.549004,27.990000,,,,139.835724,85.830162,124.624901,,,,,,,,,,185.800003,93.756447,54.632561,9.323451,
2010-10-08,19.360001,82.549004,28.004999,,,,140.088333,86.079376,124.697739,,,,,,,,,,186.360001,93.843292,54.717632,9.323451,
2010-10-11,19.434999,82.549004,28.084999,,,,140.020935,86.101357,124.725090,,,,,,,,,,186.820007,93.914330,54.999397,9.350358,
2010-10-12,19.410000,82.549004,28.000000,,,,140.307220,86.768372,124.797913,,,,,,,,,,186.410004,94.016983,54.829273,9.377265,
2010-10-13,19.545000,82.549004,28.415001,,,,139.987244,85.932793,124.788803,,,,,,,,,,186.320007,94.064339,54.967499,9.424353,
2010-10-14,19.424999,82.549004,28.360001,,,,139.860992,85.295097,124.761482,,,,,,,,,,186.770004,94.009064,55.052567,9.383993,
2010-10-15,19.434999,82.549004,28.389999,,,,139.170578,84.320259,124.743271,,,,,,,,,,186.309998,93.716980,55.031303,9.383993,
2010-10-18,19.565001,82.549004,28.465000,,,,139.120087,85.580956,124.624901,,,,,,,,,,186.750000,93.464355,54.866497,9.431084,
2010-10-19,19.629999,82.549004,28.330000,,,,138.808533,86.453186,124.606674,,,,,,,,,,186.309998,93.606461,54.935604,9.451260,
2010-10-20,19.575001,82.549004,28.415001,,,,138.463287,86.006073,124.561142,,,,,,,,,,186.160004,93.259079,54.962185,9.457989,
2010-10-21,19.610001,82.549004,28.584999,,,,137.958145,86.174675,124.433662,,,,,,,,,,185.490005,93.188057,54.978142,9.451260,
2010-10-22,19.615000,82.549004,28.480000,,,,138.050735,86.438515,124.488297,,,,,,,,,,185.460007,93.148582,55.100414,9.437808,
2010-10-25,19.650000,82.549004,28.549999,,,,138.387527,86.284607,124.542946,,,,,,,,,,185.600006,93.282791,55.068516,9.451260,
2010-10-26,19.665001,82.549004,28.455000,,,,137.907593,84.979912,124.406334,,,,,,,,,,185.289993,93.251205,55.153595,9.464715,
2010-10-27,19.549999,82.549004,28.275000,,,,136.013184,84.254303,124.351723,,,,,,,,,,184.509995,92.982773,55.121677,9.357085,
2010-10-28,19.545000,82.549004,28.379999,,,,136.105743,83.411392,124.333504,,,,,,,,,,184.649994,93.227516,55.089787,9.323451,
2010-10-29,19.570000,82.549004,28.415001,,,,136.467804,83.565300,124.360809,,,,,,,,,,185.250000,93.227516,55.100414,9.309999,
2010-11-01,19.655001,82.549004,28.450001,,,,136.762451,83.286774,124.333504,,,,,,,,,,185.470001,93.488029,55.180164,9.424353,
2010-11-02,19.610001,82.549004,28.600000,,,,136.770950,83.675255,124.269737,,,,,,,,,,185.190002,93.369621,55.180164,9.410901,
2010-11-03,19.559999,82.549004,28.485001,,,,137.309814,83.667946,124.315308,,,,,,,,,,185.789993,93.559090,55.079144,9.417627,
2010-11-04,19.790001,82.549004,28.950001,,,,137.570786,83.389381,124.360809,,,,,,,,,,185.699997,93.685402,55.291817,9.518530,
2010-11-05,20.049999,82.549004,29.055000,,,,137.259262,83.279434,124.333504,,,,,,,,,,185.550003,93.669617,55.265221,9.639614,
2010-11-08,20.165001,82.549004,29.070000,,,,137.495056,83.704552,124.233299,,,,,,,,,,185.330002,93.645943,55.318398,9.653067,
2010-11-09,20.295000,82.549004,29.245001,,,,137.309814,83.946434,124.233299,,,,,,,,,,185.339996,93.622238,55.281189,9.632889,
2010-11-10,20.270000,82.549004,29.080000,,,,136.914032,83.169510,124.151360,,,,,,,,,,184.369995,93.519615,55.238655,9.552159,
2010-11-11,20.305000,82.549004,29.030001,,,,137.090881,83.184151,124.087639,,,,,,,,,,183.440002,93.353821,55.079144,9.518530,
2010-11-12,20.150000,82.549004,28.910000,,,,136.366730,82.854324,124.142265,,,,,,,,,,183.210007,93.053833,54.893066,9.451260,
2010-11-15,20.320000,82.549004,29.145000,,,,135.962631,82.524483,124.178696,,,,,,,,,,182.850006,92.966988,54.924973,9.531984,
2010-11-16,19.965000,82.549004,28.475000,,,,135.272186,82.737053,124.060318,,,,,,,,,,181.539993,92.816994,54.893066,9.296542,
2010-11-17,20.049999,82.549004,28.635000,,,,135.575317,83.147537,124.133171,,,,,,,,,,181.580002,92.911736,54.871811,9.316723,
2010-11-18,20.295000,82.549004,29.030001,,,,134.607056,82.040749,123.996574,,,,,,,,,,180.149994,92.595940,54.940926,9.350358,
2010-11-19,20.160000,82.549004,28.885000,,,,134.657547,82.619781,124.087639,,,,,,,,,,180.350006,92.595940,54.909019,9.222548,
2010-11-22,20.129999,82.549004,28.660000,,,,135.103806,82.986244,124.187813,,,,,,,,,,181.279999,92.722260,54.855865,9.236001,
2010-11-23,20.035000,82.549004,28.225000,,,,135.819458,84.305588,124.206009,,,,,,,,,,181.300003,92.943314,54.653843,9.222548,
2010-11-24,20.360001,82.549004,28.530001,,,,134.767014,83.506676,124.169594,,,,,,,,,,179.960007,92.485405,54.494335,9.370539,
2010-11-25,20.455000,82.549004,28.660000,,,,134.472321,83.499344,124.160500,,,,,,,,,,179.559998,92.367004,54.515602,9.451260,
2010-11-26,20.434999,82.549004,28.510000,,,,134.447083,84.642776,124.105850,,,,,,,,,,179.600006,92.161751,54.138130,9.444535,
2010-11-29,20.350000,82.549004,28.065001,,,,133.958725,85.045883,123.878197,,,,,,,,,,178.580002,92.090698,54.047749,9.457989,
2010-11-30,20.440001,82.549004,28.025000,,,,134.657547,85.397720,123.787132,,,,,,,,,,178.339996,92.059105,53.893578,9.518530,
2010-12-01,20.775000,82.549004,28.584999,,,,133.925034,84.466843,123.960167,,,,,,,,,,178.130005,91.617027,53.819149,9.612706,
2010-12-02,20.934999,82.549004,29.040001,,,,133.807144,83.961105,124.196915,,,,,,,,,,179.300003,91.711754,54.005211,9.653067,
2010-12-03,20.740000,82.549004,28.975000,,,,133.428284,83.352753,124.306183,,,,,,,,,,179.089996,91.656494,54.239151,9.585798,
2010-12-06,20.889999,82.549004,29.035000,,,,133.739746,83.682579,124.333504,,,,,,,,,,178.649994,91.877533,54.372044,9.619433,
2010-12-07,20.965000,82.549004,29.320000,,,,132.830475,82.092041,124.251541,,,,,,,,,,178.500000,91.790703,54.441170,9.706883,
2010-12-08,20.995001,82.549004,29.405001,,,,132.131607,80.933968,124.142265,,,,,,,,,,178.240005,91.277527,54.393326,9.653067,
2010-12-09,21.120001,82.549004,29.495001,,,,132.805176,81.381073,124.060318,,,,,,,,,,178.649994,91.301231,54.425220,9.653067,
2010-12-10,21.170000,82.549004,29.540001,,,,132.771545,81.051247,123.987465,,,,,,,,,,179.100006,91.380150,54.462437,9.646341,
2010-12-13,21.145000,82.549004,29.639999,,,,132.518936,80.325584,124.033028,,,,,,,,,,178.789993,90.985443,54.430534,9.592525,
2010-12-14,21.174999,82.549004,29.705000,,,,132.064270,80.435555,124.005676,,,,,,,,,,178.440002,90.811752,54.494335,9.659795,
2010-12-15,21.165001,82.549004,29.580000,,,,132.123199,81.036560,124.133171,,,,,,,,,,179.210007,90.867027,54.691044,9.585798,
2010-12-16,21.295000,82.549004,29.690001,,,,131.727448,80.340271,124.069427,,,,,,,,,,178.460007,90.559128,54.419907,9.572348,
2010-12-17,21.320000,82.549004,29.559999,,,,132.140060,82.048073,124.005676,,,,,,,,,,178.869995,90.993355,54.435860,9.572348,
2010-12-20,21.400000,82.549004,29.735001,,,,132.822037,82.744400,124.005676,,,,,,,,,,179.479996,91.174919,54.680416,9.679974,
2010-12-21,21.605000,82.549004,30.075001,,,,132.712555,82.385239,124.014809,,,,,,,,,,179.479996,90.914406,54.706997,9.760697,
2010-12-22,21.715000,82.549004,30.094999,,,,133.015732,82.861664,124.142265,,,,,,,,,,179.649994,91.001213,54.664459,9.881779,
2010-12-23,21.695000,82.549004,30.080000,,,,132.763123,82.531837,124.151360,,,,,,,,,,179.419998,91.245972,54.648521,9.868328,
2010-12-24,21.680000,82.549004,30.049999,,,,132.712555,82.333916,124.151360,,,,,,,,,,179.630005,91.119652,54.919659,9.881779,
2010-12-27,21.525000,82.549004,29.915001,,,,132.426315,82.333916,124.142265,,,,,,,,,,179.029999,90.930183,54.919659,9.895233,
2010-12-28,21.639999,82.549004,29.850000,,,,132.737839,82.333916,124.178696,,,,,,,,,,179.699997,91.127548,54.919659,9.915417,
2010-12-29,21.730000,82.549004,29.990000,,,,132.443176,82.026100,124.023903,,,,,,,,,,179.139999,89.406517,55.015369,9.949050,
2010-12-30,21.459999,82.549004,29.600000,,,,132.990387,82.619781,124.060318,,,,,,,,,,180.229996,89.809151,55.084457,9.875055,
2010-12-31,21.459999,82.549004,29.600000,,,,132.990387,82.297287,124.060318,,,,,,,,,,180.229996,89.809151,55.025986,9.875055,
2011-01-03,21.639999,82.549004,29.910000,,,,133.470367,82.297287,124.196915,,,,,,,,,,180.949997,89.856514,55.025986,9.949050,
2011-01-04,21.590000,82.549004,29.969999,,,,133.638748,82.070061,124.287987,,,,,,,,,,181.440002,89.761795,55.185471,9.928869,
2011-01-05,21.830000,82.549004,30.035000,,,,133.108337,81.725578,124.233299,,,,,,,,,,180.630005,89.588104,55.329021,10.063409,
2011-01-06,22.059999,82.549004,30.170000,,,,133.125153,81.996758,124.133171,,,,,,,,,,180.330002,89.532837,55.382206,10.117223,
2011-01-07,22.040001,82.549004,30.090000,,,,133.546158,82.216644,124.160500,,,,,,,,,,180.710007,89.667046,55.382206,10.083588,
2011-01-10,21.885000,82.549004,29.809999,,,,133.453568,82.443863,124.114952,,,,,,,,,,180.100006,89.651253,55.307774,10.049953,
2011-01-11,22.174999,82.549004,30.190001,,,,133.184082,81.850174,124.242447,,,,,,,,,,179.830002,89.596001,55.382206,10.103765,
2011-01-12,22.230000,82.549004,30.615000,,,,132.375778,81.029251,124.224220,,,,,,,,,,178.990005,89.603874,55.536377,10.110494,
2011-01-13,21.850000,82.549004,30.405001,,,,132.434723,80.596794,124.124069,,,,,,,,,,180.240005,89.548622,55.658665,9.922145,
2011-01-14,21.885000,82.549004,30.385000,,,,132.401031,81.007248,123.987465,,,,,,,,,,180.270004,89.524933,55.711823,9.942322,
2011-01-17,21.980000,82.549004,30.400000,,,,132.350571,80.736061,123.941940,,,,,,,,,,180.419998,89.643356,55.610798,9.969232,
2011-01-18,21.980000,82.549004,30.690001,,,,131.744293,79.783211,123.932838,,,,,,,,,,180.470001,89.501251,55.807522,9.942322,
2011-01-19,21.709999,82.549004,30.299999,,,,132.047409,80.047073,124.087639,,,,,,,,,,180.789993,89.619682,55.828796,9.854877,
2011-01-20,21.510000,82.549004,29.924999,,,,131.525391,80.428230,123.905533,,,,,,,,,,180.259995,89.493362,55.759663,9.787604,
2011-01-21,21.500000,82.549004,30.160000,,,,131.508575,79.541351,123.923721,,,,,,,,,,180.470001,89.422310,55.823463,9.706883,
2011-01-24,21.455000,80.665001,30.219999,,,,131.752747,79.702576,124.005676,,,,,,,,,,180.699997,89.722305,55.871307,9.679974,
2011-01-25,21.420000,80.635002,29.934999,,,,131.651688,80.816696,123.923721,,,,,,,,,,180.210007,89.706528,55.961681,9.700154,
2011-01-26,21.535000,80.635002,30.230000,,,,131.289658,80.435555,123.887314,,,,,,,,,,179.910004,89.603874,55.951046,9.706883,
2011-01-27,21.525000,80.635002,30.260000,,,,130.978134,80.076378,123.814461,,,,,,,,,,179.100006,89.343353,55.823463,9.706883,
2011-01-28,21.420000,80.635002,29.969999,,,,131.272797,81.073212,123.796249,,,,,,,,,,179.899994,89.485451,55.855366,9.706883,
2011-01-31,21.330000,80.635002,29.969999,,,,131.356995,80.105705,123.832680,,,,,,,,,,180.179993,89.777573,55.812847,9.693427,
2011-02-01,21.570000,80.635002,30.424999,,,,130.936035,79.042915,123.960167,,,,,,,,,,180.679993,89.564392,55.876633,9.679974,
2011-02-02,21.605000,80.635002,30.495001,,,,130.792908,78.713074,124.005676,,,,,,,,,,181.130005,89.667046,56.036125,9.700154,
2011-02-03,21.750000,80.635002,30.520000,,,,131.146454,78.500519,124.069427,,,,,,,,,,180.800003,89.864418,56.105240,9.807787,
2011-02-04,21.900000,80.635002,30.600000,,,,130.759171,78.097374,123.941940,,,,,,,,,,180.729996,89.832832,56.121181,9.814515,
2011-02-07,22.145000,80.635002,30.900000,,,,130.767639,77.701584,124.060318,,,,,,,,,,180.380005,89.864418,56.216888,9.881779,
2011-02-08,21.995001,80.635002,30.885000,,,,130.616089,77.811539,123.887314,,,,,,,,,,179.970001,89.785469,56.238171,9.787604,
2011-02-09,21.920000,80.635002,30.785000,,,,130.321335,77.562347,123.878197,,,,,,,,,,179.270004,89.801270,56.312580,9.727065,
2011-02-10,21.990000,80.635002,30.725000,,,,130.338226,77.554993,123.841774,,,,,,,,,,178.919998,89.951256,56.254105,9.760697,
2011-02-11,22.170000,80.635002,30.850000,,,,130.515030,78.405235,123.923721,,,,,,,,,,178.699997,90.022285,56.301968,9.834697,
2011-02-14,22.325001,80.635002,30.965000,,,,130.439255,78.434532,123.869087,,,,,,,,,,178.910004,90.030205,56.134480,9.888508,
2011-02-15,22.285000,80.635002,31.000000,,,,130.456070,77.774895,123.878197,,,,,,,,,,179.210007,90.038094,56.216888,9.895233,
2011-02-16,22.360001,80.635002,31.139999,,,,131.087570,78.258644,124.014809,,,,,,,,,,180.360001,90.259155,56.360432,9.895233,
2011-02-17,22.340000,84.360001,31.200001,,,,131.609573,77.961784,124.160500,,,,,,,,,,181.220001,90.440712,56.408279,9.888508,
2011-02-18,22.330000,84.360001,31.200001,,,,130.978134,77.459724,123.996574,,,,,,,,,,180.589996,90.235466,56.472080,9.881779,
2011-02-21,22.080000,84.360001,30.780001,,,,131.559067,77.738235,124.042107,,,,,,,,,,181.259995,90.432831,56.578403,9.794333,
2011-02-22,22.000000,83.315002,30.605000,,,,131.820114,78.588478,123.923721,,,,,,,,,,181.720001,90.393364,56.567783,9.747242,
2011-02-23,21.639999,81.535004,30.270000,,,,131.921097,78.456535,123.140625,,,,,,,,,,181.270004,90.353874,55.031303,9.639614,
2011-02-24,21.535000,81.535004,30.120001,,,,131.971664,79.075905,123.158836,,,,,,,,,,181.320007,90.424919,54.962185,9.558890,
2011-02-25,21.760000,81.535004,30.480000,,,,131.904297,79.270142,123.149734,,,,,,,,,,181.330002,90.409134,54.967499,9.720339,
2011-02-28,21.889999,81.535004,30.730000,,,,131.685379,78.471199,123.186127,,,,,,,,,,181.330002,90.456512,55.025986,9.881779,
2011-03-01,21.785000,81.535004,30.549999,,,,131.643265,77.994774,123.204376,,,,,,,,,,181.320007,90.432831,55.052567,9.827967,
2011-03-02,21.590000,81.535004,30.355000,,,,131.491699,78.097374,123.258987,,,,,,,,,,181.279999,90.409134,55.047241,9.673249,
2011-03-03,21.670000,81.535004,30.375000,,,,130.296112,77.745575,122.767281,,,,,,,,,,179.880005,89.698631,55.023338,9.706883,
2011-03-04,21.570000,81.535004,30.200001,,,,130.666580,78.060738,122.858307,,,,,,,,,,179.940002,89.895973,54.967499,9.686699,
2011-03-07,21.405001,81.535004,30.080000,,,,130.700226,78.295288,122.840103,,,,,,,,,,180.089996,89.959145,54.962185,9.639614,
2011-03-08,21.584999,81.535004,30.184999,,,,130.464539,78.375916,122.812790,,,,,,,,,,179.429993,89.951256,54.930286,9.767422,
2011-03-09,21.485001,81.535004,30.129999,,,,130.573959,78.214668,122.840103,,,,,,,,,,179.339996,89.959145,54.882442,9.727065,
2011-03-10,21.325001,81.535004,29.855000,,,,130.986557,79.438721,122.912979,,,,,,,,,,179.250000,90.069672,54.834610,9.673249,
2011-03-11,21.150000,80.415001,29.600000,,,,131.500137,79.882164,123.122406,,,,,,,,,,179.630005,90.180206,54.736233,9.619433,
2011-03-14,20.639999,80.415001,29.245001,,,,131.449661,79.530334,123.240791,,,,,,,,,,179.949997,90.156487,54.730900,9.464715,
2011-03-15,20.415001,80.415001,28.660000,,,,132.316833,80.263298,123.459320,,,,,,,,,,180.509995,90.124947,54.425220,9.289818,
2011-03-16,20.135000,80.415001,28.764999,,,,132.872574,81.109879,123.568588,,,,,,,,,,181.770004,90.061775,54.433182,9.155278,
2011-03-17,20.389999,78.055000,28.674999,,,,131.988464,80.050735,123.359192,,,,,,,,,,180.820007,89.967033,54.063702,9.229271,
2011-03-18,20.405001,78.055000,28.725000,,,,131.887451,79.911476,123.422897,,,,,,,,,,181.179993,89.935455,54.388016,9.269637,
2011-03-21,20.660000,78.055000,29.225000,,,,131.466431,79.097893,123.249870,,,,,,,,,,181.070007,89.848625,54.441170,9.390718,
2011-03-22,20.670000,78.055000,29.225000,,,,131.314911,78.511505,123.277214,,,,,,,,,,180.889999,89.935455,54.467743,9.343631,
2011-03-23,20.745001,78.055000,29.309999,,,,131.424362,79.182182,123.286301,,,,,,,,,,180.990005,89.959145,54.417248,9.397445,
2011-03-24,20.885000,79.044998,29.620001,,,,131.331696,79.416725,123.359192,,,,,,,,,,181.050003,90.251244,54.441170,9.424353,
2011-03-25,21.065001,79.044998,29.684999,,,,131.188629,79.724556,123.222580,,,,,,,,,,180.970001,90.227562,54.462437,9.545438,
2011-03-28,21.014999,79.044998,29.695000,,,,130.919205,79.588974,123.204376,,,,,,,,,,180.889999,90.117043,54.443829,9.505077,
2011-03-29,21.025000,79.044998,29.709999,,,,130.649765,79.808868,123.149734,,,,,,,,,,180.820007,90.085449,54.345478,9.531984,
2011-03-30,21.209999,80.864998,29.915001,,,,130.624466,79.541351,123.177032,,,,,,,,,,181.410004,90.188080,54.483704,9.612706,
2011-03-31,21.059999,80.864998,29.725000,,,,130.397125,79.515686,123.122406,,,,,,,,,,181.779999,90.132843,54.502316,9.612706,
2011-04-01,21.270000,80.864998,30.100000,,,,130.220337,79.127190,123.122406,,,,,,,,,,181.860001,89.524933,54.600658,9.713608,
2011-04-04,21.195000,80.535004,30.139999,,,,130.380310,79.402069,123.222580,,,,,,,,,,182.880005,89.548622,54.712315,9.686699,
2011-04-05,21.190001,80.589996,30.250000,,,,130.169785,78.383247,123.195244,,,,,,,,,,182.309998,89.627556,54.797375,9.700154,
2011-04-06,21.059999,79.830002,30.280001,,,,129.950897,77.906807,123.249870,,,,,,,,,,181.820007,89.682831,54.983467,9.653067,
2011-04-07,21.025000,79.910004,30.215000,,,,130.186646,77.826195,123.213455,,,,,,,,,,182.080002,89.809151,54.967499,9.565618,
2011-04-08,21.000000,79.910004,30.245001,,,,129.546768,77.203171,123.104202,,,,,,,,,,181.929993,89.524933,55.063210,9.518530,
2011-04-11,20.975000,79.910004,30.240000,,,,129.571991,77.122536,123.085983,,,,,,,,,,182.039993,89.682831,55.089787,9.498350,
2011-04-12,20.635000,79.910004,29.735001,,,,129.984573,78.375916,123.195244,,,,,,,,,,181.830002,90.014412,55.105728,9.377265,
2011-04-13,20.730000,79.910004,29.955000,,,,129.959351,78.163338,123.158836,,,,,,,,,,181.600006,89.801270,55.100414,9.417627,
2011-04-14,20.650000,79.910004,29.809999,,,,130.060379,78.112053,123.149734,,,,,,,,,,181.600006,89.895973,55.068516,9.464715,
2011-04-15,20.780001,79.910004,29.870001,,,,130.430832,78.493195,123.049545,,,,,,,,,,181.669998,90.117043,55.116367,9.585798,
2011-04-18,20.684999,78.464996,29.440001,,,,131.458038,79.167519,123.140625,,,,,,,,,,182.160004,90.361771,55.044590,9.585798,
2011-04-19,20.690001,78.464996,29.514999,,,,131.365402,78.969627,123.167923,,,,,,,,,,182.169998,90.156487,54.980808,9.565618,
2011-04-20,20.900000,78.464996,30.045000,,,,131.138123,78.379570,123.131508,,,,,,,,,,181.899994,90.140717,55.127007,9.599253,
2011-04-21,20.924999,78.464996,30.225000,,,,131.373840,77.518356,123.195244,,,,,,,,,,181.919998,90.369659,55.302444,9.605977,
2011-04-26,21.000000,79.220001,30.325001,,,,131.525391,78.346588,123.140625,,,,,,,,,,181.509995,90.417030,55.265221,9.673249,
2011-04-27,20.945000,79.220001,30.430000,,,,129.218399,76.873329,123.040436,,,,,,,,,,181.270004,90.219688,55.249294,9.572348,
2011-04-28,21.000000,79.220001,30.530001,,,,129.900375,76.638779,123.167923,,,,,,,,,,182.639999,90.614395,55.371555,9.605977,
2011-04-29,21.014999,79.220001,30.590000,,,,130.077194,76.638779,123.222580,,,,,,,,,,183.460007,90.669655,54.861069,9.565618,
2011-05-02,21.084999,79.220001,30.830000,,,,130.051910,76.638779,123.195244,,,,,,,,,,183.539993,90.614395,54.861069,9.585798,
2011-05-03,20.950001,79.220001,30.520000,,,,129.841461,77.489029,123.149734,,,,,,,,,,183.759995,90.543350,55.414078,9.558890,
2011-05-04,20.680000,79.220001,30.105000,,,,129.588837,77.862839,123.095047,,,,,,,,,,183.699997,90.417030,55.424721,9.451260,
2011-05-05,20.875000,79.220001,30.025000,,,,130.346603,78.595810,123.340927,,,,,,,,,,183.500000,90.709145,55.480549,9.538712,
2011-05-06,21.209999,79.220001,30.455000,,,,130.675003,78.456535,123.304527,,,,,,,,,,184.360001,90.724922,55.501812,9.686699,
2011-05-09,21.309999,79.220001,30.375000,,,,131.323334,79.336098,123.368248,,,,,,,,,,184.520004,91.119652,55.515099,9.747242,
2011-05-10,21.389999,79.220001,30.584999,,,,131.197006,79.086899,123.386490,,,,,,,,,,184.860001,91.048592,55.560299,9.794333,
2011-05-11,21.445000,79.220001,30.745001,,,,131.053894,78.251312,123.404686,,,,,,,,,,184.639999,91.095970,55.586884,9.821239,
2011-05-12,21.340000,80.955002,30.520000,,,,131.441208,79.435051,123.532181,,,,,,,,,,185.039993,91.301231,55.796879,9.774150,
2011-05-13,21.355000,80.955002,30.445000,,,,131.676926,80.116707,123.523048,,,,,,,,,,184.979996,91.380150,55.541672,9.780873,
2011-05-16,21.290001,80.955002,30.379999,,,,131.365402,79.779541,123.477531,75.000000,,,,,,,,,185.259995,91.372269,55.602825,9.787604,
2011-05-17,21.055000,80.955002,30.115000,,,,131.601166,80.417213,123.495720,74.630501,,,,,,,,,184.690002,91.411758,55.594852,9.713608,
2011-05-18,21.155001,80.955002,30.219999,,,,131.415924,80.468536,123.459320,52.660000,,,,,,,,,184.910004,91.332817,55.597515,9.774150,
2011-05-19,21.225000,80.955002,30.375000,,,,131.289658,80.021408,123.404686,52.950001,,,,,,,,,184.839996,91.317032,55.334362,9.807787,
2011-05-20,21.264999,80.955002,30.340000,,,,131.778000,80.080063,123.468414,53.029999,,,,,,,,,184.669998,91.569656,55.259918,9.841418,
2011-05-23,21.084999,80.764999,29.889999,,,,132.182129,81.040237,123.450233,52.500000,,,,,,,,,184.800003,91.561768,55.222713,9.794333,
2011-05-24,21.055000,80.375000,29.900000,,,,131.786392,80.365936,123.477531,52.490002,,,,,,,,,184.929993,91.403839,55.291817,9.794333,
2011-05-25,21.139999,80.375000,30.160000,,,,132.123199,80.080063,123.641457,52.689999,,,,,,,,,185.479996,91.498596,55.281189,9.814515,
2011-05-26,21.129999,80.375000,30.160000,,,,132.561005,80.021408,123.686981,52.709999,,,,,,,,,185.850006,91.609123,55.243965,9.854877,
2011-05-27,21.180000,80.375000,30.375000,,,,132.720993,79.537674,123.768921,52.919998,,,,,,,,,185.910004,91.782814,55.313080,9.861600,
2011-05-30,21.155001,80.375000,30.320000,,,,132.636795,79.537674,123.632332,52.810001,,,,,,,,,185.660004,91.838058,55.313080,9.908692,
2011-05-31,21.195000,80.184998,30.555000,,,,132.316833,79.742897,123.659668,52.959999,,,,,,,,,185.649994,91.648582,55.334362,9.922145,
2011-06-01,20.969999,79.264999,30.334999,,,,132.746246,80.439201,123.705193,52.740002,,,,,,,,,186.160004,91.695953,55.440693,9.801056,
2011-06-02,20.650000,78.150002,29.825001,,,,132.897842,80.966942,123.723404,51.580002,,,,,,,,,186.490005,91.688080,55.257263,9.679974,
2011-06-03,20.450001,78.150002,29.764999,,,,132.434723,80.622452,123.759827,50.980000,,,,,,,,,186.479996,91.435425,55.238655,9.592525,
2011-06-06,20.305000,76.339996,29.610001,,,,132.561005,80.508835,123.750702,50.810001,,,,,,,,,186.500000,91.514389,55.342323,9.552159,
2011-06-07,20.230000,75.775002,29.605000,,,,131.971664,80.091049,123.668785,50.639999,,,,,,,,,185.360001,91.364388,55.270542,9.531984,
2011-06-08,20.160000,75.775002,29.320000,,,,132.257950,80.966942,123.705193,50.480000,,,,,,,,,185.220001,91.522278,55.206741,9.538712,
2011-06-09,20.340000,76.514999,29.575001,,,,132.552597,80.878990,123.723404,50.889999,,,,,,,,,184.589996,91.632812,55.084457,9.525258,
2011-06-10,20.235001,76.315002,29.190001,,,,133.083038,81.589966,123.787132,50.639999,,,,,,,,,184.600006,91.822281,55.020679,9.478169,
2011-06-13,20.230000,76.315002,29.270000,,,,133.108337,81.098877,123.814461,50.630001,,,,,,,,,184.250000,91.688080,54.858528,9.471441,
2011-06-14,20.355000,76.315002,29.485001,,,,132.763123,80.182663,123.805351,50.950001,,,,,,,,,184.259995,91.490700,54.821304,9.518530,
2011-06-15,20.370001,76.315002,29.190001,,,,133.150421,81.003586,123.823570,51.009998,,,,,,,,,184.279999,91.664391,54.800041,9.585798,
2011-06-16,20.360001,76.315002,29.049999,,,,133.487167,82.271614,123.805351,50.959999,,,,,,,,,183.080002,91.474930,54.528893,9.599253,
2011-06-17,20.254999,76.315002,29.160000,,,,133.259903,81.941788,123.878197,50.619999,,,,,,,,,182.839996,91.277527,54.664459,9.552159,
2011-06-20,20.205000,76.315002,28.980000,,,,133.217743,81.883141,123.814461,50.500000,,,,,,,,,182.380005,91.395966,54.515602,9.558890,
2011-06-21,20.434999,77.555000,29.360001,,,,132.998917,81.582634,123.823570,50.930000,,,,,,,,,182.750000,91.435425,54.520912,9.599253,
2011-06-22,20.424999,77.555000,29.245001,,,,133.285172,82.212990,123.859993,51.000000,,,,,,,,,183.429993,89.974945,54.608639,9.572348,
2011-06-23,20.290001,77.555000,28.799999,,,,134.017624,83.371078,123.869087,50.669998,,,,,,,,,183.240005,90.243370,54.605991,9.538712,
2011-06-24,20.325001,77.375000,28.780001,,,,134.160828,83.481018,123.750702,50.910000,,,,,,,,,182.820007,90.274918,54.388016,9.511804,
2011-06-27,20.245001,77.375000,28.770000,,,,133.706146,83.495674,123.723404,72.279297,,,,,,,,,182.759995,90.022285,54.443829,9.511804,
2011-06-28,20.350000,77.375000,28.863100,,,,133.460022,82.795685,123.614105,50.950001,,,,,,,,,183.149994,89.832832,54.441170,13.650177,
2011-06-29,20.590000,78.025002,29.410000,,,,132.906219,81.802528,123.677879,74.084702,,,,,,,,,184.210007,89.730202,54.579399,9.572348,
2011-06-30,20.730000,78.025002,29.700001,,,,132.670486,81.194168,123.796249,75.063599,,,,,,,,,185.009995,89.706528,54.760174,9.592525,
2011-07-01,20.885000,78.025002,29.975000,,,,132.544205,80.985268,123.805351,75.838600,,,,,,,,,184.889999,89.738106,54.948895,9.673249,
2011-07-04,20.955000,78.025002,30.010000,,,,132.687302,81.194168,123.814461,52.549999,,,,,,,,,184.619995,89.761795,54.956860,9.713608,
2011-07-05,21.004999,78.025002,30.065001,,,,132.754700,81.348099,123.750702,52.660000,,,,,,,,,184.679993,89.809151,54.988773,9.747242,
2011-07-06,21.150000,78.025002,29.980000,,,,133.352478,82.201965,123.650551,52.910000,,,,,,,,,183.309998,90.053871,55.033966,9.861600,
2011-07-07,21.305000,81.105003,30.100000,,,,133.040924,81.919807,123.586823,53.299999,,,,,,,,,183.100006,89.667046,55.243965,9.955775,
2011-07-08,21.225000,81.105003,29.879999,,,,134.076614,82.586807,123.513977,53.040001,,,,,,,,,183.300003,89.919685,55.212067,9.942322,
2011-07-11,21.205000,81.105003,29.514999,,,,134.918579,83.532326,122.922066,52.970001,,,,,,,,,181.169998,90.180206,55.044590,9.949050,
2011-07-12,21.195000,81.425003,29.280001,,,,134.834366,83.568962,123.040436,52.910000,,,,,,,,,181.199997,89.903885,54.552818,10.029770,
2011-07-13,21.195000,81.010002,29.469999,,,,134.337601,82.564796,123.140625,52.950001,,,,,,,,,181.619995,89.753891,54.762821,9.922145,
2011-07-14,21.000000,81.010002,29.235001,,,,134.388138,82.638107,123.131508,52.439999,,,,,,,,,181.889999,89.769669,54.770802,9.807787,
2011-07-15,20.985001,81.010002,29.170000,,,,134.834366,82.506165,122.994942,52.430000,,,,,,,,,182.309998,89.809151,54.773445,9.814515,
2011-07-18,20.825001,81.010002,28.635000,,,,134.926987,83.283112,122.621590,51.980000,,,,,,,,,181.029999,89.927567,54.691044,9.780873,
2011-07-19,20.950001,81.010002,28.850000,,,,134.893311,82.572121,122.967583,52.259998,,,,,,,,,181.789993,89.809151,54.696369,9.814515,
2011-07-20,21.105000,80.589996,29.180000,,,,134.438644,82.579475,123.177032,52.570000,,,,,,,,,182.699997,89.706528,54.728264,9.888508,
2011-07-21,21.125000,80.589996,29.575001,,,,133.798798,81.428703,123.513977,52.639999,,,,,,,,,184.240005,89.580208,54.946239,9.861600,
2011-07-22,21.219999,80.584999,29.730000,,,,134.236542,81.384735,123.532181,52.799999,,,,,,,,,184.139999,90.014412,55.060539,9.915417,
2011-07-25,21.165001,80.584999,29.610001,,,,134.438644,81.531319,123.167923,52.689999,,,,,,,,,183.119995,89.919685,55.025986,9.888508,
2011-07-26,20.980000,80.584999,29.500000,,,,134.632278,81.098877,123.158836,52.230000,,,,,,,,,182.470001,89.982811,54.924973,9.807787,
2011-07-27,20.850000,80.584999,29.230000,,,,135.423767,81.370071,123.076874,51.910000,,,,,,,,,182.399994,90.195976,54.680416,9.727065,
2011-07-28,20.889999,80.584999,29.195000,,,,135.381653,81.469032,123.031326,52.070000,,,,,,,,,181.889999,90.164398,54.675087,9.720339,
2011-07-29,20.594999,80.584999,29.030001,,,,136.105743,81.487358,123.040436,73.581100,,,,,,,,,182.720001,90.535461,54.757496,9.612706,
2011-08-01,20.504999,77.724998,28.955000,,,,136.863541,83.033928,122.958488,51.250000,,,,,,,,,182.110001,90.630180,54.762821,9.626162,
2011-08-02,20.315001,77.239998,28.340000,,,,137.183502,83.385712,122.831009,71.595200,,,,,,,,,181.990005,90.622292,54.595337,9.525258,
2011-08-03,19.844999,77.239998,27.565001,,,,137.132980,83.385712,122.976707,50.060001,,,,,,,,,181.270004,90.393364,54.353451,9.269637,
2011-08-04,19.424999,77.239998,26.934999,,,,137.932846,84.257942,123.067772,68.143898,,,,,,,,,180.250000,90.685455,54.119530,9.148554,
2011-08-05,18.900000,77.239998,26.115000,,,,137.629791,83.832840,123.331841,47.139999,,,,,,,,,180.149994,90.259155,53.053555,8.798753,
2011-08-08,18.264999,77.239998,25.230000,,,,138.404343,84.829674,124.369911,63.716099,,,,,,,,,180.660004,90.156487,52.474056,8.206788,
2011-08-09,18.230000,77.239998,25.184999,,,,137.402374,85.408707,124.451859,44.299999,,,,,,,,,180.500000,88.996025,51.256565,8.314419,
2011-08-10,17.959999,77.239998,24.445000,,,,139.271606,87.340080,124.770599,44.720001,,,,,,,,,181.639999,89.824944,51.735065,8.435503,
2011-08-11,18.219999,69.735001,24.420000,,,,138.682251,86.464180,124.752388,44.720001,,,,,,,,,182.699997,89.114426,51.331020,8.603672,
2011-08-12,18.770000,69.735001,25.950001,,,,138.699066,86.130684,124.688629,46.029999,,,,,,,,,184.820007,89.027580,51.947712,8.812208,
2011-08-15,18.780001,69.735001,26.000000,,,,138.842148,85.654259,124.706841,46.549999,,,,,,,,,184.720001,89.074951,52.133781,8.832386,
2011-08-16,18.815001,69.735001,25.980000,,,,138.850586,85.401398,124.706841,46.770000,,,,,,,,,185.169998,88.996025,52.128483,8.899655,
2011-08-17,18.830000,69.735001,26.035000,,,,139.844177,85.042229,124.879852,46.810001,,,,,,,,,185.679993,89.256523,52.580383,8.966927,
2011-08-18,18.129999,70.599998,25.000000,,,,141.317596,86.423882,124.980026,64.499397,,,,,,,,,185.600006,89.517036,51.971649,8.704576,
2011-08-19,17.825001,68.275002,24.420000,,,,141.039749,85.940117,125.016464,44.500000,,,,,,,,,185.279999,89.201271,51.891907,8.583493,
2011-08-22,17.860001,68.275002,24.580000,,,,140.871399,86.295586,124.970924,44.349998,,,,,,,,,184.919998,89.043350,51.668602,8.543134,
2011-08-23,18.004999,68.275002,24.780001,,,,140.728226,86.028076,124.898064,44.759998,,,,,,,,,184.779999,88.901276,51.570251,8.610402,
2011-08-24,18.290001,68.275002,25.110001,,,,140.290359,86.101357,123.778015,45.360001,,,,,,,,,184.119995,88.498650,49.781242,8.684395,
2011-08-25,18.260000,68.275002,24.850000,,,,140.425095,86.409225,123.869087,45.290001,,,,,,,,,183.259995,88.743393,50.017830,8.711305,
2011-08-26,18.225000,69.919998,24.735001,,,,140.804001,86.735382,123.823570,45.200001,,,,,,,,,183.619995,88.814423,49.781242,8.664216,
2011-08-29,18.500000,69.919998,24.735001,,,,139.995728,86.735382,123.714287,45.900002,,,,,,,,,182.580002,88.285484,49.781242,8.792025,
2011-08-30,18.559999,69.919998,25.250000,,,,140.854538,86.863632,123.796249,46.590000,,,,,,,,,183.119995,89.011803,49.975292,8.966927,
2011-08-31,19.129999,69.919998,25.924999,,,,139.970459,86.903954,123.750702,47.400002,,,,,,,,,182.759995,88.167061,50.437836,9.101463,
2011-09-01,19.190001,69.919998,26.225000,,,,140.534561,87.450027,123.796249,47.849998,,,,,,,,,182.300003,88.814423,50.868465,9.215816,
2011-09-02,18.990000,69.919998,25.469999,,,,141.822784,88.007080,123.805351,46.750000,,,,,,,,,183.399994,89.130203,50.342129,9.027469,
2011-09-05,18.184999,69.919998,25.180000,,,,143.203644,89.275116,123.432007,64.979103,,,,,,,,,181.160004,89.453888,50.198589,8.818933,
2011-09-06,18.309999,69.919998,24.285000,,,,143.346756,89.927452,123.377373,45.709999,,,,,,,,,180.410004,89.067032,49.058193,8.940017,
2011-09-07,18.834999,69.919998,24.799999,,,,142.993149,89.707573,123.714287,66.191200,,,,,,,,,181.190002,89.406517,49.191116,9.067831,
2011-09-08,18.920000,69.919998,25.070000,,,,144.584503,89.091866,123.605042,47.380001,,,,,,,,,181.520004,89.635475,49.549969,9.148554,
2011-09-09,18.885000,69.919998,25.070000,,,,143.489899,90.521149,123.686981,46.700001,,,,,,,,,181.750000,89.524933,49.443638,9.141823,
2011-09-12,18.535000,69.919998,24.040001,,,,144.634979,91.023216,123.195244,46.009998,,,,,,,,,179.770004,88.956551,48.741856,9.007292,
2011-09-13,18.760000,69.919998,24.225000,,,,144.138229,90.770355,123.004028,46.419998,,,,,,,,,178.050003,88.009186,48.749825,8.987106,
2011-09-14,18.799999,69.919998,24.525000,,,,143.254166,90.880302,123.140625,46.639999,,,,,,,,,178.229996,87.890755,48.957180,8.899655,
2011-09-15,18.985001,69.919998,25.059999,,,,142.563736,90.118019,123.149734,47.090000,,,,,,,,,178.130005,88.546013,49.371876,8.980379,
2011-09-16,19.225000,69.919998,25.245001,,,,143.481491,90.183960,123.468414,47.689999,,,,,,,,,180.490005,88.538116,50.041756,9.074555,
2011-09-19,19.084999,69.919998,24.655001,,,,143.868790,91.675575,123.459320,47.150002,,,,,,,,,180.169998,88.696014,49.637688,9.014012,
2011-09-20,19.385000,69.919998,24.555000,,,,143.860413,91.320076,123.377373,47.889999,,,,,,,,,179.589996,88.640724,49.627071,9.034194,
2011-09-21,19.059999,69.919998,25.000000,,,,144.045609,92.203300,123.368248,47.040001,,,,,,,,,179.800003,88.490746,49.635040,8.892932,
2011-09-22,18.315001,69.919998,23.584999,,,,144.803406,94.651390,123.486649,61.129398,,,,,,,,,180.330002,88.285484,49.164516,8.543134,
2011-09-23,18.355000,69.919998,23.830000,,,,144.382370,93.691216,123.550377,45.299999,,,,,,,,,179.789993,87.788124,48.805660,8.502775,
2011-09-26,18.475000,69.919998,24.155001,,,,143.759338,92.573441,123.459320,45.549999,,,,,,,,,179.429993,87.472336,48.933250,8.549863,
2011-09-27,19.180000,75.654999,25.225000,,,,142.546890,91.334724,123.432007,63.830502,,,,,,,,,179.020004,87.432877,49.034275,8.879476,
2011-09-28,18.889999,74.485001,24.990000,,,,142.201691,91.111183,123.295425,46.680000,,,,,,,,,179.029999,87.235512,49.012997,8.670941,
2011-09-29,18.815001,74.485001,24.990000,,,,142.269043,91.100189,123.404686,46.480000,,,,,,,,,179.860001,87.503914,48.946548,8.617130,
2011-09-30,18.775000,74.485001,24.645000,,,,143.346756,91.781853,123.504845,46.049999,,,,,,,,,181.009995,87.827606,48.824276,8.583493,
2011-10-03,18.695000,74.485001,24.545000,,,,143.961411,93.427345,123.550377,46.049999,,,,,,,,,180.919998,87.764450,48.531853,8.570039,
2011-10-04,18.075001,74.485001,23.865000,,,,144.677109,94.043053,123.632332,60.159401,,,,,,,,,180.979996,87.661789,47.768925,8.166428,
2011-10-05,18.639999,74.485001,24.330000,,,,143.523575,93.412712,123.623222,61.327702,,,,,,,,,179.449997,87.338120,47.317020,8.321147,
2011-10-06,18.959999,74.485001,25.275000,,,,142.521622,93.068192,123.668785,46.730000,,,,,,,,,179.169998,87.196022,47.612095,8.596950,
2011-10-07,19.010000,74.485001,25.459999,,,,142.109070,90.821640,123.659668,46.939999,,,,,,,,,178.960007,87.196022,48.085274,8.610402,
2011-10-10,19.225000,74.485001,25.860001,,,,141.123962,89.802834,123.641457,47.459999,,,,,,,,,178.570007,87.014465,47.816784,8.576770,
2011-10-11,19.309999,74.485001,25.850000,,,,141.107086,90.601761,123.623222,47.660000,,,,,,,,,178.410004,87.456551,48.491985,8.596950,
2011-10-12,19.459999,74.485001,26.235001,,,,140.020935,89.267776,123.477531,48.099998,,,,,,,,,177.339996,87.464470,49.409092,8.664216,
2011-10-13,19.254999,74.485001,25.995001,,,,140.719818,89.920120,123.413788,47.610001,,,,,,,,,177.279999,87.772331,49.597828,8.563313,
2011-10-14,19.385000,74.485001,26.209999,,,,139.532639,89.033234,123.377373,47.889999,,,,,,,,,176.220001,87.717079,49.932774,8.704576,
2011-10-17,19.410000,74.485001,25.980000,,,,140.542969,89.370384,123.413788,47.990002,,,,,,,,,177.149994,88.253891,50.501614,8.691125,
2011-10-18,19.365000,74.485001,25.865000,,,,140.963989,90.733688,123.277214,47.889999,,,,,,,,,175.869995,88.356529,50.315559,8.677668,
2011-10-19,19.525000,74.485001,26.025000,,,,140.382980,89.399719,123.167923,48.240002,,,,,,,,,175.149994,88.609146,50.746197,8.798753,
2011-10-20,19.270000,74.485001,25.695000,,,,140.820816,90.176659,123.058655,47.580002,,,,,,,,,175.570007,88.696014,50.666435,8.650763,
2011-10-21,19.549999,77.135002,26.275000,,,,139.810455,88.439522,123.104202,48.250000,,,,,,,,,175.729996,88.538116,51.110386,8.879476,
2011-10-24,19.785000,77.135002,26.575001,,,,139.608383,88.146347,123.085983,48.930000,,,,,,,,,175.289993,88.601273,51.208729,9.027469,
2011-10-25,19.600000,77.135002,26.430000,,,,140.559799,88.648399,123.195244,48.570000,,,,,,,,,177.139999,88.980217,51.365559,8.946744,
2011-10-26,19.565001,77.135002,26.450001,,,,139.280014,88.109680,123.258987,48.509998,,,,,,,,,177.820007,89.153900,51.362911,8.886204,
2011-10-27,19.955000,77.639999,27.385000,,,,137.873947,86.269951,123.286301,49.580002,,,,,,,,,178.490005,89.288101,52.295948,9.040922,
2011-10-28,20.094999,77.639999,27.344999,,,,137.941238,85.793526,122.994942,49.980000,,,,,,,,,177.449997,89.627556,52.293301,9.141823,
2011-10-31,19.934999,77.639999,26.745001,,,,139.254715,86.728043,122.885651,49.529999,,,,,,,,,176.839996,89.682831,52.357086,9.222548,
2011-11-01,19.469999,77.639999,25.840000,,,,141.620728,88.996574,122.812790,48.439999,,,,,,,,,175.500000,89.761795,51.304417,9.067831,
2011-11-02,19.594999,77.639999,26.125000,,,,140.921890,88.652092,122.858307,48.840000,,,,,,,,,174.149994,89.643356,51.447964,9.067831,
2011-11-03,19.870001,77.639999,25.764999,,,,140.231415,88.373550,122.912979,49.490002,,,,,,,,,174.889999,89.588104,51.748371,9.114917,
2011-11-04,19.760000,77.639999,26.375000,,,,141.006088,88.153656,122.612457,49.259998,,,,,,,,,174.729996,89.872292,51.652660,9.081283,
2011-11-07,19.770000,77.639999,26.235001,,,,141.174515,88.505470,122.138954,49.299999,,,,,,,,,173.389999,89.864418,51.328358,9.061101,
2011-11-08,19.879999,77.639999,26.459999,,,,141.107086,88.157326,121.975044,49.509998,,,,,,,,,173.589996,89.753891,51.368217,9.054378,
2011-11-09,19.860001,79.544998,26.004999,,,,141.368149,89.121155,121.219254,49.509998,,,,,,,,,169.570007,89.817039,51.027969,9.128373,
2011-11-10,19.700001,79.544998,25.910000,,,,140.332504,89.209129,121.802025,49.090000,,,,,,,,,168.309998,89.445999,51.269867,8.946744,
2011-11-11,19.934999,79.584999,26.495001,,,,139.743103,87.809174,122.403046,49.630001,,,,,,,,,170.139999,89.303902,51.357594,9.088009,
2011-11-14,19.945000,79.584999,26.254999,,,,140.332504,89.150497,122.038788,49.759998,,,,,,,,,167.000000,89.374939,51.166187,9.074555,
2011-11-15,19.889999,79.584999,26.090000,,,,139.995728,89.971397,121.528847,49.650002,,,,,,,,,163.479996,89.335464,51.006702,9.014012,
2011-11-16,19.990000,79.584999,26.145000,,,,139.473679,90.052040,121.592606,49.849998,,,,,,,,,164.059998,89.130203,50.820610,9.114917,
2011-11-17,19.680000,79.584999,25.785000,,,,139.111633,90.000740,121.811142,49.119999,,,,,,,,,165.539993,88.617035,50.841888,8.953471,
2011-11-18,19.465000,79.584999,25.594999,,,,138.976898,89.986076,121.774689,48.570000,,,,,,,,,167.160004,88.269707,50.326183,8.845843,
2011-11-21,18.930000,79.584999,24.764999,,,,139.490494,90.975578,121.765602,63.875099,,,,,,,,,166.710007,88.301285,50.052380,8.637310,
2011-11-22,18.879999,79.584999,24.620001,,,,139.355774,90.938942,121.246552,47.090000,,,,,,,,,165.809998,88.159157,49.853020,8.617130,
2011-11-23,18.750000,79.584999,24.285000,,,,137.486603,92.053047,120.955177,46.700001,,,,,,,,,163.460007,87.338120,49.440983,8.522950,
2011-11-24,18.730000,79.584999,24.450001,,,,136.972992,92.159317,120.855003,46.549999,,,,,,,,,162.929993,86.951309,49.252251,8.549863,
2011-11-25,18.934999,79.584999,24.459999,,,,136.585693,92.012733,120.581818,47.060001,,,,,,,,,163.240005,86.730232,49.076805,8.724760,
2011-11-28,19.355000,79.584999,25.340000,,,,136.526764,91.173492,121.091751,48.110001,,,,,,,,,163.679993,86.682877,49.212379,8.825661,
2011-11-29,19.485001,79.584999,25.530001,,,,136.425751,90.810661,121.228371,48.410000,,,,,,,,,164.740005,86.927628,49.132610,8.845843,
2011-11-30,19.985001,79.584999,26.455000,,,,137.259262,89.854134,121.547058,49.750000,,,,,,,,,168.300003,87.393379,49.730732,9.061101,
2011-12-01,19.955000,79.584999,26.290001,,,,138.867447,90.264595,122.339302,49.570000,,,,,,,,,173.169998,87.590767,50.187943,9.027469,
2011-12-02,20.230000,79.584999,26.514999,,,,138.623276,90.807007,122.184486,50.230000,,,,,,,,,173.149994,87.914436,50.374039,9.162004,
2011-12-05,20.320000,79.584999,26.760000,,,,138.690613,90.074036,123.076874,50.430000,,,,,,,,,176.050003,88.182861,50.610626,9.155278,
2011-12-06,20.235001,79.584999,26.629999,,,,138.547501,90.894958,123.013130,50.230000,,,,,,,,,175.539993,88.182861,50.759483,9.141823,
2011-12-07,20.240000,79.584999,26.639999,,,,139.120087,90.323250,122.985817,50.250000,,,,,,,,,173.429993,88.798637,50.807331,9.182189,
2011-12-08,20.110001,79.584999,26.225000,,,,139.423141,91.232109,122.384789,49.820000,,,,,,,,,172.610001,88.814423,50.719597,9.101463,
2011-12-09,20.195000,79.584999,26.549999,,,,138.749573,90.902283,122.657990,50.049999,,,,,,,,,173.809998,88.348640,50.711636,9.209093,
2011-12-12,20.014999,79.584999,26.065001,,,,139.650467,91.188148,122.812790,49.669998,,,,,,,,,173.839996,88.482857,50.613277,9.054378,
2011-12-13,20.295000,79.584999,26.235001,,,,139.566299,91.422691,122.967583,50.369999,,,,,,,,,174.020004,88.593376,50.530872,9.148554,
2011-12-14,19.934999,79.584999,25.715000,,,,140.559799,92.873955,122.794594,49.459999,,,,,,,,,174.479996,88.759163,49.943394,9.081283,
2011-12-15,20.000000,81.385002,25.950001,,,,140.846085,92.481834,123.377373,49.639999,,,,,,,,,175.729996,88.585472,49.805149,9.195642,
2011-12-16,20.000000,81.635002,25.809999,,,,141.435471,92.687057,123.696068,49.590000,,,,,,,,,176.289993,88.980217,50.302261,9.289818,
2011-12-19,19.885000,80.925003,25.815001,,,,141.241806,92.840981,123.859993,49.270000,,,,,,,,,176.589996,88.806541,50.304924,9.262911,
2011-12-20,20.180000,82.059998,26.330000,,,,140.829269,91.605934,124.087639,50.060001,,,,,,,,,177.169998,88.877571,50.270359,9.390718,
2011-12-21,20.150000,82.254997,26.219999,,,,140.820816,91.360390,123.951057,50.029999,,,,,,,,,176.660004,89.035461,50.629230,9.410901,
2011-12-22,20.379999,83.245003,26.485001,,,,140.846085,91.283424,123.823570,50.570000,,,,,,,,,176.630005,89.288101,50.847206,9.525258,
2011-12-23,20.584999,84.160004,26.690001,,,,140.980804,91.129501,123.996574,51.099998,,,,,,,,,177.179993,89.177574,51.017330,9.585798,
2011-12-27,20.600000,84.305000,26.690001,,,,141.359726,91.129501,124.060318,50.990002,,,,,,,,,177.360001,89.303902,51.017330,9.612706,
2011-12-28,20.510000,84.114998,26.575001,,,,141.511276,92.577118,124.233299,50.820000,,,,,,,,,178.160004,87.361809,50.804676,9.585798,
2011-12-29,20.650000,84.709999,26.795000,,,,141.713333,93.167160,124.224220,51.119999,,,,,,,,,178.080002,87.756546,50.916317,9.639614,
2011-12-30,20.780001,84.595001,26.985001,,,,141.789108,92.712692,124.342628,66.547600,,,,,,,,,177.660004,87.890755,50.892387,9.653067,
2012-01-02,21.280001,86.489998,27.565001,,,,141.789108,92.712692,124.397247,52.669998,,,,,,,,,177.750000,88.017059,50.892387,9.881779,
2012-01-03,21.065001,85.459999,27.725000,,,,141.031311,91.305420,124.406334,52.279999,,,,,,,,,177.509995,87.953911,51.514435,9.733791,
2012-01-04,21.094999,85.639999,27.549999,,,,140.804001,91.375046,124.388115,52.330002,,,,,,,,,177.690002,88.072327,51.642021,9.659795,
2012-01-05,21.205000,86.635002,27.360001,,,,141.107086,92.228958,124.005676,52.509998,,,,,,,,,177.000000,88.135490,51.463924,9.733791,
2012-01-06,21.325001,87.614998,27.340000,,,,141.081833,92.844635,123.896416,52.869999,,,,,,,,,176.380005,88.269707,51.740376,9.807787,
2012-01-09,21.205000,87.254997,27.240000,,,,141.443924,93.016869,123.941940,52.630001,,,,,,,,,176.889999,88.214439,51.713791,9.720339,
2012-01-10,21.530001,88.184998,27.709999,,,,141.258652,92.324219,124.060318,53.549999,,,,,,,,,176.979996,88.143394,51.950375,9.861600,
2012-01-11,21.535000,88.440002,27.545000,,,,141.999603,93.672890,124.433662,53.560001,,,,,,,,,177.229996,88.340752,51.950375,9.888508,
2012-01-12,21.355000,87.565002,27.504999,,,,142.302734,93.647232,125.016464,53.130001,,,,,,,,,179.169998,88.443398,52.054058,9.814515,
2012-01-13,21.475000,88.355003,27.469999,,,,142.782639,94.328896,124.952705,53.400002,,,,,,,,,177.759995,88.751266,52.101898,9.915417,
2012-01-16,21.655001,89.040001,27.740000,,,,142.900528,94.028358,125.016464,53.770000,,,,,,,,,177.860001,88.569687,52.165707,9.982688,
2012-01-17,21.674999,88.739998,27.955000,,,,142.563736,93.881790,125.125725,53.930000,,,,,,,,,178.679993,88.664421,52.248116,10.002864,
2012-01-18,21.605000,88.184998,27.959999,,,,142.614304,93.573967,125.171272,53.840000,,,,,,,,,179.160004,88.814423,52.471405,9.962507,
2012-01-19,21.764999,88.705002,28.295000,,,,142.066971,92.500145,125.125725,54.230000,,,,,,,,,179.770004,88.846008,52.925972,10.036501,
2012-01-20,21.650000,88.105003,28.215000,,,,141.511276,91.902779,125.253197,54.020000,,,,,,,,,180.949997,89.003891,53.101410,9.989410,
2012-01-23,21.674999,87.930000,28.365000,,,,141.056564,91.107506,125.590118,54.049999,,,,,,,,,181.130005,89.114426,53.351273,9.962507,
2012-01-24,21.674999,87.900002,28.230000,,,,140.921890,90.953590,125.544586,53.980000,,,,,,,,,180.699997,89.209160,53.439003,10.009591,
2012-01-25,21.695000,88.050003,28.139999,,,,141.342834,91.334724,125.562798,54.029999,,,,,,,,,180.000000,89.493362,53.630409,9.975959,
2012-01-26,21.730000,87.584999,28.475000,,,,142.361618,91.367706,125.808685,54.209999,,,,,,,,,180.690002,89.943352,53.811153,10.043224,
2012-01-27,21.594999,86.949997,28.200001,,,,142.504791,91.583939,125.836014,53.810001,,,,,,,,,181.050003,89.951256,53.983940,9.982688,
2012-01-30,21.490000,86.830002,27.900000,,,,143.026825,92.338898,125.635666,53.529999,,,,,,,,,180.830002,90.195976,53.896236,9.975959,
2012-01-31,21.565001,87.040001,28.105000,,,,143.094177,91.899124,125.872421,53.720001,,,,,,,,,181.509995,90.361771,54.015842,10.009591,
2012-02-01,21.760000,87.449997,28.635000,,,,142.951035,91.397034,126.300400,54.220001,,,,,,,,,183.690002,90.488091,54.337494,10.083588,
2012-02-02,21.825001,87.730003,28.715000,,,,143.077316,91.389694,126.546280,54.430000,,,,,,,,,185.250000,90.669655,54.555473,10.123949,
2012-02-03,22.174999,89.125000,29.180000,,,,142.487961,91.037895,126.464287,55.259998,,,,,,,,,184.979996,90.645973,54.736233,10.258490,
2012-02-06,22.155001,89.070000,29.115000,,,,142.706848,90.957260,126.518967,55.119999,,,,,,,,,185.589996,90.945961,54.818630,10.245029,
2012-02-07,22.040001,88.400002,29.075001,,,,142.176376,90.198647,126.464287,54.779999,,,,,,,,,185.940002,90.819656,54.800041,10.150856,
2012-02-08,22.010000,88.315002,29.020000,,,,142.016464,90.700706,126.537163,54.730000,,,,,,,,,186.210007,90.851242,54.831936,10.150856,
2012-02-09,22.030001,88.334999,29.084999,,,,141.688065,90.246277,126.582687,54.770000,,,,,,,,,187.300003,90.535461,54.914330,10.137405,
2012-02-10,21.965000,88.635002,28.825001,,,,142.269043,91.169815,126.355049,54.520000,,,,,,,,,186.449997,90.898582,54.366745,10.097041,
2012-02-13,22.084999,88.894997,29.035000,,,,142.243774,91.107506,126.400536,54.860001,,,,,,,,,186.630005,90.914406,54.536873,10.130675,
2012-02-14,22.139999,89.315002,28.969999,,,,142.226959,91.825821,126.373238,54.970001,,,,,,,,,186.330002,90.953873,54.619286,10.164311,
2012-02-15,22.295000,90.224998,29.170000,,,,142.538483,91.840469,126.282181,55.650002,,,,,,,,,185.639999,91.064407,54.714970,10.278669,
2012-02-16,22.260000,90.110001,29.205000,,,,142.521622,91.268784,126.291306,55.590000,,,,,,,,,185.440002,90.843346,54.637886,10.292118,
2012-02-17,22.375000,90.099998,29.379999,,,,142.193283,90.579781,126.391479,55.689999,,,,,,,,,185.330002,90.811752,54.776115,10.258490,
2012-02-20,22.410000,90.010002,29.605000,,,,142.050125,90.008087,126.455200,55.830002,,,,,,,,,186.539993,90.803864,54.839909,10.204671,
2012-02-21,22.350000,89.775002,29.440001,,,,141.982758,90.356224,126.582687,55.560001,,,,,,,,,187.309998,90.930183,54.717632,10.137405,
2012-02-22,22.225000,89.434998,29.219999,,,,142.572128,91.342056,125.262283,55.310001,,,,,,,,,187.100006,91.151230,53.284824,10.083588,
2012-02-23,22.170000,89.144997,29.200001,,,,142.791061,91.173492,125.253197,55.169998,,,,,,,,,186.630005,91.214386,53.388504,10.056681,
2012-02-24,22.094999,88.525002,29.250000,,,,142.774185,90.484482,125.353355,55.080002,,,,,,,,,187.710007,91.443314,53.670261,10.056681,
2012-02-27,22.135000,88.934998,29.165001,,,,143.262558,90.986580,125.590118,55.000000,,,,,,,,,187.860001,91.601242,53.680912,10.043224,
2012-02-28,22.170000,88.870003,29.225000,,,,143.599350,90.689720,125.826874,55.090000,,,,,,,,,188.220001,91.806488,53.755333,10.043224,
2012-02-29,22.200001,89.144997,29.209999,,,,143.742508,90.169319,126.081848,55.320000,,,,,,,,,189.600006,92.106476,53.877605,10.076861,
2012-03-01,22.365000,89.720001,29.530001,,,,143.641479,89.498665,126.482536,55.630001,,,,,,,,,190.699997,92.074905,54.151424,10.123949,
2012-03-02,22.510000,90.559998,29.530001,,,,143.961411,90.711708,126.573586,55.980000,,,,,,,,,190.990005,92.335426,54.356106,10.251759,
2012-03-05,22.270000,89.660004,29.334999,,,,143.767776,90.480827,126.528061,55.290001,,,,,,,,,190.710007,92.311752,54.316227,10.184490,
2012-03-06,22.014999,89.419998,28.540001,,,,143.784637,91.561951,126.427864,54.599998,,,,,,,,,189.500000,92.327507,53.771290,10.123949,
2012-03-07,22.125000,89.639999,28.770000,,,,143.969849,91.349396,126.546280,54.799999,,,,,,,,,189.490005,92.398582,53.399128,10.117223,
2012-03-08,22.250000,89.669998,29.235001,,,,143.995117,90.656746,126.546280,55.200001,,,,,,,,,190.220001,92.532791,53.611794,10.117223,
2012-03-09,22.570000,91.385002,29.355000,,,,144.087708,91.331078,126.491631,56.070000,,,,,,,,,190.050003,92.564377,53.813831,10.278669,
2012-03-12,22.415001,90.764999,29.309999,,,,144.340332,91.763519,126.418770,55.619999,,,,,,,,,189.839996,92.690697,53.909515,10.245029,
2012-03-13,22.750000,92.019997,29.809999,,,,143.860413,90.785019,126.382324,56.639999,,,,,,,,,189.850006,92.635406,54.031788,10.406479,
2012-03-14,22.955000,93.360001,29.910000,,,,142.765793,89.978745,126.327705,57.099998,,,,,,,,,190.360001,92.351212,54.353451,10.493926,
2012-03-15,23.000000,93.504997,30.000000,,,,142.445831,89.494987,126.273079,57.130001,,,,,,,,,189.429993,92.090698,54.393326,10.467020,
2012-03-16,22.969999,92.985001,30.135000,,,,141.688065,88.641090,126.236664,56.930000,,,,,,,,,189.089996,91.861725,54.491692,10.440111,
2012-03-19,22.915001,92.910004,30.110001,,,,141.755432,88.204971,126.209351,56.790001,,,,,,,,,189.419998,91.932793,54.802700,10.406479,
2012-03-20,22.745001,92.540001,29.764999,,,,141.738556,88.135353,126.236664,56.209999,,,,,,,,,188.820007,91.988060,54.776115,10.339211,
2012-03-21,22.780001,92.885002,29.754999,,,,142.100616,88.479836,126.172913,56.349998,,,,,,,,,188.250000,92.216995,54.871811,10.352661,
2012-03-22,22.590000,92.114998,29.385000,,,,142.706848,88.915939,126.118286,55.860001,,,,,,,,,188.399994,92.201202,54.664459,10.204671,
2012-03-23,22.530001,91.754997,29.379999,,,,143.195221,88.890289,126.154686,55.740002,,,,,,,,,188.429993,92.224915,54.531551,10.164311,
2012-03-26,22.700001,92.394997,29.645000,,,,142.740570,88.289276,126.163818,56.119999,,,,,,,,,188.779999,92.335426,54.563454,10.245029,
2012-03-27,22.725000,92.705002,29.504999,,,,143.085739,88.659416,126.009010,56.230000,,,,,,,,,188.860001,92.643311,54.621922,10.298849,
2012-03-28,22.600000,92.254997,29.195000,,,,143.422516,89.498665,126.045448,55.950001,,,,,,,,,188.389999,92.793327,54.616615,10.231577,
2012-03-29,22.400000,91.684998,28.850000,,,,143.599350,89.216469,125.744949,55.389999,,,,,,,,,187.809998,92.753838,54.486366,10.117223,
2012-03-30,22.584999,92.165001,29.135000,,,,143.919342,88.849983,125.826874,55.779999,,,,,,,,,188.229996,92.753838,54.563454,10.171035,
2012-04-02,22.760000,92.889999,29.555000,,,,143.978287,88.556801,125.890625,56.349998,,,,,,,,,188.419998,92.801186,54.454479,10.285391,
2012-04-03,22.600000,92.565002,29.250000,,,,143.843552,88.981926,125.872421,56.200001,,,,,,,,,188.160004,92.816994,54.566105,10.258490,
2012-04-04,22.455000,92.815002,28.655001,,,,143.616226,88.934280,125.562798,55.650002,,,,,,,,,186.539993,92.588043,54.334843,10.238303,
2012-04-05,22.620001,93.535004,28.690001,,,,144.104553,89.634254,125.444427,56.130001,,,,,,,,,185.130005,92.769623,54.106239,10.325752,
2012-04-10,22.129999,91.625000,28.000000,,,,144.609711,90.869286,125.025551,54.889999,,,,,,,,,185.610001,92.682785,53.547993,10.157584,
2012-04-11,22.150000,91.394997,28.205000,,,,144.483414,90.367226,125.143944,54.930000,,,,,,,,,186.350006,92.382790,53.723431,10.157584,
2012-04-12,22.305000,91.654999,28.510000,,,,144.576035,90.015381,125.371597,55.369999,,,,,,,,,187.490005,92.430161,53.856350,10.231577,
2012-04-13,22.235001,91.879997,28.065001,,,,144.736023,90.894958,125.271423,55.250000,,,,,,,,,186.600006,92.382790,53.944057,10.319028,
2012-04-16,22.215000,91.415001,28.174999,,,,144.533966,91.089188,125.180367,55.099998,,,,,,,,,185.910004,92.153854,53.715473,10.325752,
2012-04-17,22.434999,92.235001,28.785000,,,,144.373978,90.279274,125.371597,55.709999,,,,,,,,,185.970001,92.161751,54.047749,10.406479,
2012-04-18,22.415001,92.224998,28.594999,,,,144.660248,89.975082,125.426239,55.549999,,,,,,,,,185.759995,92.145950,54.005211,10.413206,
2012-04-19,22.360001,92.050003,28.459999,,,,144.508713,89.883446,125.280518,55.450001,,,,,,,,,184.880005,92.106476,53.989273,10.386293,
2012-04-20,22.325001,91.595001,28.645000,,,,144.483414,89.377731,125.262283,55.369999,,,,,,,,,184.729996,91.964371,53.981297,10.446839,
2012-04-23,22.010000,90.599998,28.010000,,,,144.862320,89.971397,125.153046,54.480000,,,,,,,,,183.699997,92.130157,53.808514,10.305573,
2012-04-24,22.145000,90.934998,28.275000,,,,144.778107,89.458351,125.316933,54.790001,,,,,,,,,183.899994,91.956497,53.936089,10.433387,
2012-04-25,22.315001,91.735001,28.559999,,,,142.984756,88.439522,125.453552,55.209999,,,,,,,,,184.740005,91.980171,53.994568,10.440111,
2012-04-26,22.350000,91.915001,28.620001,,,,143.506744,88.483521,125.417099,55.299999,,,,,,,,,185.199997,92.161751,53.981297,10.406479,
2012-04-27,22.480000,92.445000,28.855000,,,,143.338318,88.245285,125.489960,55.590000,,,,,,,,,185.449997,92.224915,53.983940,10.487200,
2012-04-30,22.395000,92.144997,28.655001,,,,143.725677,88.476158,125.690292,55.349998,,,,,,,,,186.860001,92.367004,54.047749,10.460291,
2012-05-01,22.395000,92.144997,28.655001,,,,143.725677,88.300270,125.690292,55.349998,,,,,,,,,186.860001,92.367004,54.076988,10.460291,
2012-05-02,22.500000,92.945000,28.680000,,,,144.104553,88.685089,125.653885,55.599998,,,,,,,,,186.550003,92.682785,54.175343,10.581375,
2012-05-03,22.510000,92.985001,28.700001,,,,144.315033,88.630089,125.781357,55.549999,,,,,,,,,187.199997,92.714363,54.201923,10.641917,
2012-05-04,22.115000,91.514999,28.245001,,,,144.736023,89.139503,125.881538,54.720001,,,,,,,,,187.600006,92.903839,54.289639,10.493926,
2012-05-07,22.215000,91.614998,28.549999,,,,144.761276,89.139503,125.972557,54.930000,,,,,,,,,187.929993,92.872261,54.289639,10.567923,
2012-05-08,21.920000,90.839996,27.990000,,,,145.140182,89.615944,125.936157,54.259998,,,,,,,,,187.000000,93.038040,54.281681,10.520836,
2012-05-09,22.025000,91.574997,27.940001,,,,144.929718,89.744202,125.717598,54.509998,,,,,,,,,185.770004,92.974884,54.247116,10.567923,
2012-05-10,22.170000,91.845001,28.090000,,,,145.114960,89.220123,125.826874,54.660000,,,,,,,,,187.070007,92.966988,54.217880,10.554470,
2012-05-11,22.225000,92.294998,28.209999,,,,145.266449,89.905449,125.763168,54.869999,,,,,,,,,187.130005,92.951202,54.255089,10.608286,
2012-05-14,21.945000,91.555000,27.709999,,,,145.485382,90.253609,125.398918,54.200001,,,,,,,,,186.009995,92.959099,54.164700,10.581375,
2012-05-15,21.924999,91.724998,27.549999,,,,145.131744,90.774010,125.116615,54.180000,,,,,,,,,184.910004,92.840668,54.257736,10.541016,
2012-05-16,21.815001,91.699997,27.385000,,,,145.123352,91.272423,125.189468,53.869999,,,,,,,,,186.149994,92.643311,53.893578,10.507380,
2012-05-17,21.605000,90.730003,27.020000,,,,145.485382,92.129982,125.052887,53.299999,,,,,,,,,186.039993,92.777512,53.609146,10.359392,
2012-05-18,21.379999,89.709999,26.785000,,,,145.603241,92.203300,125.025551,52.779999,,,,,,,,,186.000000,92.335426,52.947227,10.218123,
2012-05-21,21.400000,89.570000,26.980000,,,,145.561188,92.239952,125.034676,52.849998,,,,,,,,,186.029999,92.272270,52.968491,10.224850,
2012-05-22,21.750000,91.099998,27.480000,,,,145.434860,91.895447,125.280518,53.720001,,,,,,,,,187.089996,92.272270,53.372559,10.352661,
2012-05-23,21.480000,90.500000,26.900000,,,,146.268433,92.903282,125.143944,53.040001,,,,,,,,,186.500000,92.564377,53.026958,10.312301,
2012-05-24,21.754999,91.730003,27.174999,,,,146.782059,92.566124,125.235001,53.700001,,,,,,,,,188.050003,92.564377,53.021652,10.386293,
2012-05-25,21.840000,92.349998,27.250000,,,,146.942001,93.035217,125.107506,53.900002,,,,,,,,,188.399994,92.406479,52.955208,10.433387,
2012-05-28,21.855000,92.419998,27.225000,,,,146.899933,93.035217,124.870766,54.029999,,,,,,,,,187.679993,92.603859,52.955208,10.493926,
2012-05-29,22.030001,93.059998,27.430000,,,,146.942001,93.159798,124.706841,54.560001,,,,,,,,,187.639999,92.611732,52.968491,10.567923,
2012-05-30,21.865000,92.849998,27.030001,,,,147.624054,94.625763,124.351723,54.180000,,,,,,,,,186.839996,92.714363,52.888744,10.554470,
2012-05-31,21.830000,92.480003,26.959999,,,,148.508087,96.135658,124.342628,54.000000,,,,,,,,,187.460007,92.753838,52.803669,10.493926,
2012-06-01,21.415001,90.809998,26.415001,,,,149.139587,96.842972,124.497429,53.060001,,,,,,,,,187.800003,92.761742,52.256077,10.372847,
2012-06-04,21.170000,89.199997,26.275000,,,,148.659653,96.842972,124.706841,52.250000,,,,,,,,,188.250000,92.753838,52.256077,10.238303,
2012-06-05,21.360001,90.099998,26.420000,,,,148.634399,96.842972,124.697739,52.799999,,,,,,,,,188.369995,92.738045,52.256077,10.332482,
2012-06-06,21.740000,91.510002,27.030001,,,,147.581909,94.992241,124.943611,53.750000,,,,,,,,,188.949997,92.256462,52.609615,10.534290,
2012-06-07,21.865000,92.050003,27.295000,,,,146.765152,94.460823,125.052887,54.119999,,,,,,,,,188.179993,92.461739,52.944572,10.594832,
2012-06-08,21.844999,92.330002,27.230000,,,,147.261932,95.527283,124.952705,53.910000,,,,,,,,,188.759995,92.698570,52.904697,10.561196,
2012-06-11,21.889999,92.690002,27.260000,,,,147.194672,95.058197,124.588470,54.060001,,,,,,,,,187.229996,93.030151,53.271534,10.567923,
2012-06-12,21.959999,92.580002,27.450001,,,,145.788483,94.446167,124.196915,54.189999,,,,,,,,,184.970001,92.548576,53.186474,10.520836,
2012-06-13,21.840000,92.120003,27.350000,,,,145.308624,94.336227,124.105850,53.869999,,,,,,,,,184.949997,92.438057,53.074825,10.487200,
2012-06-14,21.830000,92.150002,27.254999,,,,145.493820,94.721039,124.178696,53.799999,,,,,,,,,185.929993,92.367004,53.029636,10.507380,
2012-06-15,21.980000,92.650002,27.535000,,,,146.142151,94.376534,124.415482,54.240002,,,,,,,,,187.929993,92.382790,53.090763,10.554470,
2012-06-18,22.129999,93.544998,27.545000,,,,146.209518,94.215279,124.315308,54.709999,,,,,,,,,187.080002,92.643311,53.244953,10.689007,
2012-06-19,22.285000,93.745003,27.995001,,,,145.274887,93.500633,124.451859,55.070000,,,,,,,,,187.389999,92.177528,53.446983,10.722640,
2012-06-20,22.285000,93.495003,28.129999,,,,144.887619,93.152489,124.725090,55.049999,,,,,,,,,188.000000,90.827576,53.470917,10.695730,
2012-06-21,22.240000,93.565002,27.995001,,,,145.569580,94.218948,125.080208,54.849998,,,,,,,,,187.860001,91.206497,53.646347,10.675551,
2012-06-22,22.094999,92.949997,27.815001,,,,145.434860,94.244606,125.071083,54.430000,,,,,,,,,187.199997,91.174919,53.723431,10.635190,
2012-06-25,21.834999,92.050003,27.344999,,,,146.243149,94.618401,124.552040,53.820000,,,,,,,,,185.240005,91.395966,53.659645,10.594832,
2012-06-26,21.934999,92.410004,27.385000,,,,145.721146,94.317886,124.151360,54.029999,,,,,,,,,183.610001,91.230164,53.656982,10.689007,
2012-06-27,22.219999,93.595001,27.764999,,,,145.258041,94.622078,124.206009,54.910000,,,,,,,,,184.050003,91.056488,53.792557,10.796637,
2012-06-28,22.094999,92.959999,27.610001,,,,145.569580,95.252426,124.442780,54.480000,,,,,,,,,184.259995,91.159134,53.800529,10.756277,
2012-06-29,22.395000,93.735001,28.350000,,,,145.291748,93.797501,125.398918,55.209999,,,,,,,,,186.029999,91.317032,54.621922,10.877360,
2012-07-02,22.629999,94.660004,28.745001,,,,146.032684,94.442505,125.499084,55.799999,,,,,,,,,187.289993,91.656494,54.839909,11.065717,
2012-07-03,22.879999,95.440002,29.025000,,,,146.108475,93.969734,125.826874,56.419998,,,,,,,,,189.089996,91.790703,54.869148,11.159889,
2012-07-04,22.764999,96.165001,29.040001,,,,147.708221,94.684372,125.581024,56.759998,,,,,,,,,188.539993,92.074905,54.903717,11.233883,
2012-07-05,23.139999,97.050003,28.995001,,,,147.076691,95.193787,125.235001,57.130001,,,,,,,,,187.710007,92.343330,55.071167,11.334788,
2012-07-06,22.920000,96.205002,28.709999,,,,147.969254,95.736206,125.062004,56.599998,,,,,,,,,187.470001,92.469627,55.007378,11.354970,
2012-07-09,22.870001,96.165001,28.594999,,,,147.842926,95.692184,124.734169,56.360001,,,,,,,,,186.729996,92.374908,54.932945,11.334788,
2012-07-10,23.004999,96.644997,28.844999,,,,148.070282,95.904770,124.961800,56.750000,,,,,,,,,187.880005,92.414360,55.103069,11.388602,
2012-07-11,22.924999,96.125000,28.855000,,,,148.735428,95.802155,125.380707,56.529999,,,,,,,,,189.509995,92.595940,55.076508,11.361692,
2012-07-12,22.745001,95.684998,28.540001,,,,149.089066,96.575439,125.280518,56.000000,,,,,,,,,190.000000,92.690697,54.978142,11.375147,
2012-07-13,23.045000,96.964996,28.910000,,,,149.097488,95.714195,125.453552,56.759998,,,,,,,,,189.610001,92.682785,55.068516,11.516411,
2012-07-16,23.014999,96.845001,28.975000,,,,149.535309,95.508949,125.398918,56.700001,,,,,,,,,190.000000,92.793327,54.956860,11.529863,
2012-07-17,23.030001,96.985001,28.879999,,,,149.821594,95.545624,125.462677,56.820000,,,,,,,,,190.669998,92.832779,55.052567,11.603863,
2012-07-18,23.285000,98.114998,29.235001,,,,149.914200,95.333076,125.398918,57.360001,,,,,,,,,190.470001,93.045937,55.129665,11.624043,
2012-07-19,23.434999,98.495003,29.570000,,,,149.872131,94.750343,125.398918,57.830002,,,,,,,,,191.169998,93.148582,55.289169,11.563498,
2012-07-20,23.290001,98.459999,29.125000,,,,150.107864,95.464989,124.916267,57.509998,,,,,,,,,191.500000,93.290672,55.344986,11.597136,
2012-07-23,22.934999,97.334999,28.430000,,,,149.627914,96.381187,124.351723,56.529999,,,,,,,,,190.190002,93.061729,54.834610,11.469326,
2012-07-24,22.924999,97.404999,28.275000,,,,148.760712,96.340881,123.850853,56.580002,,,,,,,,,188.740005,92.864372,54.887749,11.536593,
2012-07-25,22.799999,96.605003,28.275000,,,,148.609116,96.788002,124.060318,56.189999,,,,,,,,,188.550003,92.824890,54.815979,11.375147,
2012-07-26,22.969999,96.699997,28.924999,,,,148.634399,95.234085,125.125725,56.580002,,,,,,,,,189.970001,92.785423,55.020679,11.361692,
2012-07-27,23.219999,97.599998,29.350000,,,,148.221832,94.519478,125.517281,57.310001,,,,,,,,,191.000000,92.722260,55.249294,11.422234,
2012-07-30,23.555000,99.055000,29.785000,,,,148.642822,94.735680,125.672066,58.139999,,,,,,,,,191.490005,93.045937,55.392826,11.570227,
2012-07-31,23.450001,98.699997,29.535000,,,,149.585831,95.028877,125.326050,57.910000,,,,,,,,,192.429993,93.345940,55.496502,11.516411,
2012-08-01,23.469999,98.599998,29.674999,,,,148.920639,95.388031,125.708504,57.919998,,,,,,,,,192.070007,93.251205,55.594852,11.590408,
2012-08-02,23.340000,98.404999,29.299999,,,,149.627914,96.058678,125.790466,57.660000,,,,,,,,,193.220001,93.559090,55.472572,11.563498,
2012-08-03,23.575001,98.849998,29.990000,,,,148.499680,94.603767,126.573586,58.130001,,,,,,,,,193.039993,93.164360,55.823463,11.610593,
2012-08-06,23.600000,98.764999,30.145000,,,,148.625992,94.816307,126.837669,58.250000,,,,,,,,,193.410004,93.480141,56.012203,11.556773,
2012-08-07,23.754999,99.184998,30.365000,,,,147.943970,94.215279,126.600891,58.599998,,,,,,,,,192.949997,93.527519,56.301968,11.509685,
2012-08-08,23.840000,99.584999,30.455000,,,,148.356552,94.010056,126.555328,58.860001,,,,,,,,,193.199997,93.780151,56.286003,11.496230,
2012-08-09,23.995001,100.300003,30.559999,,,,148.306015,93.962418,126.518967,59.290001,,,,,,,,,193.720001,93.938026,56.317905,11.536593,
2012-08-10,23.915001,99.955002,30.504999,,,,148.886993,94.010056,126.355049,59.139999,,,,,,,,,193.850006,94.206436,56.323212,11.482780,
2012-08-13,23.809999,99.514999,30.385000,,,,148.743881,94.087021,126.263985,58.799999,,,,,,,,,194.050003,94.143295,56.312580,11.435688,
2012-08-14,23.990000,100.379997,30.590000,,,,148.221832,93.632576,126.309494,59.209999,,,,,,,,,194.220001,93.993301,56.317905,11.509685,
2012-08-15,23.975000,100.419998,30.575001,,,,147.539810,93.152489,126.464287,59.230000,,,,,,,,,193.679993,93.882759,56.373737,11.509685,
2012-08-16,24.020000,100.300003,30.700001,,,,147.775558,92.698059,126.564484,59.290001,,,,,,,,,193.389999,93.961723,56.283344,11.449147,
2012-08-17,24.184999,101.040001,30.844999,,,,148.188156,93.046196,126.792122,59.730000,,,,,,,,,193.979996,94.088036,56.344482,11.543320,
2012-08-20,24.084999,100.650002,30.735001,,,,148.120773,92.954575,126.864983,59.410000,,,,,,,,,193.850006,94.095924,56.379047,11.476052,
2012-08-21,24.045000,100.160004,30.840000,,,,147.716644,92.104347,126.892273,59.330002,,,,,,,,,193.639999,93.961723,56.291328,11.435688,
2012-08-22,23.780001,99.275002,30.440001,,,,148.423920,92.807991,125.608353,58.720001,,,,,,,,,193.679993,94.143295,54.467743,11.348241,
2012-08-23,23.590000,98.334999,30.264999,,,,149.257446,92.753006,125.453552,58.270000,,,,,,,,,193.820007,94.261719,54.366745,11.307881,
2012-08-24,23.670000,98.714996,30.309999,,,,149.324844,93.082848,125.426239,58.360001,,,,,,,,,193.750000,94.095924,54.318893,11.334788,
2012-08-27,23.805000,99.385002,30.525000,,,,149.442719,93.082848,125.480843,58.669998,,,,,,,,,193.539993,94.166977,54.318893,11.395327,
2012-08-28,23.600000,98.565002,30.235001,,,,149.484802,93.387039,125.590118,58.139999,,,,,,,,,193.050003,94.261719,54.419907,11.341516,
2012-08-29,23.590000,98.705002,30.200001,,,,148.988022,93.134171,125.735809,58.160000,,,,,,,,,192.600006,94.119614,54.507626,11.402053,
2012-08-30,23.459999,98.464996,29.965000,,,,149.240616,93.511642,125.708504,57.849998,,,,,,,,,193.130005,94.214325,54.547504,11.334788,
2012-08-31,23.594999,98.529999,30.120001,,,,149.055359,93.387039,125.872421,57.930000,,,,,,,,,193.100006,94.151192,54.563454,11.341516,
2012-09-03,23.400000,98.385002,30.344999,,,,148.710144,93.529945,126.090950,58.080002,,,,,,,,,192.910004,94.127502,54.653843,11.348241,
2012-09-04,23.344999,97.915001,30.004999,,,,148.625992,93.507973,126.446083,57.529999,,,,,,,,,192.899994,94.174850,54.664459,11.328059,
2012-09-05,23.355000,98.125000,30.020000,,,,148.348114,93.192810,126.518967,57.520000,,,,,,,,,192.839996,94.119614,54.805347,11.328059,
2012-09-06,23.799999,99.495003,30.715000,,,,147.918701,92.654083,126.619087,58.459999,,,,,,,,,192.449997,94.040672,54.893066,11.435688,
2012-09-07,23.670000,98.745003,30.780001,,,,148.567001,92.503807,126.764816,58.410000,,,,,,,,,192.869995,94.419586,54.962185,11.375147,
2012-09-10,23.655001,98.794998,30.700001,,,,148.162857,92.166656,126.582687,58.439999,,,,,,,,,192.449997,94.427483,55.119041,11.274248,
2012-09-11,23.650000,98.260002,30.809999,,,,148.541809,91.627922,126.628220,58.320000,,,,,,,,,192.770004,94.435402,55.493835,11.254066,
2012-09-12,23.600000,97.985001,30.840000,,,,147.977661,91.136841,126.783005,58.290001,,,,,,,,,192.429993,94.427483,55.717148,11.274248,
2012-09-13,23.625000,98.125000,30.795000,,,,148.465988,91.254097,126.710152,58.279999,,,,,,,,,192.699997,94.632744,55.648014,11.280972,
2012-09-14,23.805000,98.275002,31.180000,,,,147.160950,89.740540,126.528061,58.820000,,,,,,,,,192.509995,94.498550,55.956371,11.294430,
2012-09-17,23.730000,98.125000,31.100000,,,,147.160950,89.868805,126.528061,58.590000,,,,,,,,,192.479996,94.624863,55.927135,11.240607,
2012-09-18,23.700001,98.305000,30.959999,,,,147.548248,90.092369,126.546280,58.580002,,,,,,,,,192.479996,94.695908,55.839401,11.206977,
2012-09-19,23.780001,98.514999,31.065001,,,,147.817642,90.381874,126.801231,58.700001,,,,,,,,,192.119995,94.822235,55.876633,11.200250,
2012-09-20,23.825001,98.980003,31.055000,,,,148.061798,90.748375,126.801231,58.790001,,,,,,,,,191.990005,94.932770,55.772949,11.139704,
2012-09-21,23.885000,99.165001,31.174999,,,,147.952377,90.418526,126.673752,58.939999,,,,,,,,,192.289993,94.932770,55.796879,11.132977,
2012-09-24,23.830000,99.245003,31.094999,,,,148.297623,91.107506,126.737457,58.889999,,,,,,,,,192.029999,95.059074,55.730427,11.166615,
2012-09-25,23.905001,99.264999,31.254999,,,,148.002914,90.752037,126.600891,58.959999,,,,,,,,,191.820007,94.924850,55.730427,11.146436,
2012-09-26,23.549999,98.154999,30.660000,,,,148.996475,91.822166,126.455200,58.230000,,,,,,,,,192.559998,95.114342,55.209408,11.153163,
2012-09-27,23.684999,98.504997,30.799999,,,,149.047012,91.671890,126.537163,58.389999,,,,,,,,,192.630005,95.074844,55.145607,11.186796,
2012-09-28,23.565001,98.385002,30.434999,,,,149.240616,92.137314,126.573586,58.150002,,,,,,,,,193.509995,95.169594,55.182816,11.132977,
2012-10-01,23.764999,99.154999,30.840000,,,,149.038528,91.840469,126.628220,58.590000,,,,,,,,,193.339996,95.114342,55.318398,11.126252,
2012-10-02,23.590000,98.125000,30.760000,,,,149.105865,91.829483,126.828552,58.070000,,,,,,,,,193.220001,95.224854,55.419399,11.072437,
2012-10-03,23.695000,99.014999,30.735001,,,,149.223785,92.291237,126.801231,58.070000,,,,,,,,,193.369995,95.453819,55.512447,11.166615,
2012-10-04,23.639999,98.724998,30.725000,,,,149.232239,91.811150,126.664635,58.340000,,,,,,,,,193.839996,95.595894,55.613453,11.065717,
2012-10-05,23.750000,99.035004,31.040001,,,,148.844894,91.184471,126.828552,58.560001,,,,,,,,,194.309998,95.532745,55.589539,11.119524,
2012-10-08,23.605000,98.705002,30.760000,,,,149.232239,92.195976,126.792122,58.220001,,,,,,,,,194.529999,95.666946,55.592209,11.052260,
2012-10-09,23.575001,98.684998,30.594999,,,,149.316391,92.404854,126.673752,58.160000,,,,,,,,,194.830002,95.674850,55.850044,11.119524,
2012-10-10,23.424999,98.184998,30.375000,,,,149.392166,91.976082,126.600891,57.840000,,,,,,,,,194.789993,95.516960,55.932461,11.139704,
2012-10-11,23.514999,98.074997,30.635000,,,,149.350082,92.049362,126.737457,57.980000,,,,,,,,,194.389999,95.359062,55.961681,11.153163,
2012-10-12,23.305000,97.125000,30.475000,,,,149.880508,92.181313,126.919624,57.520000,,,,,,,,,194.630005,95.548531,56.009556,11.092621,
2012-10-15,23.434999,97.474998,30.625000,,,,149.712143,92.181313,126.892273,57.840000,,,,,,,,,193.990005,95.603790,56.139790,11.132977,
2012-10-16,23.629999,98.165001,31.014999,,,,149.063812,91.620590,127.001556,58.200001,,,,,,,,,193.059998,95.485382,56.262077,11.173339,
2012-10-17,23.650000,97.955002,31.184999,,,,148.558609,90.766678,127.156364,58.279999,,,,,,,,,192.710007,95.730103,56.567783,11.119524,
2012-10-18,23.695000,98.224998,31.230000,,,,148.642822,90.755684,127.147255,58.520000,,,,,,,,,192.800003,95.777481,56.668797,11.159889,
2012-10-19,23.580000,97.565002,30.985001,,,,148.853302,91.631599,127.138130,58.270000,,,,,,,,,193.039993,95.864326,56.703346,11.186796,
2012-10-22,23.410000,96.305000,30.860001,,,,148.659653,91.455666,127.037956,57.730000,,,,,,,,,192.929993,95.816963,56.735241,11.099346,
2012-10-23,23.165001,95.894997,30.355000,,,,148.811234,92.243607,126.901398,57.240002,,,,,,,,,192.339996,95.895905,56.541199,11.045533,
2012-10-24,23.290001,96.165001,30.495001,,,,147.354553,90.785019,126.901398,57.450001,,,,,,,,,192.509995,95.911674,56.503967,11.058989,
2012-10-25,23.290001,95.894997,30.565001,,,,147.177811,90.158318,126.819450,57.459999,,,,,,,,,192.419998,95.927475,56.546505,11.065717,
2012-10-26,23.295000,95.974998,30.600000,,,,147.556641,90.477158,126.910500,57.459999,,,,,,,,,192.350006,95.990631,56.461441,11.045533,
2012-10-29,23.275000,96.175003,30.490000,,,,148.103928,91.393379,126.783005,57.450001,,,,,,,,,192.389999,96.180115,56.421570,11.045533,
2012-10-30,23.315001,96.209999,30.775000,,,,147.960815,90.792343,126.855873,57.529999,,,,,,,,,192.270004,96.085365,56.381706,11.038802,
2012-10-31,23.235001,95.595001,30.575001,,,,148.103928,90.902283,126.983345,57.290001,,,,,,,,,192.630005,96.235374,56.559811,11.085891,
2012-11-01,23.535000,97.144997,30.955000,,,,148.171326,90.638420,127.056183,58.099998,,,,,,,,,193.250000,96.306419,56.602329,11.159889,
2012-11-02,23.660000,97.834999,31.094999,,,,148.272339,91.147820,127.010674,58.450001,,,,,,,,,193.380005,96.416939,56.716640,11.287698,
2012-11-05,23.535000,97.324997,30.905001,,,,148.423920,91.833145,126.974251,58.230000,,,,,,,,,193.199997,96.495903,56.660816,11.233883,
2012-11-06,23.695000,97.964996,31.094999,,,,148.516510,91.701210,127.129036,58.580002,,,,,,,,,193.910004,96.511681,56.674110,11.267520,
2012-11-07,23.320000,96.055000,30.700001,,,,148.988022,92.097015,127.129036,57.750000,,,,,,,,,193.679993,96.795883,56.775127,11.227155,
2012-11-08,23.334999,96.195000,30.655001,,,,149.013260,92.140984,127.056183,57.730000,,,,,,,,,193.610001,96.803787,56.775127,11.240607,
2012-11-09,23.264999,96.095001,30.620001,,,,149.307953,92.851974,127.147255,57.689999,,,,,,,,,193.729996,96.819565,56.642223,11.193525,
2012-11-12,23.219999,95.675003,30.545000,,,,149.341599,93.189125,127.092644,57.549999,,,,,,,,,193.550003,96.819565,56.727268,11.166615,
2012-11-13,23.305000,96.195000,30.690001,,,,149.425858,93.115837,127.110809,57.709999,,,,,,,,,193.699997,96.677467,56.557152,11.159889,
2012-11-14,23.010000,94.790001,30.385000,,,,149.409012,93.357704,127.192764,57.049999,,,,,,,,,193.589996,96.748520,56.394985,11.052260,
2012-11-15,22.725000,93.360001,30.115000,,,,149.493210,93.339363,127.192764,56.340000,,,,,,,,,193.660004,96.851151,56.246117,10.877360,
2012-11-16,22.680000,93.410004,29.815001,,,,149.737366,93.694885,127.201881,56.320000,,,,,,,,,193.630005,96.866913,56.184990,10.897539,
2012-11-19,23.084999,95.120003,30.469999,,,,149.484802,92.870293,127.174576,57.340000,,,,,,,,,193.889999,96.716942,56.254105,11.032078,
2012-11-20,23.174999,95.570000,30.555000,,,,148.886993,92.635765,127.338486,57.470001,,,,,,,,,193.410004,96.614319,56.315235,11.045533,
2012-11-21,23.205000,95.580002,30.639999,,,,148.727005,92.254593,127.384041,57.540001,,,,,,,,,193.789993,96.590614,56.652836,11.052260,
2012-11-22,23.250000,95.574997,30.815001,,,,148.769119,92.368225,127.538834,57.639999,,,,,,,,,193.860001,96.653778,56.838924,11.072437,
2012-11-23,23.305000,95.629997,30.975000,,,,148.886993,91.741531,127.620773,57.799999,,,,,,,,,194.320007,96.701141,56.756504,11.092621,
2012-11-26,23.230000,95.305000,30.855000,,,,149.114304,92.089684,127.629875,57.590000,,,,,,,,,194.369995,96.835350,56.809666,11.079163,
2012-11-27,23.320000,95.824997,30.945000,,,,149.131180,92.060371,127.702698,57.880001,,,,,,,,,194.399994,96.843246,56.892090,11.092621,
2012-11-28,23.275000,95.580002,30.985001,,,,149.990005,92.382874,127.957710,57.730000,,,,,,,,,195.050003,97.032715,57.040939,11.072437,
2012-11-29,23.500000,96.404999,31.325001,,,,149.964706,92.097015,127.830223,58.279999,,,,,,,,,194.699997,97.064285,57.173851,11.126252,
2012-11-30,23.430000,95.875000,31.240000,,,,149.964706,92.316902,127.775543,58.139999,,,,,25.149879,,,,194.990005,97.080086,57.338673,11.132977,
2012-12-03,23.375000,95.735001,31.330000,,,,149.821594,91.818497,127.866615,58.090000,,,,,25.083309,,,,194.820007,97.032715,57.437023,11.139704,
2012-12-04,23.270000,94.974998,31.305000,,,,150.006836,92.023735,127.903061,57.869999,,,,,25.078609,,,,195.240005,97.119553,57.519444,11.099346,
2012-12-05,23.330000,95.084999,31.410000,,,,150.444641,92.173965,127.875732,58.020000,,,,,25.128910,,,,195.720001,97.380066,57.631092,11.126252,
2012-12-06,23.565001,96.245003,31.629999,,,,150.613052,92.412216,127.666298,58.639999,,,,,25.143230,,,,196.020004,97.435349,57.732101,11.220426,
2012-12-07,23.629999,96.610001,31.650000,,,,150.890945,92.283928,127.848419,58.849998,,,,,25.191450,,,,195.970001,97.530075,57.684242,11.334788,
2012-12-10,23.745001,97.099998,31.705000,,,,150.697220,92.104347,127.338486,59.110001,,,,,25.244030,,,,195.699997,97.403755,57.662968,11.402053,
2012-12-11,23.805000,97.464996,31.825001,,,,150.688828,91.671890,127.575249,59.230000,,,,,25.290970,,,,196.050003,97.459015,57.609821,11.361692,
2012-12-12,23.750000,97.010002,31.850000,,,,150.688828,91.408035,127.730057,59.060001,,,,,25.246830,,,,195.990005,97.474831,57.960705,11.280972,
2012-12-13,23.600000,96.294998,31.715000,,,,150.537247,91.114838,127.775543,58.720001,,,,,25.110189,,,,196.089996,97.482704,58.000576,11.193525,
2012-12-14,23.440001,95.235001,31.680000,,,,150.587799,91.136841,127.812004,58.389999,,,,,25.059570,,,,196.270004,97.537964,58.013866,11.180071,
2012-12-17,23.490000,95.654999,31.684999,,,,150.309921,90.638420,127.857529,58.529999,,,,,25.180330,,,,195.619995,97.490578,57.997917,11.173339,
2012-12-18,23.625000,96.375000,31.820000,,,,150.048889,89.769852,128.030548,58.849998,,,,,25.264299,,,,195.320007,97.466911,58.247795,11.166615,
2012-12-19,23.700001,96.394997,31.940001,,,,150.099457,89.909126,128.076050,59.009998,,,,,25.205320,,,,195.740005,97.553772,58.269066,11.166615,
2012-12-20,23.670000,95.995003,31.959999,,,,150.301529,89.905449,128.212662,58.959999,,,,,25.247459,,,,196.429993,97.632706,58.513618,11.260792,
2012-12-21,23.590000,95.605003,31.855000,,,,150.570953,90.645737,128.121597,58.750000,,,,,25.112410,,,,196.740005,97.735336,58.537544,11.294430,
2012-12-24,23.590000,95.430000,31.790001,,,,150.604630,90.546791,128.112503,58.750000,,,,,25.112410,,,,196.720001,97.727463,58.391346,11.301152,
2012-12-27,23.395000,94.285004,31.809999,,,,150.924561,91.254097,127.975906,58.299999,,,,,24.915541,,,,196.759995,96.330093,58.643890,11.233883,
2012-12-28,23.605000,94.394997,31.680000,,,,151.050873,91.111183,127.912178,58.380001,,,,,24.764380,,,,196.679993,96.432739,58.665131,11.213704,
2012-12-31,23.240000,93.485001,31.635000,,,,150.958191,91.125839,127.966805,58.380001,,,,,24.764380,,,,196.809998,96.409050,58.590714,11.180071,
2013-01-02,24.040001,97.320000,32.419998,,,,150.158371,89.755188,128.449402,60.130001,,,,,25.281830,,,,196.449997,96.282738,59.008060,11.489506,
2013-01-03,24.299999,98.809998,32.494999,,,,149.779495,90.150986,128.585999,60.750000,,,,,25.292259,,,,195.699997,96.180115,59.093136,11.523136,
2013-01-04,24.360001,99.214996,32.634998,,,,149.206909,90.242615,128.558716,60.820000,,,,,25.399380,,,,194.729996,96.148521,59.077183,11.543320,
2013-01-07,24.215000,98.625000,32.494999,,,,149.383759,90.227943,128.422089,60.450001,,,,,25.330999,,,,195.139999,96.203766,59.087807,11.536593,
2013-01-08,24.145000,98.375000,32.415001,,,,149.636337,90.700706,128.540482,60.259998,,,,,25.323561,,,,195.149994,96.298515,59.303127,11.523136,
2013-01-09,24.350000,99.169998,32.669998,,,,149.745819,90.902283,128.804565,60.770000,,,,,25.354031,,,,194.979996,96.409050,59.422756,11.630772,
2013-01-10,24.165001,97.955002,32.595001,,,,149.341599,90.147324,129.205215,60.299999,,,,,25.490669,,,,194.649994,96.148521,59.454639,11.523136,
2013-01-11,24.030001,97.305000,32.549999,,,,149.190125,90.022728,129.132370,59.849998,,,,,25.533319,,,,194.529999,96.116959,59.486553,11.368421,
2013-01-14,24.020000,97.245003,32.439999,,,,149.249054,90.741028,129.013992,59.889999,,,,,25.510799,,,,194.429993,96.172203,59.449333,11.388602,
2013-01-15,24.040001,97.394997,32.455002,,,,149.535309,90.814308,129.059525,59.900002,,,,,25.618839,,,,194.300003,96.203766,59.098442,11.435688,
2013-01-16,24.094999,97.894997,32.439999,,,,149.560577,91.257767,129.086823,60.049999,,,,,25.553989,,,,194.139999,96.164299,59.077183,11.482780,
2013-01-17,24.145000,98.050003,32.615002,,,,149.030136,91.151497,128.977570,60.200001,,,,,25.638639,,,,193.270004,95.974838,59.202118,11.482780,
2013-01-18,24.205000,98.345001,32.580002,,,,149.518494,91.888123,129.041321,60.320000,,,,,25.681499,,,,194.029999,96.101143,59.151604,11.489506,
2013-01-21,24.325001,98.949997,32.645000,,,,149.063812,91.932114,128.904709,60.500000,,,,,25.680590,,,,193.179993,95.959053,59.130352,11.536593,
2013-01-22,24.250000,98.785004,32.619999,,,,149.366913,91.990730,128.877380,60.450001,,,,,25.786440,,,,193.960007,95.966957,59.109062,11.523136,
2013-01-23,24.389999,99.254997,32.680000,,,,149.737366,92.313225,128.941147,60.580002,,,,,25.801510,,,,194.250000,96.053780,58.944267,11.455872,
2013-01-24,24.350000,99.355003,32.775002,,,,149.467972,92.379211,128.959351,60.660000,,,,,25.822781,,,,194.080002,95.895905,58.819321,11.476052,
2013-01-25,24.379999,98.584999,32.889999,,,,148.828018,91.913788,128.840988,60.270000,,,,,25.900980,,,,193.479996,95.595894,58.768810,11.388602,
2013-01-28,24.280001,98.714996,32.834999,,,,148.188156,92.042038,128.731720,60.270000,,,,,25.906090,,,,193.360001,95.359062,58.651855,11.395327,
2013-01-29,24.320000,98.904999,32.974998,,,,148.356552,91.833145,128.868317,60.490002,,,,,26.048040,,,,193.440002,95.311691,57.966019,11.422234,
2013-01-30,24.190001,98.235001,32.775002,,,,147.969254,91.316406,128.595108,60.119999,,,,,26.055830,,,,193.419998,95.074844,58.003242,11.314607,
2013-01-31,24.075001,97.605003,32.634998,,,,148.398682,91.151497,128.631516,59.820000,,,,,26.070959,,,,193.919998,95.066963,57.785263,11.280972,
2013-02-01,24.049999,97.680000,32.674999,,,,148.541809,91.994400,128.613327,59.810001,,,,,26.192200,,,,194.130005,95.232735,58.019192,11.233883,
2013-02-04,24.070000,98.095001,32.235001,,,,148.516510,91.990730,128.321930,59.799999,,,,,26.017960,,,,194.080002,95.224854,57.867664,11.267520,
2013-02-05,24.139999,98.419998,32.380001,,,,148.255493,92.188637,128.476730,59.880001,,,,,26.067160,,,,194.050003,95.114342,57.838428,11.260792,
2013-02-06,24.170000,98.879997,32.290001,,,,148.314423,92.357216,128.340149,60.000000,,,,,26.177139,,,,194.139999,95.216972,58.109581,11.260792,
2013-02-07,24.219999,99.275002,32.185001,,,,148.693314,92.474495,128.440292,60.150002,,,,,26.160151,,,,194.610001,95.374847,57.923504,11.314607,
2013-02-08,24.495001,100.404999,32.555000,,,,148.794373,91.532631,128.467636,60.820000,,,,,26.255699,,,,194.770004,95.477493,57.923504,11.415507,
2013-02-11,24.420000,100.180000,32.349998,,,,148.659653,92.503807,128.431213,60.650002,,,,,26.168180,,,,194.309998,95.469589,58.003242,11.415507,
2013-02-12,24.415001,99.980003,32.535000,,,,148.541809,92.463509,128.585999,60.660000,,,,,26.275810,,,,194.199997,95.422226,57.960705,11.415507,
2013-02-13,24.485001,100.135002,32.680000,,,,148.524918,92.903282,128.731720,60.790001,,,,,26.244341,,,,194.139999,95.477493,58.109581,11.469326,
2013-02-14,24.625000,101.070000,32.665001,,,,148.811234,93.119499,128.822754,61.130001,,,,,26.215811,,,,194.250000,95.651161,58.117550,11.536593,
2013-02-15,24.565001,101.000000,32.540001,,,,148.693314,93.101181,128.813675,61.000000,,,,,26.233141,,,,193.630005,95.611687,58.253109,11.502957,
2013-02-18,24.549999,101.000000,32.520000,,,,148.886993,93.496971,128.740814,61.060001,,,,,19.700001,,,,193.779999,95.659058,58.215904,11.509685,
2013-02-19,24.674999,101.235001,32.865002,,,,148.988022,93.845154,128.731720,61.340000,,,,,19.780001,,,,193.559998,95.785362,58.327549,11.536593,
2013-02-20,24.695000,101.245003,32.779999,,,,148.777512,94.537804,128.725769,61.310001,,,,,19.900000,,,,193.240005,95.745888,58.514519,11.576953,
2013-02-21,24.514999,100.809998,32.325001,,,,149.366913,95.036201,128.615311,60.860001,,,,,19.959999,,,,193.529999,95.966957,58.365948,11.529863,
2013-02-22,24.740000,101.629997,32.724998,,,,149.594284,95.127800,128.716614,61.430000,,,,,20.150000,,,,193.279999,96.101143,58.451241,11.610593,
2013-02-25,24.775000,101.900002,32.715000,,,,149.577438,96.274902,128.771866,61.480000,,,,,20.160000,,,,193.279999,96.132736,58.525528,11.590408,
2013-02-26,24.610001,101.000000,32.305000,,,,150.015244,96.754997,127.915451,61.060001,,,,,20.230000,,,,193.589996,96.251152,58.200886,11.550045,
2013-02-27,24.885000,102.084999,32.619999,,,,150.250992,96.645058,128.219345,61.549999,,,,,20.209999,,,,193.339996,96.251152,58.415470,11.677855,
2013-02-28,24.980000,103.029999,32.884998,,,,150.444641,96.304230,128.431122,62.020000,,,,,20.450001,,,,193.990005,96.353775,58.478756,11.738401,
2013-03-01,25.115000,103.485001,32.825001,,,,150.823517,97.542953,128.421936,62.270000,,,,,20.590000,,,,194.699997,96.448532,58.214634,11.758582,
2013-03-04,25.110001,103.589996,32.810001,,,,150.823517,97.139809,128.375900,62.220001,,,,,20.690001,,,,194.929993,96.480103,58.368706,11.778763,
2013-03-05,25.465000,105.070000,33.375000,,,,150.730896,96.696373,128.560059,63.099998,,,,,20.879999,,,,194.649994,96.377472,58.652092,11.866211,
2013-03-06,25.490000,105.214996,33.299999,,,,150.773026,96.941917,128.781067,63.290001,,,,,27.092850,,,,194.759995,96.472214,58.775887,11.886394,
2013-03-07,25.410000,104.735001,33.305000,,,,150.680420,96.494804,128.863922,62.889999,,,,,27.108021,,,,194.279999,96.314308,58.806126,11.839303,
2013-03-08,25.639999,105.824997,33.564999,,,,150.613052,96.689026,128.854721,63.630001,,,,,27.083191,,,,194.490005,96.330093,58.913441,11.825846,
2013-03-11,25.660000,105.949997,33.564999,,,,150.697220,96.890587,128.808685,63.650002,,,,,27.170031,,,,194.160004,96.416939,58.965714,11.819122,
2013-03-12,25.620001,105.714996,33.560001,,,,151.017197,97.326729,128.854721,63.470001,,,,,27.207710,,,,194.050003,96.543243,58.962944,11.772035,
2013-03-13,25.750000,106.565002,33.584999,,,,151.017197,96.846634,128.735016,63.770000,,,,,27.145710,,,,193.910004,96.559044,58.971199,11.825846,
2013-03-14,25.850000,106.769997,33.939999,,,,150.958191,95.912094,128.781067,64.029999,,,,,27.304251,,,,193.820007,96.598511,58.993210,11.846032,
2013-03-15,25.754999,106.220001,33.785000,,,,151.202408,95.897453,128.799469,63.750000,,,,,27.427549,,,,193.770004,96.693253,58.971199,11.778763,
2013-03-18,25.799999,106.525002,33.764999,,,,151.572906,96.263939,128.827072,63.840000,,,,,27.274651,,,,193.869995,96.709038,58.852898,11.832573,
2013-03-19,25.760000,106.459999,33.615002,,,,151.867615,96.700012,128.716614,63.700001,,,,,27.399000,,,,193.820007,96.914307,58.883171,11.832573,
2013-03-20,25.830000,106.779999,33.744999,,,,151.657120,96.395866,128.771866,63.869999,,,,,27.518290,,,,193.149994,96.772194,58.907928,11.819122,
2013-03-21,25.805000,106.779999,33.514999,,,,152.019165,96.230911,128.900787,63.810001,,,,,27.509371,,,,194.210007,96.819565,58.907928,11.866211,
2013-03-22,25.725000,106.309998,33.480000,,,,151.993866,95.846130,128.900787,63.540001,,,,,27.654369,,,,194.190002,96.748520,58.880421,11.839303,
2013-03-25,25.834999,107.169998,33.404999,,,,152.052811,96.322533,128.845520,63.910000,,,,,27.665661,,,,193.710007,96.961678,58.902424,11.946930,
2013-03-26,25.950001,107.754997,33.455002,,,,151.968628,96.542435,128.827072,64.150002,,,,,27.872730,,,,193.839996,96.874825,58.932693,12.054561,
2013-03-27,26.065001,108.474998,33.340000,,,,152.339127,97.187447,128.624496,64.510002,,,,,27.877069,,,,194.490005,96.914307,58.841900,12.135283,
2013-03-28,26.075001,108.495003,33.459999,,,,152.212799,96.809967,128.642914,64.540001,,,,,28.070971,,,,194.759995,96.787979,58.720844,12.121831,
2013-04-02,26.135000,108.875000,33.875000,,,,152.381195,97.128822,128.974472,64.830002,,,,,28.024540,,,,195.199997,96.740631,58.715351,12.242916,
2013-04-03,26.030001,107.894997,33.570000,,,,152.608536,97.183792,129.048111,64.080002,,,,,27.964041,,,,195.830002,96.851151,58.907928,12.162193,
2013-04-04,25.885000,107.695000,33.240002,,,,153.265259,97.202118,129.195435,63.889999,,,,,27.972811,,,,196.850006,96.922203,58.880421,12.216008,
2013-04-05,25.405001,105.485001,32.720001,,,,154.241974,96.850288,129.444107,62.689999,,,,,27.901560,,,,198.199997,97.016914,58.869431,12.047836,
2013-04-08,25.545000,106.059998,32.790001,,,,154.140930,97.154480,129.453278,62.970001,,,,,28.019171,,,,198.320007,96.953758,58.891426,12.135283,
2013-04-09,25.549999,106.125000,32.830002,,,,153.812576,96.659721,129.351990,63.070000,,,,,28.045019,,,,197.419998,97.064285,59.067501,12.115105,
2013-04-10,25.955000,107.695000,33.430000,,,,153.484207,96.304230,129.453278,64.080002,,,,,28.289249,,,,196.690002,97.016914,59.188553,12.229463,
2013-04-11,26.405001,108.110001,33.630001,,,,153.517883,95.868118,129.444107,64.370003,,,,,28.411539,,,,196.259995,97.135353,59.287598,12.289999,
2013-04-12,25.889999,107.489998,33.340000,,,,153.905197,96.428825,129.453278,63.840000,,,,,28.428230,,,,196.160004,97.269562,59.317863,12.276547,
2013-04-15,25.775000,107.195000,33.154999,,,,153.989365,96.960258,129.453278,63.509998,,,,,28.085939,,,,196.279999,97.324829,59.361877,12.256366,
2013-04-16,25.559999,105.985001,32.884998,,,,153.804123,96.949249,129.490112,63.000000,,,,,28.277269,,,,195.899994,97.222183,59.312351,12.202555,
2013-04-17,25.375000,105.555000,32.404999,,,,154.317764,97.473320,129.637451,62.560001,,,,,28.140459,,,,195.800003,97.380066,59.339863,12.168920,
2013-04-18,25.315001,105.150002,32.380001,,,,154.292450,97.304733,129.674301,62.410000,,,,,21.530001,,,,195.619995,97.364326,59.295837,12.195828,
2013-04-19,25.415001,105.559998,32.564999,,,,154.233521,97.345055,129.720352,62.740002,,,,,21.620001,,,,195.570007,97.285347,59.306858,12.296731,
2013-04-22,25.500000,105.860001,32.619999,,,,154.806091,97.539284,129.913696,62.869999,,,,,21.680000,,,,196.589996,97.443245,59.386639,12.330366,
2013-04-23,25.985001,107.820000,33.400002,,,,155.041840,97.352371,130.079453,63.990002,,,,,21.959999,,,,197.360001,97.466911,59.480160,12.451447,
2013-04-24,26.115000,108.029999,33.674999,,,,155.114273,96.586418,129.959763,64.349998,,,,,21.950001,,,,197.699997,97.719551,59.612213,12.478357,
2013-04-25,26.290001,108.574997,33.935001,,,,154.944275,95.285423,129.913696,64.800003,,,,,22.030001,,,,197.479996,97.695862,59.617714,12.491811,
2013-04-26,26.150000,107.910004,33.830002,,,,155.190781,95.377014,129.968979,64.360001,,,,,21.990000,,,,197.660004,97.814308,59.672771,12.417813,
2013-04-29,26.200001,107.904999,34.044998,,,,155.496811,95.391701,130.208359,64.510002,,,,,21.950001,,,,196.759995,97.956383,59.848816,12.411085,
2013-04-30,26.174999,107.500000,33.965000,,,,155.598831,95.036201,130.328094,64.389999,,,,,21.889999,,,,197.600006,98.027420,60.008389,12.411085,
2013-05-01,26.174999,107.500000,33.965000,,,,155.598831,95.204781,130.328094,64.389999,,,,,21.889999,,,,197.600006,98.027420,59.923103,12.411085,
2013-05-02,26.355000,108.714996,34.150002,,,,156.193893,95.622574,130.493851,64.889999,,,,,22.090000,,,,197.830002,98.303757,59.947887,12.592712,
2013-05-03,26.575001,109.544998,34.505001,,,,155.615799,94.497467,130.484634,65.430000,,,,,22.070000,,,,197.929993,98.327461,60.085430,12.606165,
2013-05-06,26.615000,109.824997,34.529999,,,,155.547836,94.497467,130.447800,65.489998,,,,,22.070000,,,,198.100006,98.374794,60.085430,12.633076,
2013-05-07,26.660000,110.195000,34.605000,,,,155.105713,94.852951,130.466217,65.720001,,,,,22.040001,,,,197.100006,98.248489,60.195461,12.653254,
2013-05-08,26.695000,110.004997,34.875000,,,,155.420288,94.244606,130.512238,65.800003,,,,,22.030001,,,,197.179993,98.414276,60.247765,12.619623,
2013-05-09,26.795000,110.635002,34.884998,,,,155.207764,94.765007,130.438583,66.050003,,,,,22.059999,,,,196.179993,98.469543,60.250500,12.606165,
2013-05-10,27.055000,111.964996,35.000000,,,,154.136688,95.105843,130.401764,66.599998,,,,,22.190001,,,,195.089996,98.137962,60.250500,12.713797,
2013-05-13,27.025000,111.934998,34.924999,,,,154.213181,95.212097,130.254425,66.540001,,,,,22.139999,,,,195.529999,98.272186,60.162464,12.673432,
2013-05-14,27.209999,112.980003,35.075001,,,,153.992142,95.530952,130.162354,66.949997,,,,,22.260000,,,,195.679993,98.161644,60.085430,12.727249,
2013-05-15,27.520000,114.584999,35.355000,,,,153.975174,95.571281,130.162354,67.730003,,,,,22.570000,,,,195.679993,98.201118,60.074413,12.841602,
2013-05-16,27.485001,114.574997,35.380001,,,,154.587189,95.501633,130.272827,67.629997,,,,,22.459999,,,,196.149994,98.382698,60.090935,12.834876,
2013-05-17,27.610001,115.144997,35.455002,,,,154.952774,96.018379,130.493851,67.930000,,,,,22.510000,,,,196.259995,98.453735,60.112957,12.922329,
2013-05-20,27.730000,115.529999,35.625000,,,,154.553238,95.435677,130.438583,68.199997,,,,,22.490000,,,,196.020004,98.295853,60.154190,12.942510,
2013-05-21,27.680000,115.154999,35.645000,,,,154.221680,95.879112,130.364929,68.050003,,,,,22.420000,,,,196.460007,98.256386,60.217464,12.942510,
2013-05-22,27.844999,116.089996,35.730000,,,,154.527725,96.480148,130.383331,68.519997,,,,,22.510000,,,,196.770004,98.398483,60.256012,12.962686,
2013-05-23,27.150000,113.720001,35.025002,,,,153.949661,95.692184,130.217575,66.699997,,,,,22.010000,,,,195.970001,98.185341,59.975380,12.464906,
2013-05-24,26.980000,113.120003,34.904999,,,,153.703140,95.717842,130.014999,66.300003,,,,,21.930000,,,,196.380005,98.209030,59.975380,12.269824,
2013-05-27,27.105000,113.934998,35.099998,,,,153.686096,95.717842,130.153107,66.519997,,,,,21.950001,,,,196.050003,98.066917,59.975380,12.370725,
2013-05-28,27.400000,115.415001,35.459999,,,,153.354568,95.395370,130.180771,67.430000,,,,,22.120001,,,,196.339996,97.956383,60.002899,12.458176,
2013-05-29,26.865000,113.074997,34.834999,,,,152.700043,94.673386,129.987366,65.970001,,,,,21.600000,,,,196.020004,97.766930,59.887360,12.007476,
2013-05-30,26.900000,113.195000,34.970001,,,,152.861572,94.343536,130.079453,66.070000,,,,,21.490000,,,,194.860001,97.814308,59.752537,11.906571,
2013-05-31,26.850000,113.769997,34.669998,,,,152.819061,94.369202,130.024231,65.989998,,,,,21.420000,,,,194.770004,97.766930,59.636982,11.859483,
2013-06-03,26.270000,110.495003,34.400002,,,,152.742508,93.749847,130.042633,64.599998,,,,,21.040001,,,,194.070007,97.632706,59.458164,11.711493,
2013-06-04,26.535000,111.790001,34.509998,,,,152.759552,93.518974,130.097900,65.230003,,,,,21.160000,,,,194.809998,97.561653,59.529694,11.711493,
2013-06-05,26.070000,110.125000,34.000000,,,,152.929565,93.332054,130.088669,64.029999,,,,,20.879999,,,,193.809998,97.553772,59.422386,11.489506,
2013-06-06,25.760000,108.805000,33.595001,,,,152.147476,92.591759,129.738724,63.259998,,,,,20.650000,,,,192.800003,97.348503,59.050995,11.334788,
2013-06-07,26.190001,110.790001,34.029999,,,,152.164474,92.064049,129.830841,64.180000,,,,,20.889999,,,,192.139999,97.285347,59.163799,11.482780,
2013-06-10,26.209999,110.805000,34.000000,,,,151.790436,91.572937,129.683502,64.180000,,,,,20.940001,,,,191.360001,97.166916,59.243576,11.402053,
2013-06-11,25.985001,110.105003,33.610001,,,,151.365387,91.272423,129.637451,63.549999,,,,,20.830000,,,,189.899994,96.851151,58.781372,11.180071,
2013-06-12,25.770000,108.695000,33.525002,,,,151.535446,90.905960,129.582199,62.950001,,,,,20.670000,,,,189.750000,96.930092,58.880421,11.045533,
2013-06-13,25.700001,108.184998,33.485001,,,,151.875397,90.807007,129.508530,62.799999,,,,,20.600000,,,,190.240005,96.866913,58.701599,11.065717,
2013-06-14,25.805000,109.074997,33.549999,,,,152.563995,91.554626,129.619034,63.099998,,,,,20.730000,,,,191.809998,97.182724,59.067501,11.247334,
2013-06-17,26.080000,109.985001,33.785000,,,,152.589554,91.316406,129.637451,63.709999,,,,,20.959999,,,,192.000000,97.222183,59.207813,11.321331,
2013-06-18,26.049999,109.754997,33.764999,,,,152.172943,91.378693,129.609833,63.650002,,,,,20.879999,,,,191.899994,96.945892,59.155540,11.294430,
2013-06-19,26.045000,109.815002,33.685001,,,,152.359985,91.140495,129.701904,63.580002,,,,,20.910000,,,,192.080002,97.080086,59.315094,11.267520,
2013-06-20,25.465000,108.235001,32.654999,,,,150.481323,90.898613,129.324356,62.060001,,,,,20.490000,,,,189.850006,96.298515,58.456741,10.850451,
2013-06-21,25.285000,107.195000,32.264999,,,,149.716248,90.605438,129.140182,61.709999,,,,,20.520000,,,,187.729996,95.761681,58.393463,10.756277,
2013-06-24,24.995001,106.410004,31.815001,,,,148.458145,89.718552,128.817902,60.849998,,,,,20.320000,,,,185.679993,95.295898,57.240723,10.608286,
2013-06-25,25.405001,108.074997,32.279999,,,,148.500626,89.788177,128.771866,61.869999,,,,,20.639999,,,,186.559998,95.374847,57.912018,10.897539,
2013-06-26,25.770000,109.654999,32.805000,,,,149.469711,90.513809,129.121796,62.759998,,,,,20.830000,,,,187.570007,94.324867,58.231133,11.146436,
2013-06-27,26.035000,110.625000,33.035000,,,,150.073273,91.473969,129.379608,63.490002,,,,,21.020000,,,,188.929993,94.711708,58.764870,11.287698,
2013-06-28,25.975000,110.555000,32.889999,,,,150.098785,91.737885,129.398026,63.570000,,,,,21.160000,,,,189.279999,94.861702,58.484253,11.375147,
2013-07-01,26.120001,110.970001,33.220001,,,,150.540848,91.572937,129.600632,63.930000,,,,,21.180000,,,,189.960007,94.885384,58.811642,11.321331,
2013-07-02,26.155001,111.004997,33.080002,,,,150.744843,91.976082,129.683502,63.930000,,,,,21.250000,,,,190.149994,95.114342,58.935440,11.408781,
2013-07-03,26.004999,110.519997,32.869999,,,,150.642853,91.426361,129.600632,63.480000,,,,,21.129999,,,,190.729996,94.964333,58.720844,11.301152,
2013-07-04,26.510000,112.445000,33.660000,,,,151.203903,92.294899,129.987366,64.690002,,,,,21.430000,,,,191.699997,95.327484,58.671341,11.516411,
2013-07-05,26.395000,112.345001,33.235001,,,,150.685318,92.071365,130.079453,64.400002,,,,,21.309999,,,,192.119995,95.224854,58.792377,11.334788,
2013-07-08,26.665001,113.644997,33.650002,,,,151.067841,92.053047,130.153107,65.040001,,,,,21.549999,,,,191.580002,95.169594,58.935440,11.502957,
2013-07-09,27.035000,115.305000,33.959999,,,,151.356918,93.101181,130.125519,65.940002,,,,,21.809999,,,,191.369995,95.485382,59.370132,11.650950,
2013-07-10,26.930000,114.650002,34.005001,,,,151.195389,92.214287,129.950531,65.779999,,,,,21.730000,,,,190.800003,95.501167,59.293083,11.576953,
2013-07-11,26.934999,114.175003,34.200001,,,,151.348465,91.492317,129.895279,65.800003,,,,,21.719999,,,,191.429993,95.627472,59.513191,11.664404,
2013-07-12,26.959999,114.464996,34.169998,,,,151.875397,91.976082,129.812424,65.870003,,,,,21.730000,,,,191.500000,95.714310,59.480160,11.644224,
2013-07-15,27.110001,115.084999,34.294998,,,,151.773453,92.148323,129.858444,66.260002,,,,,21.830000,,,,191.889999,95.651161,59.425156,11.711493,
2013-07-16,26.840000,113.705002,34.044998,,,,152.079468,92.027382,129.895279,65.720001,,,,,21.620001,,,,192.779999,95.809059,59.466408,11.603863,
2013-07-17,27.020000,114.485001,34.255001,,,,152.062469,92.232605,129.867661,66.050003,,,,,21.700001,,,,191.929993,95.848541,59.584728,11.677855,
2013-07-18,27.230000,115.370003,34.529999,,,,152.436523,91.836800,130.014999,66.550003,,,,,21.790001,,,,191.669998,95.998528,59.659000,11.718220,
2013-07-19,27.100000,114.705002,34.570000,,,,152.334488,91.723206,130.107101,66.199997,,,,,21.719999,,,,191.500000,95.935387,59.694756,11.677855,
2013-07-22,27.125000,114.745003,34.610001,,,,152.496017,91.191811,130.189957,66.269997,,,,,21.639999,,,,191.779999,95.959053,59.771793,11.684584,
2013-07-23,27.049999,114.305000,34.525002,,,,152.198517,91.004898,130.134689,66.150002,,,,,21.590000,,,,191.699997,95.935387,59.788296,11.650950,
2013-07-24,27.055000,114.084999,34.764999,,,,151.424896,90.433182,130.180771,66.099998,,,,,21.520000,,,,190.899994,95.698532,59.843330,11.462600,
2013-07-25,26.865000,113.379997,34.605000,,,,151.263382,90.326912,130.199188,65.690002,,,,,21.400000,,,,190.919998,95.619583,59.598461,11.388602,
2013-07-26,26.740000,112.949997,34.485001,,,,151.373917,90.634743,130.153107,65.330002,,,,,21.290001,,,,190.820007,95.682732,59.689278,11.361692,
2013-07-29,26.754999,113.355003,34.509998,,,,151.220901,90.601761,130.051819,65.349998,,,,,21.379999,,,,190.800003,95.674850,59.565453,11.354970,
2013-07-30,26.825001,113.790001,34.520000,,,,151.305908,91.177147,130.107101,65.430000,,,,,21.440001,,,,190.679993,95.722206,59.689278,11.361692,
2013-07-31,26.850000,113.980003,34.630001,,,,151.356918,90.872963,130.107101,65.379997,,,,,21.389999,,,,191.000000,95.738007,59.766285,11.139704,
2013-08-01,27.135000,114.974998,35.014999,,,,151.467468,90.979240,130.171539,66.209999,,,,,21.580000,,,,191.690002,95.698532,59.901093,11.233883,
2013-08-02,27.090000,114.485001,35.055000,,,,151.815933,90.645737,130.328094,66.160004,,,,,21.540001,,,,192.259995,95.911674,59.881851,11.166615,
2013-08-05,27.170000,114.995003,35.060001,,,,151.399429,90.337906,130.245239,66.279999,,,,,21.590000,,,,191.710007,95.832741,59.939629,11.159889,
2013-08-06,26.975000,113.864998,34.955002,,,,151.407944,90.096016,130.263657,65.760002,,,,,21.469999,,,,192.020004,95.872208,59.931366,11.119524,
2013-08-07,26.785000,113.055000,34.910000,,,,151.526917,89.476662,130.337265,65.339996,,,,,21.370001,,,,191.960007,96.030113,59.975380,11.032078,
2013-08-08,26.770000,112.894997,35.040001,,,,151.773453,89.681885,130.392548,65.300003,,,,,21.250000,,,,191.809998,96.061668,59.961632,10.998442,
2013-08-09,26.885000,113.044998,35.244999,,,,151.866943,89.780846,130.401764,65.610001,,,,,21.330000,,,,191.809998,96.124825,59.931366,11.119524,
2013-08-12,26.985001,113.474998,35.264999,,,,151.798935,90.063049,130.466217,65.879997,,,,,21.410000,,,,191.360001,96.085365,59.991879,11.099346,
2013-08-13,27.120001,113.925003,35.490002,,,,150.770370,89.220123,130.364929,66.209999,,,,,21.500000,,,,190.669998,95.777481,60.079914,11.106073,
2013-08-14,27.139999,113.875000,35.634998,,,,150.999893,88.871964,130.493851,66.309998,,,,,21.469999,,,,190.960007,95.832741,60.110191,11.058989,
2013-08-15,26.785000,112.245003,35.244999,,,,150.268829,88.106033,130.429382,65.480003,,,,,21.209999,,,,189.949997,95.635368,60.085430,10.863905,
2013-08-16,26.715000,111.375000,35.360001,,,,150.515305,87.768852,130.493851,65.260002,,,,,21.049999,,,,190.119995,95.666946,60.024906,10.789908,
2013-08-19,26.565001,110.815002,35.180000,,,,150.132782,87.006569,130.383331,64.879997,,,,,20.959999,,,,189.809998,95.588005,59.997375,10.628465,
2013-08-20,26.355000,110.175003,34.869999,,,,150.430328,87.270447,130.328094,64.339996,,,,,20.850000,,,,189.630005,95.730103,59.865341,10.615009,
2013-08-21,26.280001,110.144997,34.709999,,,,150.047775,87.083542,130.309662,64.040001,,,,,20.760000,,,,189.250000,95.516960,59.865341,10.561196,
2013-08-22,26.424999,110.555000,35.020000,,,,149.775757,87.127510,130.328094,64.430000,,,,,20.799999,,,,188.830002,95.287987,59.818569,10.588105,
2013-08-23,26.504999,110.735001,35.169998,,,,149.699280,87.713890,130.328094,64.599998,,,,,20.840000,,,,189.149994,95.248528,59.730534,10.655373,
2013-08-26,26.620001,111.495003,35.160000,,,,149.903275,87.713890,130.245239,64.959999,,,,,20.920000,,,,189.240005,95.406441,59.730534,10.689007,
2013-08-27,26.184999,109.555000,34.564999,,,,150.098785,88.344231,130.153107,63.810001,,,,,20.700001,,,,189.270004,95.430107,59.546215,10.514108,
2013-08-28,26.174999,109.620003,34.424999,,,,149.954254,88.424858,130.179886,63.849998,,,,,20.730000,,,,189.029999,95.319588,59.596199,10.594832,
2013-08-29,26.485001,111.169998,34.645000,,,,150.149765,88.395561,130.207748,64.589996,,,,,20.910000,,,,188.860001,95.422226,59.664452,10.615009,
2013-08-30,26.230000,110.459999,34.320000,,,,150.107330,88.838989,130.254196,64.129997,,,,,20.809999,,,,188.529999,95.422226,59.709965,10.641917,
2013-09-02,26.690001,111.714996,34.915001,,,,149.928787,87.765190,130.300659,65.040001,,,,,21.059999,,,,187.850006,95.351173,59.738400,10.756277,
2013-09-03,26.610001,111.474998,34.779999,,,,149.614227,87.490318,130.291382,65.019997,,,,,20.980000,,,,187.990005,95.248528,59.769657,10.621737,
2013-09-04,26.684999,111.669998,34.895000,,,,149.537720,87.138519,130.254196,65.190002,,,,,20.930000,,,,188.089996,95.264328,59.835079,10.655373,
2013-09-05,26.940001,112.910004,35.139999,,,,148.364594,86.592438,130.059113,65.889999,,,,,21.090000,,,,187.289993,94.869583,59.852142,10.668830,
2013-09-06,26.975000,112.750000,35.299999,,,,149.291199,86.870972,130.124161,65.930000,,,,,21.100000,,,,188.050003,95.224854,59.863525,10.789908,
2013-09-09,26.920000,112.205002,35.264999,,,,149.189209,86.614441,130.133438,65.870003,,,,,21.020000,,,,187.559998,95.224854,59.843620,10.776456,
2013-09-10,27.230000,113.394997,35.715000,,,,148.628159,86.163658,130.124161,66.629997,,,,,21.139999,,,,186.750000,95.019585,60.091038,10.884085,
2013-09-11,27.184999,113.224998,35.825001,,,,148.968201,85.683571,130.189178,66.550003,,,,,21.120001,,,,187.309998,95.153816,60.267357,10.870634,
2013-09-12,27.184999,113.275002,35.830002,,,,149.418747,86.148994,130.235611,66.529999,,,,,21.120001,,,,187.830002,95.272224,60.292953,10.863905,
2013-09-13,27.264999,113.695000,35.904999,,,,149.427216,85.815514,130.161301,66.690002,,,,,21.219999,,,,188.190002,95.280113,60.318550,10.904267,
2013-09-16,27.420000,114.144997,36.145000,,,,150.149765,86.152679,130.356400,67.059998,,,,,21.309999,,,,188.500000,95.477493,60.332760,10.984988,
2013-09-17,27.375000,114.055000,36.014999,,,,150.056305,85.903450,130.375000,66.860001,,,,,21.240000,,,,188.770004,95.382751,60.346977,10.971536,
2013-09-18,27.415001,114.114998,36.139999,,,,149.843750,85.412384,130.449310,66.980003,,,,,21.280001,,,,188.190002,95.406441,60.324245,10.924447,
2013-09-19,27.465000,113.915001,36.369999,,,,150.787369,86.072052,130.635117,67.279999,,,,,21.320000,,,,188.960007,95.816963,60.671169,11.227155,
2013-09-20,27.410000,113.735001,36.279999,,,,150.600311,86.233299,130.746597,67.050003,,,,,21.240000,,,,189.119995,95.769569,60.506229,11.072437,
2013-09-23,27.240000,112.764999,36.169998,,,,150.957397,86.306595,130.793060,66.610001,,,,,21.200001,,,,188.649994,95.801163,60.466415,11.018620,
2013-09-24,27.315001,113.055000,36.174999,,,,151.611923,86.841652,130.765198,66.769997,,,,,21.250000,,,,189.240005,96.093246,60.500538,10.984988,
2013-09-25,27.209999,112.464996,36.105000,,,,151.764969,86.632759,130.811676,66.480003,,,,,21.160000,,,,189.490005,96.124825,60.614304,10.937902,
2013-09-26,27.260000,112.555000,36.134998,,,,151.552444,86.940605,130.709457,66.690002,,,,,21.180000,,,,189.020004,96.140633,60.631378,10.998442,
2013-09-27,27.100000,111.754997,36.044998,,,,151.798935,86.511833,130.597992,66.220001,,,,,21.040001,,,,189.550003,96.235374,60.659813,10.917722,
2013-09-30,27.000000,111.275002,35.845001,,,,151.807449,86.090370,130.635117,65.830002,,,,,21.010000,,,,190.199997,96.164299,60.614304,10.897539,
2013-10-01,27.135000,112.089996,36.110001,,,,152.062469,85.991417,130.867401,66.260002,,,,,21.070000,,,,190.460007,96.132736,60.634201,11.038802,
2013-10-02,26.889999,111.144997,35.855000,,,,152.045502,86.127029,130.950989,65.800003,,,,,20.850000,,,,190.100006,96.164299,60.722374,10.924447,
2013-10-03,26.715000,110.235001,35.700001,,,,152.053986,86.456841,130.895248,65.800003,,,,,20.850000,,,,190.039993,96.195877,60.725216,10.816819,
2013-10-04,26.830000,110.855003,35.755001,,,,152.053986,86.757362,131.016022,65.650002,,,,,20.770000,,,,190.410004,96.116959,60.830437,10.803365,
2013-10-07,26.795000,110.985001,35.669998,,,,152.249496,86.805008,130.997452,65.660004,,,,,20.770000,,,,189.839996,96.235374,60.858875,10.843725,
2013-10-08,26.545000,109.745003,35.380001,,,,152.113495,86.673088,130.969589,65.019997,,,,,20.670000,,,,190.199997,96.180115,60.938519,10.769728,
2013-10-09,26.500000,109.345001,35.200001,,,,152.019974,87.395035,130.913849,64.889999,,,,,20.690001,,,,190.100006,96.211678,60.932812,10.796637,
2013-10-10,26.980000,111.349998,35.805000,,,,151.654449,86.731720,130.978867,66.120003,,,,,20.930000,,,,189.729996,96.109055,60.978302,10.964808,
2013-10-11,27.110001,112.000000,35.965000,,,,151.866943,87.321739,131.016022,66.459999,,,,,20.990000,,,,189.199997,96.235374,61.035191,10.991716,
2013-10-14,27.090000,111.934998,36.009998,,,,151.985962,86.980927,131.062515,66.410004,,,,,20.980000,,,,189.050003,96.274834,61.075005,11.018620,
2013-10-15,27.430000,113.565002,36.320000,,,,151.552444,86.863632,131.081055,67.230003,,,,,21.150000,,,,189.399994,96.235374,61.129036,11.092621,
2013-10-16,27.525000,114.125000,36.389999,,,,151.390900,87.072556,131.136810,67.580002,,,,,21.250000,,,,188.839996,96.187996,61.188766,11.180071,
2013-10-17,27.389999,113.120003,36.470001,,,,151.934967,86.570450,131.229721,67.220001,,,,,21.180000,,,,189.059998,96.401146,61.291134,11.153163,
2013-10-18,27.565001,113.864998,36.755001,,,,152.343002,86.574135,131.266891,67.669998,,,,,21.270000,,,,189.350006,96.559044,61.376472,11.220426,
2013-10-21,27.635000,114.205002,36.865002,,,,152.240982,86.592438,131.276169,67.870003,,,,,21.299999,,,,189.470001,96.559044,61.439022,11.173339,
2013-10-22,27.629999,113.864998,37.040001,,,,152.963577,86.819664,131.369064,67.830002,,,,,21.340000,,,,190.279999,96.748520,61.467457,11.159889,
2013-10-23,27.459999,113.514999,36.830002,,,,153.351257,86.603455,131.406250,67.360001,,,,,21.320000,,,,190.240005,96.827461,61.495911,11.079163,
2013-10-24,27.530001,113.705002,37.009998,,,,153.231033,86.387230,131.313324,67.529999,,,,,21.290001,,,,190.880005,96.780090,61.524345,11.038802,
2013-10-25,27.549999,114.035004,36.974998,,,,153.213837,86.500816,131.229721,67.489998,,,,,21.290001,,,,191.119995,96.787979,61.433342,11.119524,
2013-10-28,27.610001,114.480003,36.965000,,,,153.351257,86.614441,131.266891,67.660004,,,,,21.370001,,,,191.160004,96.795883,61.475994,11.058989,
2013-10-29,27.770000,115.404999,37.090000,,,,153.651840,87.094543,131.331909,68.070000,,,,,21.500000,,,,191.309998,96.874825,61.515808,11.092621,
2013-10-30,27.715000,115.125000,37.055000,,,,154.003998,87.208153,131.350510,67.949997,,,,,21.450001,,,,191.539993,97.119553,61.626713,11.032078,
2013-10-31,28.020000,116.360001,37.215000,,,,154.364731,86.750023,131.489868,68.459999,,,,,21.709999,,,,191.500000,97.285347,61.652313,11.099346,
2013-11-01,27.985001,116.709999,37.115002,,,,154.356110,87.164169,131.573471,68.559998,,,,,21.770000,,,,190.800003,97.237976,61.709187,11.132977,
2013-11-04,28.020000,116.800003,37.259998,,,,154.459198,87.043228,131.592056,68.690002,,,,,21.750000,,,,191.050003,97.285347,61.749008,11.166615,
2013-11-05,28.059999,117.279999,37.209999,,,,153.669022,86.127029,131.545593,68.760002,,,,,21.820000,,,,190.589996,97.095894,61.766068,11.126252,
2013-11-06,28.100000,117.205002,37.349998,,,,153.626083,86.255264,131.527008,68.790001,,,,,21.840000,,,,190.600006,97.143257,61.837162,11.079163,
2013-11-07,28.195000,117.949997,37.365002,,,,154.467789,86.482491,131.777878,68.940002,,,,,21.980000,,,,190.800003,97.419563,61.945248,11.079163,
2013-11-08,28.235001,118.230003,37.294998,,,,153.660477,86.042740,131.787170,69.010002,,,,,21.930000,,,,189.649994,97.174820,61.911106,10.991716,
2013-11-11,28.295000,118.440002,37.404999,,,,153.754944,86.090370,131.796463,69.040001,,,,,21.900000,,,,189.580002,97.182724,61.945248,10.998442,
2013-11-12,28.195000,118.220001,37.180000,,,,153.419952,86.284607,131.749985,68.699997,,,,,21.860001,,,,188.949997,97.119553,61.879818,10.884085,
2013-11-13,28.115000,117.970001,37.000000,,,,153.961060,86.009735,131.861465,68.589996,,,,,21.820000,,,,189.820007,97.316925,61.797352,10.870634,
2013-11-14,28.355000,119.074997,37.294998,,,,154.407684,86.094017,131.870804,69.230003,,,,,21.980000,,,,190.350006,97.372192,61.874138,10.964808,
2013-11-15,28.500000,119.370003,37.395000,,,,154.270248,85.910805,131.852203,69.910004,,,,,21.969999,,,,190.050003,97.309029,61.834324,11.011897,
2013-11-18,28.500000,119.430000,37.580002,,,,154.502090,86.148994,131.833588,69.730003,,,,,21.959999,,,,190.089996,97.372192,61.845699,11.011897,
2013-11-19,28.334999,118.809998,37.345001,,,,154.167236,86.042740,131.824326,69.410004,,,,,21.879999,,,,189.639999,97.245872,61.848545,10.904267,
2013-11-20,28.469999,119.550003,37.395000,,,,154.175781,85.771530,131.852203,69.629997,,,,,22.000000,,,,189.860001,97.261665,61.842857,10.937902,
2013-11-21,28.415001,119.379997,37.334999,,,,153.952469,85.221802,131.898636,69.430000,,,,,21.910000,,,,189.779999,97.190620,61.817265,10.836998,
2013-11-22,28.385000,119.339996,37.375000,,,,153.995422,85.170509,131.889374,69.339996,,,,,21.820000,,,,189.919998,97.159027,61.894043,10.749547,
2013-11-25,28.510000,120.169998,37.529999,,,,154.107056,85.654259,131.907928,69.650002,,,,,21.930000,,,,190.130005,97.214302,61.945248,10.742822,
2013-11-26,28.325001,119.430000,37.290001,,,,154.459198,85.665260,132.010147,69.209999,,,,,21.780001,,,,190.259995,97.332710,62.002106,10.662100,
2013-11-27,28.375000,119.550003,37.474998,,,,154.381897,84.869972,131.991531,69.389999,,,,,21.680000,,,,190.080002,97.269562,62.064674,10.689007,
2013-11-28,28.385000,119.500000,37.595001,,,,154.416275,84.521820,131.972977,69.349998,,,,,21.650000,,,,190.520004,97.372192,62.010658,10.695730,
2013-11-29,28.370001,119.510002,37.605000,,,,154.527908,84.331261,131.935822,69.500000,,,,,21.680000,,,,190.550003,97.451118,62.073196,10.648647,
2013-12-02,28.410000,119.669998,37.480000,,,,154.124222,84.038055,131.926498,69.419998,,,,,21.680000,,,,191.050003,97.387985,61.996418,10.601556,
2013-12-03,28.049999,118.349998,36.895000,,,,154.278854,84.063721,131.935822,68.529999,,,,,21.490000,,,,190.929993,97.348503,61.987892,10.500651,
2013-12-04,28.065001,118.845001,36.695000,,,,153.402756,83.829178,131.768570,68.559998,,,,,21.480000,,,,190.639999,97.111679,61.928169,10.561196,
2013-12-05,27.735001,117.404999,36.369999,,,,152.810135,83.968445,131.638504,67.839996,,,,,21.230000,,,,189.639999,96.874825,61.894043,10.460291,
2013-12-06,27.920000,118.199997,36.599998,,,,153.093597,83.825508,131.712845,68.360001,,,,,21.320000,,,,189.199997,96.977440,61.854233,10.527563,
2013-12-09,27.955000,118.544998,36.654999,,,,153.222427,83.693558,131.815033,68.430000,,,,,21.350000,,,,188.910004,96.945892,61.928169,10.500651,
2013-12-10,27.754999,117.695000,36.419998,,,,153.505859,83.649582,131.917252,67.970001,,,,,21.180000,,,,189.240005,96.961678,61.956604,10.473747,
2013-12-11,27.540001,116.610001,36.275002,,,,153.634689,83.939110,131.907928,67.370003,,,,,21.049999,,,,189.440002,97.040619,61.985043,10.305573,
2013-12-12,27.389999,116.099998,35.900002,,,,153.342682,83.697235,131.824326,66.949997,,,,,20.959999,,,,188.869995,96.969574,61.982204,10.204671,
2013-12-13,27.389999,116.175003,35.834999,,,,153.480087,84.023422,131.842896,66.949997,,,,,20.940001,,,,189.199997,96.953758,62.013470,10.251759,
2013-12-16,27.590000,116.785004,36.290001,,,,153.480087,84.107689,131.870804,67.389999,,,,,20.990000,,,,189.039993,96.961678,62.002106,10.271942,
2013-12-17,27.400000,116.095001,36.005001,,,,153.548813,84.437546,131.852203,66.989998,,,,,20.870001,,,,188.800003,97.103783,62.081749,10.238303,
2013-12-18,27.510000,116.275002,36.334999,,,,153.273956,83.473694,131.852203,67.300003,,,,,20.950001,,,,189.050003,95.848541,62.104481,10.292118,
2013-12-19,28.010000,118.900002,36.974998,,,,153.067841,83.125542,131.852203,68.519997,,,,,21.260000,,,,189.139999,95.935387,62.331997,10.366117,
2013-12-20,28.230000,119.550003,37.145000,,,,153.093597,83.495674,131.852203,68.900002,,,,,21.340000,,,,189.419998,95.974838,62.519699,10.467020,
2013-12-23,28.355000,119.989998,37.419998,,,,152.810135,83.356422,131.768570,69.180000,,,,,21.350000,,,,189.330002,95.990631,62.536743,10.467020,
2013-12-24,28.395000,120.120003,37.555000,,,,152.724258,83.110855,131.777878,69.180000,,,,,21.350000,,,,189.279999,95.872208,62.556656,10.467020,
2013-12-27,28.514999,120.205002,37.869999,,,,152.166031,82.220306,131.740707,69.500000,,,,,21.389999,,,,188.300003,95.722206,62.639133,10.393023,
2013-12-30,28.455000,119.769997,37.855000,,,,152.526749,82.191002,131.880066,69.519997,,,,,21.410000,,,,188.839996,95.864326,62.531063,10.440111,
2013-12-31,28.540001,120.250000,38.025002,,,,152.629761,82.004105,131.852203,69.519997,,,,,21.410000,,,,188.880005,95.998528,62.613548,10.480474,
2014-01-02,28.600000,120.800003,37.619999,,,,152.964767,82.579475,132.130920,69.610001,,,,,21.510000,,,,188.860001,95.919579,62.565205,10.460291,
2014-01-03,28.645000,121.029999,37.845001,,,,153.188080,82.579475,132.260986,69.760002,,,,,21.549999,,,,188.669998,95.959053,62.644836,10.547740,
2014-01-06,28.490000,120.309998,37.785000,,,,153.445679,82.923965,132.168060,69.379997,,,,,21.410000,,,,188.529999,96.093246,62.627758,10.547740,
2014-01-07,28.735001,121.440002,38.064999,,,,153.858017,82.982597,132.242401,69.940002,,,,,21.549999,,,,188.990005,96.148521,62.701698,10.628465,
2014-01-08,28.780001,121.650002,38.105000,,,,153.754944,82.418221,132.251678,70.040001,,,,,21.549999,,,,189.059998,96.077469,62.701698,10.601556,
2014-01-09,28.650000,121.250000,37.945000,,,,153.514450,82.396225,132.326019,69.720001,,,,,21.500000,,,,188.610001,96.101143,62.678955,10.561196,
2014-01-10,28.625000,120.635002,38.115002,,,,153.978226,83.110855,132.316711,69.680000,,,,,21.459999,,,,189.100006,96.290642,62.752895,10.648647,
2014-01-13,28.735001,121.275002,38.215000,,,,154.295990,83.803528,132.326019,69.980003,,,,,21.559999,,,,189.649994,96.393265,62.730156,10.675551,
2014-01-14,28.615000,120.544998,38.290001,,,,154.381897,83.411392,132.298111,69.620003,,,,,21.469999,,,,189.520004,96.330093,62.713070,10.641917,
2014-01-15,28.965000,122.245003,38.665001,,,,154.390488,83.521317,132.316711,70.480003,,,,,21.629999,,,,189.350006,96.330093,62.730156,10.749547,
2014-01-16,28.889999,121.845001,38.615002,,,,154.905838,84.027061,132.353882,70.279999,,,,,21.600000,,,,189.839996,96.527458,62.769966,10.722640,
2014-01-17,29.070000,122.375000,38.834999,,,,155.206421,83.525002,132.344604,70.610001,,,,,21.709999,,,,189.869995,96.637985,62.769966,10.789908,
2014-01-20,29.004999,122.025002,38.790001,,,,155.438293,83.711899,132.381760,70.529999,,,,,21.719999,,,,189.869995,96.677467,62.795555,10.783183,
2014-01-21,28.975000,121.824997,38.834999,,,,155.309494,83.389381,132.344604,70.440002,,,,,21.690001,,,,189.910004,96.724823,62.792713,10.789908,
2014-01-22,29.035000,122.239998,38.865002,,,,155.163498,82.729713,132.326019,70.599998,,,,,21.709999,,,,189.309998,96.693253,62.878029,10.857179,
2014-01-23,28.580000,120.235001,38.474998,,,,155.352463,82.836014,132.326019,69.459999,,,,,21.389999,,,,189.490005,96.748520,62.696026,10.689007,
2014-01-24,28.075001,118.489998,37.564999,,,,155.695969,83.972107,132.270248,68.160004,,,,,21.209999,,,,189.949997,96.819565,62.479885,10.541016,
2014-01-27,27.820000,117.400002,37.250000,,,,155.730331,83.407707,132.242401,67.500000,,,,,21.049999,,,,189.919998,96.693253,62.297867,10.520836,
2014-01-28,27.945000,117.750000,37.480000,,,,155.876343,83.301453,132.326019,67.839996,,,,,21.070000,,,,190.149994,96.772194,62.502636,10.574647,
2014-01-29,27.885000,117.580002,37.294998,,,,156.168350,83.689911,132.307449,67.690002,,,,,21.049999,,,,190.360001,96.874825,62.531063,10.512404,
2014-01-30,28.150000,119.004997,37.404999,,,,156.468933,84.027061,132.391083,68.250000,,,,,21.240000,,,,190.160004,96.914307,62.468533,10.681740,
2014-01-31,28.025000,119.065002,37.240002,,,,157.199005,84.587791,132.539703,68.110001,,,,,21.270000,,,,190.539993,97.127441,62.536743,10.735927,
2014-02-03,27.639999,117.089996,36.709999,,,,157.216171,85.602951,132.558258,67.000000,,,,,21.020000,,,,190.919998,97.095894,62.496956,10.600457,
2014-02-04,27.580000,116.775002,36.674999,,,,157.190384,85.654259,132.623322,67.010002,,,,,20.920000,,,,190.740005,97.080086,62.445755,10.695287,
2014-02-05,27.504999,116.180000,36.700001,,,,157.327850,85.504005,132.697662,66.739998,,,,,20.860001,,,,190.759995,97.174820,62.556656,10.647871,
2014-02-06,27.780001,116.970001,37.230000,,,,156.898376,85.108192,132.623322,67.440002,,,,,20.920000,,,,189.970001,96.985352,62.641998,10.722377,
2014-02-07,28.020000,117.995003,37.514999,,,,157.422302,85.001923,132.706924,67.949997,,,,,21.080000,,,,190.259995,97.269562,62.795555,10.756248,
2014-02-10,28.070000,118.419998,37.549999,,,,157.293488,84.939621,132.669769,67.989998,,,,,21.110001,,,,189.809998,97.135353,62.889412,10.790114,
2014-02-11,28.350000,119.370003,38.029999,,,,157.156082,84.268967,132.641891,68.690002,,,,,21.280001,,,,189.460007,97.245872,62.946274,10.884942,
2014-02-12,28.590000,120.474998,38.310001,,,,156.752380,83.455353,132.595444,69.320000,,,,,21.440001,,,,189.100006,97.143257,63.003155,10.959450,
2014-02-13,28.485001,120.160004,38.310001,,,,157.293488,83.554314,132.595444,69.019997,,,,,21.379999,,,,189.589996,97.269562,62.957664,10.959450,
2014-02-14,28.615000,120.695000,38.525002,,,,157.216171,83.026573,132.688354,69.400002,,,,,21.450001,,,,189.679993,97.253784,63.023071,10.979773,
2014-02-17,28.674999,120.959999,38.685001,,,,157.405136,83.121872,132.781250,69.559998,,,,,21.490000,,,,189.970001,97.230095,63.099850,11.013640,
2014-02-18,28.684999,120.650002,38.665001,,,,157.688553,83.448036,132.846298,69.480003,,,,,21.500000,,,,190.029999,97.324829,63.111225,10.979773,
2014-02-19,28.695000,120.739998,38.720001,,,,157.714310,83.444351,132.762695,69.500000,,,,,21.549999,,,,189.970001,97.395866,63.173775,11.074601,
2014-02-20,28.660000,120.614998,38.730000,,,,157.250534,83.290443,132.744095,69.410004,,,,,21.570000,,,,189.779999,97.285347,63.082783,11.067828,
2014-02-21,28.795000,121.105003,38.860001,,,,157.662811,83.411392,132.809113,69.730003,,,,,21.660000,,,,190.220001,97.411682,63.071392,11.074601,
2014-02-24,28.959999,121.660004,39.105000,,,,157.576935,83.451698,132.809113,70.080002,,,,,21.719999,,,,190.149994,97.403755,63.122597,11.101696,
2014-02-25,28.889999,121.370003,39.029999,,,,157.834549,83.455353,132.818405,69.919998,,,,,21.730000,,,,190.479996,97.561653,63.196552,11.094917,
2014-02-26,28.969999,122.040001,38.955002,,,,158.306946,83.818192,132.883591,70.160004,,,,,21.790001,,,,190.699997,97.695862,63.379307,11.135564,
2014-02-27,28.865000,121.559998,38.904999,,,,158.899521,83.843819,132.911636,69.980003,,,,,21.690001,,,,191.080002,97.822189,63.481548,11.081374,
2014-02-28,28.915001,121.794998,38.955002,,,,158.255417,83.290443,132.855530,69.980003,,,,,21.700001,,,,190.600006,97.609032,63.475697,11.033961,
2014-03-03,28.475000,120.584999,38.134998,,,,158.865204,83.898804,132.902283,68.860001,,,,,21.490000,,,,191.199997,97.735336,63.341335,11.013640,
2014-03-04,29.020000,122.705002,38.910000,,,,158.744934,83.843819,133.023834,70.339996,,,,,21.830000,,,,191.139999,97.759018,63.510769,11.277803,
2014-03-05,29.035000,122.970001,38.904999,,,,158.959671,83.448036,133.126663,70.400002,,,,,21.780001,,,,191.360001,97.759018,63.589634,11.162655,
2014-03-06,29.000000,122.459999,38.945000,,,,158.315536,83.074226,132.949020,70.379997,,,,,21.719999,,,,190.770004,97.609032,63.621792,11.128785,
2014-03-07,28.764999,121.830002,38.435001,,,,158.392792,82.784698,133.023834,69.769997,,,,,21.580000,,,,191.029999,97.672195,63.604252,10.959450,
2014-03-10,28.700001,121.769997,38.285000,,,,158.710617,83.290443,133.070572,69.459999,,,,,21.570000,,,,190.869995,97.774811,63.598408,10.891716,
2014-03-11,28.684999,121.754997,38.270000,,,,158.521652,83.345398,133.042511,69.449997,,,,,21.600000,,,,190.539993,97.766930,63.615932,10.932356,
2014-03-12,28.430000,120.860001,37.889999,,,,158.856613,83.689911,133.014465,68.830002,,,,,21.490000,,,,190.660004,97.845863,63.615932,10.844304,
2014-03-13,28.254999,120.294998,37.490002,,,,159.243103,83.854828,133.014465,68.349998,,,,,21.410000,,,,190.809998,97.995865,63.580883,10.830755,
2014-03-14,28.075001,119.644997,37.244999,,,,159.397720,84.221298,133.005127,67.959999,,,,,21.320000,,,,190.660004,97.901131,63.490314,10.844304,
2014-03-17,28.305000,120.514999,37.625000,,,,159.311813,83.939110,133.014465,68.480003,,,,,21.430000,,,,190.529999,97.853767,63.516621,10.878173,
2014-03-18,28.465000,121.230003,37.860001,,,,159.363358,84.342255,133.023834,68.900002,,,,,21.520000,,,,190.690002,97.940590,63.621792,10.891716,
2014-03-19,28.445000,121.345001,37.849998,,,,159.037003,83.851151,133.051880,68.769997,,,,,21.469999,,,,190.470001,97.869553,63.726955,10.871399,
2014-03-20,28.575001,122.385002,37.855000,,,,158.470123,83.858490,132.949020,69.089996,,,,,21.520000,,,,189.970001,97.672195,63.557514,10.790114,
2014-03-21,28.650000,122.964996,37.915001,,,,158.753540,84.126007,133.014465,69.400002,,,,,21.610001,,,,190.419998,97.695862,63.592564,10.912042,
2014-03-24,28.320000,121.089996,37.529999,,,,159.174393,84.217651,132.977081,68.559998,,,,,21.459999,,,,190.869995,97.853767,63.598408,10.830755,
2014-03-25,28.555000,121.824997,38.035000,,,,159.346191,84.159019,133.051880,69.150002,,,,,21.600000,,,,190.199997,97.909004,63.656841,10.945904,
2014-03-26,28.719999,122.300003,38.294998,,,,159.681137,83.902458,133.136017,69.529999,,,,,21.709999,,,,191.110001,97.995865,63.650982,10.952676,
2014-03-27,28.639999,121.400002,38.375000,,,,160.093399,83.865822,133.164047,69.339996,,,,,21.730000,,,,191.419998,98.090599,63.715260,10.986546,
2014-03-28,28.875000,122.349998,38.654999,,,,159.973160,83.503021,133.154724,69.970001,,,,,21.850000,,,,191.309998,98.019547,63.750324,11.108466,
2014-03-31,28.920000,122.349998,38.650002,,,,159.852905,83.235481,133.173401,69.980003,,,,,21.889999,,,,191.410004,97.987968,63.732769,11.094917,
2014-04-01,29.014999,122.934998,38.865002,,,,159.715485,83.334427,133.182770,70.290001,,,,,21.870001,,,,191.130005,97.995865,63.802891,11.040731,
2014-04-02,29.209999,123.849998,38.945000,,,,159.371948,83.066887,133.154724,70.709999,,,,,21.959999,,,,190.899994,97.869553,63.858402,11.182975,
2014-04-03,29.270000,124.250000,39.014999,,,,159.655365,83.400391,133.266891,70.839996,,,,,22.000000,,,,191.330002,97.972183,63.837971,11.189750,
2014-04-04,29.360001,124.349998,39.240002,,,,160.462708,83.792526,133.407150,71.080002,,,,,22.120001,,,,192.610001,98.201118,63.802891,11.311671,
2014-04-07,28.865000,121.849998,38.775002,,,,160.411148,83.975769,133.379089,69.949997,,,,,21.889999,,,,192.289993,98.232704,63.855473,11.304897,
2014-04-08,28.695000,121.129997,38.669998,,,,160.187866,83.279434,133.332367,69.610001,,,,,21.750000,,,,191.570007,98.185341,63.937283,11.271029,
2014-04-09,28.775000,121.309998,38.825001,,,,160.084808,83.147537,133.294952,69.930000,,,,,21.809999,,,,191.309998,98.177437,63.978191,11.271029,
2014-04-10,28.625000,120.794998,38.630001,,,,160.711761,83.554314,133.351044,69.529999,,,,,21.730000,,,,192.149994,98.359016,63.995701,11.257485,
2014-04-11,28.245001,118.985001,38.110001,,,,160.737534,83.887817,133.248199,68.699997,,,,,21.490000,,,,191.949997,98.351128,63.984035,11.162655,
2014-04-14,28.440001,119.800003,38.320000,,,,160.711761,83.711899,133.266891,69.209999,,,,,21.639999,,,,191.880005,98.287971,63.966496,11.243935,
2014-04-15,28.320000,119.754997,37.970001,,,,161.416046,83.931793,133.276260,68.769997,,,,,21.639999,,,,192.770004,98.516914,64.054138,11.243935,
2014-04-16,28.674999,121.230003,38.424999,,,,161.411743,83.340027,133.313644,69.680000,,,,,21.830000,,,,192.300003,98.501099,63.998638,11.326118,
2014-04-17,28.785000,121.695000,38.599998,,,,161.116791,83.021507,133.229523,69.809998,,,,,21.860001,,,,192.059998,98.390602,64.019081,11.353413,
2014-04-22,29.120001,123.205002,39.130001,,,,160.899918,82.621506,133.238846,70.610001,,,,,22.000000,,,,191.539993,98.303757,64.048286,11.428464,
2014-04-23,29.025000,122.745003,39.020000,,,,161.108124,83.258545,133.266891,70.320000,,,,,21.959999,,,,191.869995,98.437973,64.080421,11.367060,
2014-04-24,29.035000,122.949997,39.084999,,,,160.873932,82.969673,133.210831,70.379997,,,,,21.910000,,,,191.850006,98.445847,64.112564,11.401172,
2014-04-25,28.795000,121.750000,38.794998,,,,161.333649,83.184456,133.201462,69.760002,,,,,21.910000,,,,192.309998,98.611633,64.133003,11.353413,
2014-04-28,28.820000,121.764999,38.895000,,,,161.151474,82.954826,133.154724,69.760002,,,,,21.969999,,,,192.070007,98.603745,64.106728,11.394349,
2014-04-29,29.100000,122.815002,39.389999,,,,161.186188,82.825203,133.229523,70.370003,,,,,22.120001,,,,192.360001,98.698486,64.206047,11.483046,
2014-04-30,29.025000,122.345001,39.395000,,,,161.663254,82.847420,133.257568,70.120003,,,,,22.080000,,,,193.309998,98.872154,64.229416,11.414818,
2014-05-01,29.025000,122.345001,39.395000,,,,161.663254,83.058525,133.257568,70.120003,,,,,22.080000,,,,193.309998,98.872154,64.241104,11.414818,
2014-05-02,29.115000,122.724998,39.419998,,,,161.975525,83.206680,133.294952,70.389999,,,,,22.120001,,,,193.649994,99.030045,64.252785,11.428464,
2014-05-05,29.059999,122.504997,39.349998,,,,161.880112,83.206680,133.341721,70.250000,,,,,22.080000,,,,193.649994,99.022163,64.252785,11.448935,
2014-05-06,28.920000,121.695000,39.215000,,,,161.992905,82.773369,133.322998,69.959999,,,,,22.000000,,,,193.500000,99.069534,64.299530,11.442108,
2014-05-07,28.870001,121.485001,39.279999,,,,161.854111,82.969673,133.341721,69.889999,,,,,22.010000,,,,193.589996,99.061653,64.276146,11.483046,
2014-05-08,29.195000,123.084999,39.695000,,,,162.435287,83.310387,133.397797,70.709999,,,,,22.209999,,,,193.479996,99.274796,64.404709,11.612688,
2014-05-09,29.155001,122.775002,39.605000,,,,162.322510,83.610397,133.322998,70.680000,,,,,22.299999,,,,193.529999,99.274796,64.416382,11.667269,
2014-05-12,29.445000,124.375000,39.910000,,,,162.166351,83.336296,133.294952,71.449997,,,,,22.410000,,,,193.179993,99.337929,64.509880,11.742321,
2014-05-13,29.635000,125.209999,40.095001,,,,162.660812,83.658554,133.351044,71.980003,,,,,22.530001,,,,193.479996,99.503746,64.579994,11.762788,
2014-05-14,29.594999,124.834999,40.110001,,,,163.233322,84.440002,133.407150,71.889999,,,,,22.559999,,,,194.179993,99.614250,64.591675,11.769612,
2014-05-15,29.250000,123.035004,39.790001,,,,163.389465,84.710388,133.266891,71.000000,,,,,22.389999,,,,194.699997,99.724808,64.492348,11.687735,
2014-05-16,29.370001,123.565002,39.924999,,,,163.224625,84.406662,133.313644,71.339996,,,,,22.480000,,,,194.960007,99.566895,64.211891,11.810552,
2014-05-19,29.415001,124.184998,39.889999,,,,162.903702,84.465950,133.210831,71.540001,,,,,22.490000,,,,194.860001,99.535324,64.299530,11.796906,
2014-05-20,29.389999,124.165001,39.830002,,,,162.495987,84.269630,133.070572,71.470001,,,,,22.440001,,,,194.850006,99.503746,64.264465,11.755968,
2014-05-21,29.535000,124.644997,40.060001,,,,162.548035,84.069626,133.182770,71.849998,,,,,22.540001,,,,194.759995,99.393219,64.100883,11.776438,
2014-05-22,29.730000,125.595001,40.125000,,,,162.660812,84.069626,133.145355,72.309998,,,,,22.660000,,,,194.759995,99.495850,64.194374,11.790081,
2014-05-23,29.820000,125.970001,40.215000,,,,162.851654,84.325188,133.276260,72.519997,,,,,22.700001,,,,194.529999,99.503746,64.185135,11.831018,
2014-05-26,29.969999,126.320000,40.570000,,,,163.181259,84.325188,133.388458,72.809998,,,,,22.740000,,,,194.589996,99.527420,64.185135,11.885599,
2014-05-27,30.025000,126.834999,40.529999,,,,163.467514,84.484451,133.388458,72.919998,,,,,22.750000,,,,194.880005,99.669518,64.398865,11.919715,
2014-05-28,30.055000,127.220001,40.505001,,,,164.170135,85.480736,133.435196,73.050003,,,,,22.809999,,,,195.720001,99.835297,64.398865,11.912893,
2014-05-29,30.105000,127.250000,40.544998,,,,163.961960,85.658516,133.425827,73.129997,,,,,22.790001,,,,195.500000,99.780037,64.357956,11.940188,
2014-05-30,30.084999,127.434998,40.505001,,,,163.823181,85.043694,133.425827,73.099998,,,,,22.790001,,,,195.380005,99.724808,64.375473,11.974301,
2014-06-02,30.250000,128.000000,40.630001,18.280001,,,163.753799,84.758522,133.453888,73.400002,,,,,22.910000,,,,195.100006,99.756371,64.492348,12.015244,
2014-06-03,30.155001,127.650002,40.439999,18.280001,,,163.337433,84.562233,133.435196,73.169998,,,,,22.840000,,,,194.839996,99.622147,64.521545,11.981126,
2014-06-04,30.215000,128.110001,40.490002,18.260000,,,163.033768,84.236305,133.491287,73.320000,,,,,22.889999,,,,194.759995,99.645844,64.585815,11.974301,
2014-06-05,30.334999,128.625000,40.634998,18.410000,,,163.649734,84.158539,133.696991,73.639999,,,,,22.959999,,,,195.589996,99.787949,64.626717,12.083468,
2014-06-06,30.485001,129.300003,40.860001,18.600000,,,164.838089,84.195549,133.818542,74.089996,,,,,22.980000,,,,196.399994,100.048470,64.860435,12.158524,
2014-06-09,30.670000,130.149994,41.029999,18.709999,,,164.838089,83.925201,133.799835,74.470001,,,,,23.080000,,,,195.929993,100.040565,64.977303,12.151700,
2014-06-10,30.695000,130.294998,41.130001,18.709999,,,164.274246,84.014076,133.678268,74.570000,,,,,23.100000,,,,194.970001,99.969521,65.018188,12.069819,
2014-06-11,30.650000,130.089996,40.930000,18.900000,,,164.378342,83.973351,133.715683,74.500000,,,,,23.059999,,,,194.820007,100.087936,64.953918,12.028884,
2014-06-12,30.605000,129.554993,40.955002,18.860001,,,164.326324,83.699280,133.762451,74.250000,,,,,23.000000,,,,194.729996,100.056351,65.006516,12.022065,
2014-06-13,30.584999,129.445007,40.869999,18.799999,,,164.586502,83.169640,133.818542,74.300003,,,,,23.080000,,,,195.259995,100.103729,65.000664,12.008420,
2014-06-16,30.440001,128.875000,40.700001,18.639999,,,164.690582,83.191872,133.790482,73.919998,,,,,22.980000,,,,195.399994,100.151085,64.983139,11.947009,
2014-06-17,30.584999,129.600006,40.814999,18.690001,,,164.100754,83.002975,133.678268,74.370003,,,,,23.070000,,,,195.169998,99.945824,64.807854,11.953834,
2014-06-18,30.575001,129.595001,40.790001,18.680000,,,164.317596,83.136307,133.668945,74.339996,,,,,23.070000,,,,195.509995,100.032677,64.854599,11.940188,
2014-06-19,30.735001,130.039993,41.029999,18.750000,,,164.959503,82.954826,133.715683,74.800003,,,,,23.190001,,,,195.940002,100.190559,65.018188,12.035709,
2014-06-20,30.875000,130.884995,41.005001,18.680000,,,164.690582,82.891869,133.687653,75.050003,,,,,23.260000,,,,195.639999,100.135315,64.971458,12.069819,
2014-06-23,30.764999,130.649994,40.834999,18.680000,,,165.011566,83.099266,133.781128,74.809998,,,,,23.150000,,,,195.729996,100.214256,65.018188,12.056177,
2014-06-24,30.850000,131.250000,40.799999,18.799999,,,165.167664,83.240005,133.837204,75.029999,,,,,23.219999,,,,195.770004,100.206360,64.988983,12.069819,
2014-06-25,30.545000,130.000000,40.334999,18.650000,,,165.757553,83.591858,133.846588,74.260002,,,,,23.080000,,,,196.309998,100.340393,64.983139,12.028884,
2014-06-26,30.580000,130.100006,40.325001,18.770000,,,165.948380,83.658554,133.837204,74.470001,,,,,23.120001,,,,196.289993,100.420311,64.907173,12.056177,
2014-06-27,30.575001,130.149994,40.349998,18.730000,,,165.792236,83.577065,133.874588,74.440002,,,,,23.120001,,,,196.529999,100.300438,64.813698,12.103938,
2014-06-30,30.555000,129.949997,40.310001,18.670000,,,165.844284,83.173370,133.883957,74.430000,,,,,23.100000,,,,196.990005,100.332405,64.720207,12.028884,
2014-07-01,30.780001,130.850006,40.680000,18.799999,,,165.922394,82.806694,133.921371,74.919998,,,,,23.219999,,,,196.809998,100.364357,64.650101,12.103938,
2014-07-02,30.875000,131.199997,40.770000,18.910000,,,165.419235,82.399300,133.893326,75.180000,,,,,23.260000,,,,196.470001,100.300438,64.737740,12.124404,
2014-07-03,31.100000,132.149994,41.150002,19.070000,,,165.549362,82.225204,133.986816,75.699997,,,,,23.350000,,,,196.679993,100.292465,64.737740,12.124404,
2014-07-04,31.110001,132.300003,41.075001,19.040001,,,165.887665,82.240028,134.042892,75.699997,,,,,23.360001,,,,196.889999,100.396339,64.737740,12.117584,
2014-07-07,30.924999,131.800003,40.660000,18.990000,,,165.965744,82.480759,134.052261,75.290001,,,,,23.299999,,,,197.020004,100.412308,64.837074,12.110762,
2014-07-08,30.639999,130.750000,40.134998,19.020000,,,166.199936,82.851112,134.024216,74.570000,,,,,23.230000,,,,197.350006,100.524223,64.702682,12.083468,
2014-07-09,30.700001,131.050003,40.145000,19.040001,,,166.043777,82.702980,133.940063,74.680000,,,,,23.270000,,,,197.050003,100.484261,64.620895,12.083468,
2014-07-10,30.555000,130.949997,39.709999,18.950001,,,166.095825,83.191872,133.883957,74.389999,,,,,23.270000,,,,197.169998,100.492256,64.428055,12.158524,
2014-07-11,30.590000,130.979996,39.790001,18.969999,,,166.217331,83.302979,133.958771,74.440002,,,,,23.260000,,,,196.990005,100.492256,64.474800,12.151700,
2014-07-14,30.809999,131.850006,40.125000,19.059999,,,166.269363,83.191872,133.949402,74.970001,,,,,23.370001,,,,196.869995,100.492256,64.612106,12.219926,
2014-07-15,30.790001,131.850006,39.974998,19.090000,,,166.304031,82.791878,133.949402,74.889999,,,,,23.410000,,,,197.190002,100.484261,64.515709,12.226752,
2014-07-16,31.040001,132.649994,40.509998,19.230000,,,166.520859,82.914101,133.949402,75.480003,,,,,23.530001,,,,197.300003,100.548195,64.574135,12.322270,
2014-07-17,30.915001,132.259995,40.125000,19.070000,,,166.928589,83.491882,134.005508,75.230003,,,,,23.540001,,,,197.690002,100.660126,64.562447,12.322270,
2014-07-18,30.945000,132.399994,40.154999,19.270000,,,166.945938,83.640015,134.052261,75.220001,,,,,23.549999,,,,197.779999,100.620140,64.460205,12.410974,
2014-07-21,30.850000,132.059998,39.900002,19.190001,,,167.136795,83.825203,134.070953,75.019997,,,,,23.480000,,,,198.050003,100.660126,64.498192,12.335917,
2014-07-22,31.219999,133.800003,40.445000,19.530001,,,166.911240,83.717789,134.052261,76.019997,,,,,23.660000,,,,198.210007,100.588150,64.474800,12.472376,
2014-07-23,31.280001,134.050003,40.490002,19.570000,,,167.266891,83.914093,134.080307,76.150002,,,,,23.680000,,,,198.809998,100.724037,64.562447,12.485295,
2014-07-24,31.350000,134.250000,40.709999,19.620001,,,166.997971,83.895576,134.080307,76.360001,,,,,23.650000,,,,198.050003,100.660126,64.620895,12.519766,
2014-07-25,31.219999,133.520004,40.395000,19.570000,,,167.344925,84.147408,134.089661,76.029999,,,,,23.660000,,,,198.679993,100.803986,64.661789,12.437034,
2014-07-28,31.200001,133.500000,40.349998,19.650000,,,167.501038,83.999260,134.098984,76.010002,,,,,23.680000,,,,198.570007,100.779976,64.685158,12.464609,
2014-07-29,31.250000,133.649994,40.419998,19.660000,,,167.830704,84.325188,134.183167,76.139999,,,,,23.719999,,,,198.869995,100.915863,64.661789,12.499079,
2014-07-30,31.209999,133.600006,40.224998,19.650000,,,167.336258,84.062225,134.098984,76.150002,,,,,23.660000,,,,198.360001,100.843933,64.585815,12.526658,
2014-07-31,30.820000,131.850006,39.715000,19.270000,,,167.327560,84.043709,134.098984,75.160004,,,,,23.450001,,,,198.449997,100.851913,64.457283,12.395665,
2014-08-01,30.459999,130.149994,39.145000,19.250000,,,167.388321,84.743706,134.070953,74.290001,,,,,23.230000,,,,198.050003,100.891899,64.118401,12.285362,
2014-08-04,30.485001,130.449997,39.165001,19.379999,,,167.570465,84.925194,134.155106,74.389999,,,,,23.200001,,,,197.399994,100.835953,64.252785,12.250892,
2014-08-05,30.605000,131.199997,39.255001,19.340000,,,167.067398,84.473343,134.117706,74.709999,,,,,23.320000,,,,196.869995,100.756004,64.171005,12.361202,
2014-08-06,30.475000,130.899994,38.959999,19.260000,,,167.483688,85.006668,134.098984,74.480003,,,,,23.290001,,,,197.559998,100.915863,64.030754,12.257786,
2014-08-07,30.360001,130.550003,38.674999,19.180000,,,167.639847,85.088150,134.080307,74.110001,,,,,23.280001,,,,197.600006,101.011780,64.013229,12.257786,
2014-08-08,30.155001,130.000000,38.430000,19.129999,,,168.021530,85.725166,134.136429,73.639999,,,,,23.190001,,,,197.669998,100.971825,63.855473,12.216424,
2014-08-11,30.620001,131.949997,38.970001,19.430000,,,167.995529,85.495567,134.211197,74.820000,,,,,23.510000,,,,196.960007,100.995796,64.118401,12.381882,
2014-08-12,30.530001,131.449997,38.869999,19.400000,,,168.229706,85.406677,134.257950,74.610001,,,,,23.500000,,,,196.929993,101.067726,64.141769,12.388772,
2014-08-13,30.750000,132.449997,39.099998,19.610001,,,168.576721,86.043694,134.257950,75.209999,,,,,23.650000,,,,197.240005,101.243561,64.264465,12.505971,
2014-08-14,30.795000,132.550003,39.169998,19.570000,,,168.984421,86.221481,134.276642,75.230003,,,,,23.660000,,,,197.330002,101.251549,64.404709,12.499079,
2014-08-15,30.674999,132.100006,39.049999,19.670000,,,169.556885,86.784447,134.276642,74.949997,,,,,23.610001,,,,197.229996,101.427414,64.375473,12.478399,
2014-08-18,31.100000,134.149994,39.465000,19.700001,,,169.010406,86.214073,134.285995,75.959999,,,,,23.889999,,,,196.960007,101.307518,64.480652,12.602490,
2014-08-19,31.285000,135.100006,39.709999,19.889999,,,169.261993,86.628868,134.304672,76.489998,,,,,24.010000,,,,197.539993,101.387436,64.562447,12.685225,
2014-08-20,31.379999,135.699997,39.705002,19.969999,,,169.452805,86.451103,134.326874,76.669998,,,,,24.070000,,,,197.649994,101.483353,64.649399,12.733480,
2014-08-21,31.535000,136.300003,39.959999,19.830000,,,169.400757,86.621460,134.345627,76.949997,,,,,24.170000,,,,197.500000,101.523300,64.706291,12.767952,
2014-08-22,31.559999,136.699997,39.860001,19.889999,,,169.444122,86.688126,134.383209,77.010002,,,,,24.170000,,,,198.259995,101.547302,64.697304,12.740376,
2014-08-25,31.875000,137.875000,40.505001,20.040001,,,170.346283,86.688126,134.477066,77.760002,,,,,24.320000,,,,198.850006,101.739105,64.697304,12.788634,
2014-08-26,31.915001,138.100006,40.595001,20.200001,,,170.606491,86.873314,134.458298,77.949997,,,,,24.330000,,,,199.509995,101.715141,64.966782,12.816217,
2014-08-27,31.879999,137.850006,40.639999,20.270000,,,171.031509,87.028862,134.420731,77.889999,,,,,24.330000,,,,200.429993,101.970894,65.038643,12.816217,
2014-08-28,31.809999,137.699997,40.384998,20.120001,,,170.875381,87.221458,134.345627,77.750000,,,,,24.350000,,,,200.619995,101.859009,64.942833,12.781739,
2014-08-29,31.934999,138.490005,40.509998,20.219999,,,170.840683,87.221458,134.355042,78.150002,,,,,24.469999,,,,200.710007,101.978912,64.912895,12.857578,
2014-09-01,32.014999,138.699997,40.605000,20.320000,,,170.875381,86.921455,134.326874,78.269997,,,,,24.520000,,,,200.679993,102.034836,64.942833,12.836890,
2014-09-02,32.040001,138.800003,40.564999,20.190001,,,170.372269,87.154823,134.364410,78.269997,,,,,24.500000,,,,200.300003,101.962898,64.894928,12.878257,
2014-09-03,32.099998,138.679993,40.860001,20.450001,,,170.164062,87.265900,134.355042,78.599998,,,,,24.540001,,,,199.490005,101.930946,64.847023,12.905833,
2014-09-04,32.549999,140.850006,41.294998,20.770000,,,170.745300,87.473312,134.599121,79.660004,,,,,24.870001,,,,200.309998,102.106781,64.912895,13.071289,
2014-09-05,32.360001,139.850006,41.130001,20.709999,,,171.335129,88.143669,134.580353,79.239998,,,,,24.770000,,,,200.910004,102.186707,64.858986,13.050612,
2014-09-08,32.439999,140.949997,40.985001,20.740000,,,171.144318,88.925133,134.570969,79.510002,,,,,24.799999,,,,200.500000,102.162712,64.918884,13.091970,
2014-09-09,32.345001,140.649994,40.775002,20.559999,,,170.224808,88.817749,134.514633,79.220001,,,,,24.719999,,,,199.160004,102.002869,64.781128,13.043718,
2014-09-10,32.294998,140.220001,40.785000,20.280001,,,170.086044,88.417747,134.477066,79.029999,,,,,24.719999,,,,198.889999,102.018875,64.787140,12.912730,
2014-09-11,32.264999,140.300003,40.735001,20.240000,,,169.843140,87.965904,134.411377,78.930000,,,,,24.650000,,,,198.649994,102.002869,64.858986,12.857578,
2014-09-12,32.189999,139.854996,40.709999,20.030001,,,169.426804,87.502937,134.392578,78.709999,,,,,24.549999,,,,198.139999,101.843025,64.894928,12.692115,
2014-09-15,32.070000,139.330002,40.665001,19.930000,,,169.608932,87.517769,134.383209,78.379997,,,,,24.480000,,,,198.070007,101.914963,64.870964,12.512870,
2014-09-16,32.165001,140.059998,40.580002,20.100000,,,169.574265,87.680725,134.392578,78.610001,,,,,24.570000,,,,197.690002,101.811043,64.781128,12.554234,
2014-09-17,32.220001,140.470001,40.740002,20.100000,,,169.921188,87.228859,134.430145,78.800003,,,,,24.559999,,,,197.919998,101.970894,64.811096,12.568020,
2014-09-18,32.514999,141.820007,41.205002,20.070000,,,169.582916,86.591835,134.392578,79.370003,,,,,24.690001,,,,197.440002,101.874992,64.912895,12.574918,
2014-09-19,32.660000,142.660004,41.264999,20.070000,,,170.242142,86.939987,134.495850,79.639999,,,,,24.820000,,,,198.000000,102.026855,65.032654,12.581817,
2014-09-22,32.445000,141.660004,41.029999,19.770000,,,170.493713,87.132576,134.486481,79.019997,,,,,24.709999,,,,198.460007,102.058830,64.960815,12.540445,
2014-09-23,32.185001,140.809998,40.480000,19.629999,,,170.511108,87.095535,134.420731,78.449997,,,,,24.570000,,,,198.679993,102.042847,64.829041,12.457712,
2014-09-24,32.435001,141.860001,40.814999,19.889999,,,170.649857,87.199249,134.383209,79.029999,,,,,24.780001,,,,198.589996,102.018875,64.751213,12.533552,
2014-09-25,32.235001,141.130005,40.450001,19.670000,,,170.953476,87.614044,134.420731,78.500000,,,,,24.690001,,,,198.830002,102.170715,64.613480,12.395665,
2014-09-26,32.305000,141.190002,40.570000,19.740000,,,170.970810,87.865906,134.430145,78.629997,,,,,24.730000,,,,199.070007,102.106781,64.448799,12.526658,
2014-09-29,32.294998,141.720001,40.415001,19.430000,,,170.884064,88.077003,134.392578,78.510002,,,,,24.770000,,,,199.029999,102.026855,64.170341,12.478399,
2014-09-30,32.535000,143.080002,40.639999,19.549999,,,171.274414,88.254799,134.439499,79.080002,,,,,24.980000,,,,199.550003,102.130768,64.272148,12.609387,
2014-10-01,32.230000,141.440002,40.285000,19.389999,,,171.898987,88.828865,134.477066,78.279999,,,,,24.870001,,,,199.389999,102.258644,64.403900,12.568020,
2014-10-02,31.575001,139.199997,39.320000,19.020000,,,171.612656,89.417740,134.411377,76.660004,,,,,24.530001,,,,198.880005,102.202698,64.373947,12.409457,
2014-10-03,32.279999,142.860001,39.730000,19.459999,,,171.499954,89.884407,134.383209,76.660004,,,,,24.530001,,,,198.470001,102.146767,64.424835,12.630067,
2014-10-06,32.259998,142.630005,39.794998,19.750000,,,171.543289,89.891815,134.392578,78.419998,173.585007,25.107500,25.057199,24.857599,25.010000,,,,198.250000,102.266632,64.475746,12.664541,
2014-10-07,31.820000,140.494995,39.224998,19.570000,,,171.413208,89.958458,134.345627,77.379997,171.139999,24.725500,24.768999,24.677799,24.750000,,,,197.839996,102.234665,64.379951,12.519766,
2014-10-08,31.485001,139.089996,38.845001,19.330000,,,171.595352,90.225151,134.308075,76.529999,169.585007,25.002199,24.997700,24.696600,24.610001,,,,198.000000,102.282608,64.218246,12.457712,
2014-10-09,31.625000,140.360001,38.689999,19.430000,,,171.768814,89.939964,134.317444,76.910004,172.309998,24.545601,24.719601,24.414600,24.820000,,,,197.740005,102.290611,64.284126,12.650755,
2014-10-10,31.150000,138.389999,38.070000,19.160000,,,171.803574,90.658478,134.317444,75.709999,168.225006,24.118799,24.337999,23.967600,24.660000,,,,197.270004,102.290611,63.996677,12.602490,
2014-10-13,30.885000,136.649994,38.115002,19.190001,,,171.682083,91.073280,134.326874,75.169998,165.164993,23.754499,24.125000,23.906900,24.469999,,,,196.639999,102.266632,63.900879,12.602490,
2014-10-14,30.785000,135.960007,38.090000,19.120001,,,172.280594,91.925117,134.308075,75.110001,164.440002,18.860001,19.139999,18.840000,24.450001,,,,196.899994,102.418503,63.864948,12.712797,
2014-10-15,29.875000,131.750000,36.919998,18.590000,,,172.393417,93.062141,134.261139,72.940002,159.380005,23.426600,23.914301,23.535999,23.930000,,,,197.289993,102.586349,63.583496,12.505971,
2014-10-16,30.014999,132.669998,36.689999,18.580000,,,171.170334,91.714035,133.932526,73.190002,159.710007,23.470501,18.500000,23.364901,23.950001,,,,196.199997,102.114784,63.326004,12.519766,
2014-10-17,30.655001,135.315002,37.744999,18.930000,,,171.092270,91.114021,134.101532,74.650002,163.259995,23.896700,18.920000,23.525299,24.170000,,,,196.270004,102.010887,63.954769,12.692115,
2014-10-20,30.580000,134.854996,37.480000,18.830000,,,170.701904,90.991806,134.017014,74.500000,162.845001,18.750000,19.070000,18.590000,24.250000,,,,197.029999,102.202698,63.906857,12.678329,
2014-10-21,31.245001,138.259995,38.299999,19.040001,,,170.918762,90.880692,134.054565,76.050003,168.074997,24.596701,24.853800,18.750000,24.670000,,,,197.800003,102.122757,64.367966,12.919622,
2014-10-22,31.625000,140.289993,38.580002,19.100000,,,170.996857,91.051041,134.101532,76.919998,170.740005,19.549999,19.709999,24.139299,24.930000,,,,197.919998,102.258644,64.373947,13.036822,
2014-10-23,31.754999,140.860001,38.875000,19.080000,,,170.901398,91.058449,134.092148,77.160004,172.210007,19.660000,19.790001,19.250000,25.010000,,,,197.460007,102.226685,64.445816,13.112655,
2014-10-24,31.705000,140.740005,38.685001,19.129999,,,170.901398,90.810333,134.054565,77.050003,172.210007,19.650000,19.780001,19.200001,25.030001,,,,197.389999,102.258644,64.535622,13.057508,
2014-10-27,31.565001,140.360001,38.455002,18.790001,,,171.031509,90.617737,134.035782,76.720001,172.270004,19.580000,19.730000,19.120001,25.030001,,,,197.679993,102.362564,64.460754,13.036822,
2014-10-28,31.754999,140.985001,38.810001,19.139999,,,171.083588,90.291786,134.054565,77.279999,173.585007,19.690001,19.840000,19.190001,25.090000,,,,197.949997,102.370544,64.511681,13.112655,
2014-10-29,31.875000,141.589996,38.930000,19.299999,,,171.014191,90.173302,134.007599,77.660004,173.684998,19.750000,19.930000,19.330000,25.160000,,,,198.449997,102.330582,64.589523,13.098876,
2014-10-30,32.244999,143.570007,39.169998,19.490000,,,171.425446,90.807007,134.026413,78.580002,175.684998,25.285801,25.538099,19.490000,25.510000,,,,198.779999,102.466454,64.373947,13.233931,
2014-10-31,32.919998,146.339996,39.849998,19.700001,,,172.222046,90.810722,134.073349,80.230003,179.574997,25.563499,25.780001,20.080000,25.910000,,,,199.520004,102.578354,64.535622,13.497504,
2014-11-03,33.000000,147.220001,39.544998,19.650000,,,171.679276,90.679550,134.092148,80.309998,181.009995,20.450001,20.549999,20.139999,25.990000,,,,198.380005,102.538383,64.559586,13.573800,
2014-11-04,32.540001,145.509995,39.119999,19.500000,,,171.924408,90.915680,134.054565,79.309998,178.729996,20.170000,20.340000,20.010000,25.760000,,,,198.910004,102.658264,64.655388,13.455886,
2014-11-05,32.959999,147.410004,39.759998,19.549999,,,171.696823,90.848206,134.110901,80.209999,180.565002,20.450001,20.570000,20.030001,26.049999,,,,198.539993,102.714226,64.688332,13.566859,
2014-11-06,33.165001,148.729996,39.884998,19.520000,,,171.950638,91.410431,134.186005,80.660004,181.550003,20.610001,20.690001,20.080000,26.139999,,,,198.360001,102.802147,64.900917,13.573800,
2014-11-07,33.215000,149.300003,39.730000,19.520000,,,172.152023,91.916458,134.176636,80.739998,181.714996,20.610001,20.760000,20.049999,26.200001,,,,198.649994,102.834122,64.882950,13.490570,
2014-11-10,33.334999,149.419998,40.020000,19.650000,,,172.169479,91.586617,134.186005,81.099998,182.440002,20.639999,20.830000,20.129999,26.250000,,,,199.330002,102.834122,64.951805,13.552990,
2014-11-11,33.355000,149.360001,40.105000,19.450001,,,172.292038,91.354225,134.242340,81.050003,182.244995,20.660000,20.860001,20.180000,26.299999,,,,199.289993,102.882072,65.116486,13.573800,
2014-11-12,33.185001,149.020004,39.665001,19.530001,,,172.274582,91.950188,134.251770,80.809998,182.274994,20.590000,20.820000,20.040001,26.230000,,,,199.220001,102.977982,65.074577,13.504436,
2014-11-13,33.215000,149.039993,39.764999,19.430000,,,172.309570,92.396210,134.232971,80.709999,183.065002,20.540001,20.790001,20.059999,26.320000,,,,198.699997,103.049904,65.116486,13.532184,
2014-11-14,33.205002,149.009995,39.720001,19.420000,,,172.475906,92.864731,134.242340,80.720001,183.419998,20.530001,20.780001,20.080000,26.260000,,,,199.080002,102.985970,64.900917,13.525243,
2014-11-17,33.215000,149.029999,39.939999,19.370001,,,172.598450,92.954697,134.242340,80.680000,182.735001,20.559999,20.760000,20.059999,26.260000,,,,197.979996,102.954010,64.793137,13.511374,
2014-11-18,33.314999,149.190002,40.200001,19.320000,,,172.537201,93.052132,134.223587,80.790001,183.244995,20.639999,20.719999,20.180000,26.250000,,,,198.149994,102.954010,64.841034,13.476690,
2014-11-19,33.174999,148.750000,40.180000,19.379999,,,172.160751,92.729797,134.214188,80.480003,182.434998,20.580000,20.639999,20.049999,26.170000,,,,197.910004,102.794159,64.835052,13.400397,
2014-11-20,33.275002,149.559998,40.084999,19.400000,,,172.642227,92.636093,134.242340,80.709999,183.929993,20.660000,20.780001,20.059999,26.240000,,,,197.679993,102.850113,64.727242,13.400397,
2014-11-21,33.904999,152.059998,40.935001,20.010000,,,173.403778,92.879723,134.345627,82.290001,186.529999,26.046499,26.116699,25.338600,26.629999,,,,198.860001,103.009956,64.930870,13.643158,
2014-11-24,33.820000,151.639999,40.974998,19.900000,,,173.526337,92.699806,134.373779,82.110001,186.500000,21.020000,21.020000,20.440001,26.450001,,,,198.830002,102.969978,65.008705,13.608473,
2014-11-25,33.764999,151.339996,41.044998,19.780001,,,174.016586,92.793526,134.392578,81.949997,186.809998,21.010000,20.969999,20.410000,26.370001,,,,199.619995,103.073906,65.092545,13.608473,
2014-11-26,33.740002,150.990005,41.060001,19.900000,,,173.981537,92.868484,134.383209,81.940002,186.925003,20.990000,20.930000,20.420000,26.430000,,,,199.809998,103.129860,65.134445,13.663966,
2014-11-27,33.820000,151.770004,41.160000,19.910000,,,174.743134,93.456947,134.373779,82.129997,188.315002,21.120001,21.020000,20.400000,26.410000,,,,199.869995,103.145836,65.152435,13.733327,
2014-11-28,33.849998,152.259995,41.185001,19.700001,,,174.813171,94.004204,134.345627,82.250000,189.720001,21.270000,21.030001,20.490000,26.660000,,,,199.639999,103.137825,65.056602,13.830429,
2014-12-01,33.500000,150.330002,40.939999,19.280001,,,174.734375,93.629364,134.317444,81.160004,186.710007,26.207899,20.820000,20.290001,26.540001,,,,198.529999,102.954010,64.945831,13.768003,
2014-12-02,33.845001,152.000000,41.139999,19.480000,,,174.568054,93.543152,134.326874,81.940002,188.350006,21.219999,21.020000,20.590000,26.700001,,,,198.490005,103.001945,64.942833,13.878979,
2014-12-03,34.145000,153.589996,41.375000,19.670000,,,174.751907,92.894707,134.383209,82.680000,189.794998,21.440001,21.219999,20.760000,26.900000,,,,198.660004,103.041908,65.014702,13.983025,
2014-12-04,33.685001,151.509995,40.845001,19.469999,,,174.375458,93.127113,134.308075,81.720001,187.679993,21.200001,20.990000,20.459999,26.629999,,,,199.000000,103.017952,65.104523,13.754134,
2014-12-05,34.215000,154.080002,41.544998,19.620001,,,174.585541,93.426949,134.336227,82.910004,190.529999,21.510000,21.290001,20.809999,26.820000,,,,198.880005,103.025940,65.209297,13.899792,
2014-12-08,34.075001,153.960007,41.240002,19.480000,,,175.180817,93.468185,134.392578,82.580002,190.304993,21.530001,21.240000,20.730000,26.820000,,,,199.000000,103.169815,65.134445,13.955283,
2014-12-09,33.310001,150.449997,40.320000,19.010000,,,174.935715,93.640594,134.261139,80.620003,186.059998,21.059999,20.790001,20.230000,26.410000,,,,199.399994,103.217766,64.924866,13.774945,
2014-12-10,33.209999,150.259995,40.154999,18.850000,,,174.795654,93.693108,134.204788,80.440002,186.610001,21.070000,20.709999,20.129999,26.379999,,,,197.990005,103.257736,64.882950,13.809621,
2014-12-11,33.380001,151.339996,40.180000,18.770000,,,174.865692,93.636856,134.223587,80.820000,187.910004,21.230000,20.860001,20.250000,26.570000,,,,197.899994,103.209778,64.739235,13.865111,
2014-12-12,32.560001,147.750000,39.134998,18.350000,,,175.058258,94.229080,134.176636,78.910004,184.085007,20.799999,20.340000,19.719999,26.070000,,,,197.509995,103.305687,64.418869,13.663966,
2014-12-15,32.084999,146.169998,38.154999,18.059999,,,175.399658,94.716347,134.129700,77.580002,181.664993,20.500000,19.959999,19.260000,25.780001,,,,197.000000,103.281715,64.373947,13.546052,
2014-12-16,32.474998,147.410004,38.985001,18.219999,,,175.487183,94.109131,134.157837,78.519997,181.955002,20.709999,20.280001,19.610001,26.000000,,,,195.970001,103.225761,64.044586,13.587667,
2014-12-17,32.395000,146.399994,38.965000,18.320000,,,175.679794,94.585152,134.092148,78.430000,179.899994,20.549999,20.180000,19.650000,25.950001,,,,196.740005,103.353638,64.254189,13.622350,
2014-12-18,33.435001,151.679993,40.160000,18.820000,,,175.714813,93.734299,134.261139,80.919998,186.875000,21.260000,20.850000,20.219999,26.639999,,,,196.960007,103.396439,64.757187,13.955283,
2014-12-19,33.919998,154.460007,40.340000,19.030001,,,175.951141,94.236557,134.308075,82.110001,190.164993,21.590000,21.139999,20.540001,26.980000,,,,197.570007,103.444862,64.853004,14.073192,
2014-12-22,33.994999,154.500000,40.514999,19.170000,,,176.064941,94.154106,134.326874,82.300003,190.029999,21.540001,21.129999,20.540001,26.980000,,,,198.690002,103.469109,64.960815,14.170299,
2014-12-23,34.320000,156.460007,40.759998,19.160000,,,176.318802,94.697594,134.420731,82.959999,191.149994,21.620001,21.280001,20.780001,27.230000,,,,199.229996,103.590210,65.032654,14.288208,
2014-12-24,34.369999,156.125000,40.654999,19.290001,,,176.082443,94.049171,134.383209,82.959999,190.524994,21.620001,21.280001,20.780001,27.230000,,,,198.740005,103.582123,65.002708,14.302078,
2014-12-29,34.445000,157.000000,40.805000,19.389999,,,176.537643,94.678841,134.401947,83.410004,192.535004,21.750000,21.410000,20.799999,27.330000,,,,199.059998,103.727432,64.847023,14.371438,
2014-12-30,34.235001,156.559998,40.375000,19.299999,,,176.940338,94.596397,134.430145,83.059998,191.604996,21.750000,21.350000,20.700001,27.299999,,,,198.509995,103.792030,64.954811,14.419993,
2014-12-31,34.365002,157.104996,40.580002,19.440001,,,177.106628,94.420212,134.439499,83.059998,191.815002,21.750000,21.350000,20.700001,27.299999,,,,198.580002,103.775879,64.942833,14.454674,
2015-01-02,34.250000,156.289993,40.375000,19.330000,,,177.876938,96.335541,134.617920,3.317200,190.520004,21.680000,21.299999,20.790001,27.330000,,,,198.619995,103.864700,65.023674,14.433866,
2015-01-05,33.875000,155.429993,39.450001,19.230000,,,177.194168,97.639893,134.552185,3.289600,190.100006,21.620001,21.129999,20.420000,27.370001,,,,197.550003,103.880829,64.835052,14.579521,
2015-01-06,33.549999,153.929993,39.115002,19.139999,,,177.483017,98.764366,134.486481,3.251600,187.929993,21.389999,20.920000,20.209999,27.200001,,,,196.550003,103.929268,64.769173,14.683564,
2015-01-07,34.044998,156.309998,39.424999,19.629999,,,176.992874,99.356560,134.401947,3.301600,190.600006,21.790001,21.230000,20.510000,27.620001,,,,196.770004,103.937347,64.900917,14.933258,
2015-01-08,34.770000,159.419998,40.529999,20.030001,,,177.176666,98.749359,134.486481,3.376400,194.955002,22.270000,21.700001,20.990000,28.120001,,,,197.759995,103.856613,65.017685,15.113595,
2015-01-09,34.415001,158.039993,39.965000,19.889999,,,176.905273,99.000496,134.486481,3.342000,193.039993,22.110001,21.500000,20.730000,27.940001,,,,197.630005,103.953499,64.876945,15.071977,
2015-01-12,34.340000,157.270004,40.220001,19.830000,,,177.430527,99.139168,134.486481,3.340000,192.039993,22.090000,21.480000,20.719999,27.959999,,,,197.380005,103.945427,64.915886,15.217640,
2015-01-13,34.764999,158.990005,40.764999,20.150000,,,177.684387,98.996742,134.524017,3.381200,195.429993,22.370001,21.740000,20.969999,28.299999,,,,197.460007,103.945427,64.888924,15.356360,
2015-01-14,34.009998,155.050003,40.154999,19.790001,,,178.314636,99.547729,134.552185,3.310400,189.945007,21.950001,21.280001,20.520000,27.930000,,,,198.850006,104.026154,64.900917,15.300863,
2015-01-15,34.805000,158.110001,41.334999,20.340000,,,178.480988,100.109940,134.580353,3.391200,193.009995,22.450001,21.840000,21.049999,28.730000,,,,198.880005,104.106895,65.062607,15.661539,
2015-01-16,35.064999,158.929993,41.730000,20.450001,,,179.014938,100.428558,134.636673,3.417200,193.514999,22.530001,21.980000,21.200001,29.040001,,,,199.770004,104.090752,65.044632,15.807197,
2015-01-19,35.009998,158.789993,41.799999,20.160000,,,178.866180,100.094963,134.693039,3.408400,193.384995,22.540001,21.950001,21.160000,28.940001,,,,200.449997,104.139198,64.972778,15.772511,
2015-01-20,35.165001,158.929993,42.180000,20.370001,,,178.743622,100.128708,134.683624,3.423600,194.054993,22.610001,22.049999,21.290001,29.080000,,,,200.350006,104.211868,65.170395,15.821069,
2015-01-21,35.439999,160.479996,42.445000,20.639999,,,178.122101,100.222412,134.627304,3.450000,196.945007,22.770000,22.200001,21.430000,29.120001,,,,200.880005,103.969635,65.074577,15.772511,
2015-01-22,36.105000,163.740005,43.080002,21.129999,,,179.382614,100.196159,134.824463,3.521600,201.304993,23.209999,22.610001,21.860001,29.629999,,,,203.250000,104.171486,65.302116,16.119318,
2015-01-23,36.715000,167.059998,43.849998,21.610001,,,180.109161,100.795876,134.852646,3.588400,205.994995,23.639999,23.059999,22.230000,30.120001,,,,203.960007,104.526703,65.529678,16.466125,
2015-01-26,36.720001,166.149994,44.110001,21.540001,,,179.802780,100.436043,134.786911,3.582800,205.449997,23.610001,23.049999,22.230000,29.990000,,,,203.190002,104.332939,65.397934,16.438377,
2015-01-27,36.224998,163.350006,43.820000,21.219999,,,179.724045,100.035004,134.739960,3.537600,200.000000,23.250000,22.740000,21.969999,29.850000,,,,202.850006,104.389450,65.365021,16.355141,
2015-01-28,36.355000,163.690002,43.709999,21.250000,,,179.531448,100.019981,134.646088,3.547200,200.845001,23.410000,22.840000,21.980000,30.059999,,,,202.089996,104.486343,65.308121,16.424501,
2015-01-29,36.014999,161.679993,43.654999,21.020000,,,179.470154,101.050743,134.711807,3.512000,198.179993,23.190001,22.620001,21.830000,29.639999,,,,201.789993,104.478264,65.200340,16.339413,
2015-01-30,36.110001,162.539993,43.424999,20.780001,,,180.012878,101.976540,134.749374,3.512800,201.125000,23.230000,22.680000,21.740000,29.709999,,,,202.990005,104.583229,65.326080,16.248676,
2015-02-02,36.064999,161.914993,43.544998,20.910000,,,179.680237,101.882835,134.758743,3.517200,199.529999,23.059999,22.660000,21.809999,29.520000,,,,203.449997,104.639725,65.266190,16.081169,
2015-02-03,36.080002,162.039993,43.860001,20.990000,,,179.619003,100.597221,134.805679,3.514000,198.059998,22.850000,22.600000,21.830000,29.340000,,,,203.779999,104.591286,65.427895,16.004393,
2015-02-04,36.500000,164.330002,44.115002,21.250000,,,179.776520,99.566467,134.843231,3.561600,201.535004,23.209999,22.850000,22.110001,29.780001,,,,203.470001,104.631653,65.487770,16.185856,
2015-02-05,36.645000,165.009995,44.185001,21.180000,,,179.636490,99.116684,134.824463,3.568400,201.975006,23.290001,22.930000,22.190001,29.879999,,,,204.059998,104.639725,65.487770,16.241693,
2015-02-06,36.974998,167.179993,44.255001,21.120001,,,179.330093,98.475754,134.852646,3.597600,204.645004,23.520000,23.120001,22.340000,29.940001,,,,203.539993,104.639725,65.547646,16.206797,
2015-02-09,36.735001,165.949997,43.945000,21.049999,,,178.892441,98.588196,134.786911,3.574400,202.684998,23.309999,22.990000,22.180000,29.740000,,,,202.949997,104.728539,65.511703,16.018347,
2015-02-10,36.849998,166.320007,44.215000,20.990000,,,178.656067,98.142151,134.786911,3.588000,204.210007,23.410000,23.070000,22.299999,29.820000,,,,202.529999,104.696243,65.511703,15.962504,
2015-02-11,36.950001,167.419998,44.084999,20.830000,,,178.673569,97.999748,134.777527,3.593200,206.570007,23.580000,23.110001,22.350000,29.879999,,,,202.339996,104.776985,65.553619,15.997411,
2015-02-12,37.005001,167.100006,44.419998,21.030001,,,179.163788,97.332542,134.815063,3.592800,206.479996,23.490000,23.090000,22.420000,29.730000,,,,202.500000,104.849640,65.577606,15.969489,
2015-02-13,37.235001,168.039993,44.685001,21.299999,,,179.365097,97.040192,134.824463,3.619200,207.744995,23.590000,23.180000,22.610001,29.809999,,,,203.509995,104.873856,65.601532,15.997411,
2015-02-16,37.294998,168.630005,44.660000,21.270000,,,179.146286,96.924004,134.815063,3.629200,209.404999,23.680000,23.250000,22.670000,29.860001,,,,203.100006,104.849640,65.637466,15.969489,
2015-02-17,37.314999,168.500000,44.750000,21.209999,,,178.874924,96.807808,134.805679,3.630800,209.009995,23.740000,23.299999,22.690001,29.889999,,,,202.949997,104.809288,65.625488,16.004393,
2015-02-18,37.549999,169.139999,45.084999,21.290001,,,179.058746,95.994461,134.852646,3.650000,209.835007,23.850000,23.410000,22.879999,29.969999,,,,202.779999,104.890015,65.739273,15.920631,
2015-02-19,37.555000,169.020004,45.240002,21.299999,,,179.190048,96.301804,134.862030,3.652800,210.610001,23.910000,23.440001,22.889999,29.959999,,,,202.910004,104.881950,65.793190,15.871776,
2015-02-20,37.605000,169.039993,45.369999,21.309999,,,179.496445,96.785324,134.927734,3.656000,211.410004,23.990000,23.480000,22.969999,30.000000,,,,203.059998,104.930382,65.781197,15.878753,
2015-02-23,37.840000,170.330002,45.689999,21.320000,,,180.082886,96.211845,134.946503,3.677600,212.925003,24.240000,23.660000,23.080000,30.219999,,,,203.740005,104.986900,66.002762,15.990430,
2015-02-24,38.029999,171.139999,45.924999,21.570000,,,180.389313,96.620399,135.012253,3.698000,213.690002,24.309999,23.780001,23.209999,30.280001,,,,203.649994,105.019188,66.140472,15.941570,
2015-02-25,37.959999,170.679993,45.855000,21.430000,,,180.616928,96.699097,135.012253,3.689600,213.139999,24.240000,23.730000,23.080000,30.280001,,,,204.119995,105.172592,66.242287,15.976470,
2015-02-26,38.424999,172.729996,46.325001,21.840000,,,181.422272,97.156387,135.088226,3.740400,215.945007,24.549999,23.980000,23.410000,30.700001,,,,204.360001,105.293671,66.454697,16.011364,
2015-02-27,38.395000,172.429993,46.480000,21.840000,,,181.282211,96.867775,135.107056,3.734400,215.975006,24.520000,23.959999,23.360001,30.690001,,,,205.139999,105.196815,66.497520,15.997411,
2015-03-02,38.514999,173.309998,46.400002,21.680000,,,180.949539,97.010208,135.097656,3.745600,217.600006,24.670000,23.980000,23.410000,30.750000,,,,204.860001,105.108017,66.405731,16.178879,
2015-03-03,38.230000,171.960007,45.980000,21.530001,,,180.468094,96.631638,135.050629,3.717200,215.464996,24.430000,23.830000,23.240000,30.610001,,,,205.119995,105.099930,66.362938,16.032307,
2015-03-04,38.570000,173.720001,46.330002,21.590000,,,180.590668,97.171387,135.041214,3.748000,218.309998,24.670000,24.040001,23.410000,30.840000,,,,205.990005,105.019188,66.473038,16.116058,
2015-03-05,38.860001,174.705002,46.750000,21.730000,,,181.019608,97.415009,135.154099,3.776000,219.725006,24.879999,24.200001,23.610001,31.100000,,,,207.070007,105.132202,66.521980,16.234715,
2015-03-06,39.035000,175.699997,46.785000,21.690001,,,180.774475,97.658646,135.144669,3.793600,221.595001,25.000000,24.320000,23.719999,31.160000,,,,207.169998,105.035339,66.595390,15.997411,
2015-03-09,38.945000,175.449997,46.680000,21.639999,,,181.728653,97.647415,135.172897,3.788000,220.490005,24.950001,24.280001,23.690001,31.120001,,,,207.389999,105.229088,66.491394,15.934595,
2015-03-10,38.825001,175.479996,46.145000,21.500000,,,182.393906,98.355812,135.191696,3.774400,220.235001,24.969999,24.209999,23.570000,31.160000,,,,208.669998,105.366325,66.417992,16.074190,
2015-03-11,39.345001,177.460007,46.924999,21.870001,,,183.199326,99.176643,135.172897,3.823200,222.460007,25.309999,24.469999,23.959999,31.540001,,,,209.289993,105.414803,66.424095,16.269613,
2015-03-12,39.544998,178.300003,46.955002,21.980000,,,182.971680,99.993759,135.182297,3.846400,222.130005,25.450001,24.570000,24.080000,31.770000,,,,209.550003,105.172592,66.473038,16.423166,
2015-03-13,39.610001,178.589996,47.070000,21.920000,,,182.761551,100.938293,135.163467,3.853600,222.404999,25.610001,24.629999,24.110001,31.870001,,,,209.610001,105.099930,66.356819,16.506924,
2015-03-16,39.830002,179.529999,47.525002,21.980000,,,182.568985,100.537262,135.163467,3.876800,223.449997,25.740000,24.790001,24.280001,32.009998,,,,208.279999,104.930382,66.295631,16.597654,
2015-03-17,39.709999,179.320007,47.189999,22.020000,,,181.921249,101.365593,135.116440,3.865600,224.104996,25.709999,24.719999,24.170000,31.920000,,,,208.020004,104.752785,66.136581,16.506924,
2015-03-18,39.650002,178.229996,47.380001,22.090000,,,182.245117,101.777893,135.107056,3.863200,222.875000,25.639999,24.680000,24.139999,31.809999,,,,208.500000,104.986900,66.063148,16.472023,
2015-03-19,39.955002,180.110001,47.650002,22.120001,,,182.533997,102.029007,135.144669,3.889200,226.490005,25.930000,24.910000,24.260000,32.119999,,,,208.839996,104.970741,66.099869,16.779133,
2015-03-20,39.845001,178.600006,48.090000,22.250000,,,182.919144,100.975792,135.116440,3.873600,224.205002,25.750000,24.830000,24.250000,31.889999,,,,210.190002,105.011116,66.096809,16.695375,
2015-03-23,39.575001,177.179993,47.744999,21.930000,,,182.157578,101.050743,135.097656,3.849600,221.664993,25.500000,24.639999,24.129999,31.820000,,,,209.520004,104.760834,66.075401,16.723291,
2015-03-24,39.580002,176.669998,47.904999,22.049999,,,181.807449,101.650444,135.088226,3.849600,221.934998,25.490000,24.620001,24.100000,31.850000,,,,208.610001,104.672028,66.075401,16.723291,
2015-03-25,38.939999,173.300003,47.380001,21.780001,,,181.772400,101.579231,135.050629,3.789200,216.220001,24.959999,24.260000,23.820000,31.430000,,,,208.619995,104.776985,66.001999,16.472023,
2015-03-26,38.860001,173.084000,46.935001,21.680000,,,181.728653,101.268127,135.116440,3.780400,215.190002,24.900000,24.209999,23.780001,31.410000,,,,208.419998,104.768921,66.050926,16.402233,
2015-03-27,38.845001,173.151993,47.040001,21.690001,,,181.859970,101.133202,135.144669,3.784800,215.449997,25.010000,24.260000,23.740000,31.430000,,,,207.979996,104.873856,66.191628,16.465046,
2015-03-30,39.494999,176.548996,47.610001,22.170000,,,181.929993,101.740417,135.163467,3.843200,219.699997,25.440001,24.639999,24.190001,31.820000,,,,207.130005,104.873856,66.209984,16.611620,
2015-03-31,39.560001,177.677002,47.305000,22.290001,,,182.542725,101.526741,135.219910,3.846400,221.250000,25.459999,24.680000,24.080000,31.920000,,,,207.910004,105.051476,66.301750,16.730274,
2015-04-01,39.244999,175.259995,47.400002,22.540001,,,182.674057,102.182693,135.238739,3.832800,217.104996,25.110001,24.490000,23.980000,31.660000,,,3.308300,208.110001,105.116066,66.393517,16.674435,
2015-04-02,39.169998,174.589996,47.320000,22.549999,,,182.437744,102.017769,135.154099,3.825600,216.110001,25.059999,24.389999,23.950001,31.549999,,,3.253281,208.720001,105.067635,66.387405,16.632555,
2015-04-07,39.724998,176.585999,48.070000,22.930000,,,182.665298,101.792870,135.229355,3.877200,219.264999,25.309999,24.730000,24.299999,31.889999,,,3.226128,208.889999,105.212944,66.564804,16.667456,
2015-04-08,39.799999,176.731995,48.095001,23.430000,,,182.910416,101.346870,135.276367,3.896800,220.029999,25.420000,24.840000,24.360001,31.969999,,,3.251852,208.619995,105.301758,66.518921,16.786104,
2015-04-09,40.240002,178.662994,48.654999,23.780001,,,182.752853,102.579987,135.257568,3.938000,222.509995,25.680000,25.110001,24.600000,32.369999,,,3.292580,208.850006,105.301758,66.632095,16.786104,
2015-04-10,40.820000,181.835999,49.145000,24.049999,,,182.884155,103.059761,135.295166,4.002000,226.485001,26.059999,25.490000,24.930000,32.759998,,,3.303299,208.699997,105.398636,66.662674,16.981541,
2015-04-13,40.900002,182.520004,49.209999,24.120001,,,182.752853,102.988556,135.248123,4.008400,228.149994,26.170000,25.540001,24.990000,32.779999,,,3.294724,208.970001,105.390541,66.748337,16.855913,
2015-04-14,40.525002,180.126999,49.005001,23.930000,,,182.770370,102.861084,135.248123,3.964400,224.065002,25.780001,25.280001,24.820000,32.529999,,,3.326878,209.360001,105.334053,66.656578,16.786104,
2015-04-15,40.919998,182.059998,49.340000,24.080000,,,183.243027,102.602486,135.295166,4.003200,226.074997,25.990000,25.500000,25.110001,32.750000,,,3.327594,210.059998,105.439003,66.644333,16.821007,
2015-04-16,40.535000,180.076996,49.000000,24.020000,,,182.761551,101.440544,135.182297,3.972800,224.074997,25.740000,25.270000,24.900000,32.380001,,,3.254710,209.800003,105.366325,66.442451,16.709333,
2015-04-17,39.880001,177.470001,48.139999,23.590000,,,182.245117,101.526741,135.210526,3.910800,219.725006,25.299999,24.870001,24.559999,31.990000,,,3.256854,209.330002,105.285614,66.307869,16.416193,
2015-04-20,40.305000,179.539001,48.465000,23.690001,,,182.376434,101.800392,135.154099,3.952400,223.289993,25.639999,25.139999,24.770000,32.290001,,,3.272573,209.429993,105.261398,66.424095,16.562761,
2015-04-21,40.369999,179.237000,48.709999,23.889999,,,182.218857,101.388084,135.182297,3.963200,224.434998,25.740000,25.180000,24.820000,32.369999,,,3.256140,209.009995,105.188721,66.289497,16.590681,
2015-04-22,40.470001,179.908997,48.674999,24.030001,,,182.183868,100.398552,135.276367,3.973600,225.294998,25.820000,25.250000,24.830000,32.400002,,,3.226843,209.460007,105.003059,66.362938,16.625582,
2015-04-23,40.340000,179.201996,48.509998,23.990000,,,182.245117,100.211159,135.182297,3.961200,224.485001,25.719999,25.180000,24.740000,32.299999,,,3.194689,208.470001,105.140282,66.405731,16.492964,
2015-04-24,40.365002,179.029007,48.720001,24.030001,,,182.096298,99.866302,135.257568,3.960000,227.020004,25.730000,25.180000,24.750000,32.270000,,,3.206836,208.149994,105.132202,66.485275,16.534843,
2015-04-27,40.445000,178.772995,49.185001,24.139999,,,182.393906,99.330345,135.285782,3.968000,227.149994,25.650000,25.209999,24.799999,32.240002,,,3.178255,208.449997,105.188721,66.540321,16.548803,
2015-04-28,39.970001,176.692993,48.455002,23.969999,,,182.455215,98.528221,135.313980,3.925600,224.184998,25.340000,24.900000,24.540001,31.930000,,,3.143243,208.149994,105.212944,66.577049,16.346388,
2015-04-29,39.185001,173.445007,47.395000,23.440001,,,180.844513,96.991463,135.191696,3.843600,219.085007,24.750000,24.410000,24.020000,31.290001,,,3.036777,207.149994,104.776985,66.570938,15.920631,
2015-04-30,38.884998,172.350006,47.235001,23.090000,,,180.218246,97.356819,135.201111,3.808400,216.675003,24.500000,24.240000,23.830000,30.950001,,,3.004622,206.190002,104.429817,66.424095,15.751373,
2015-05-01,38.884998,172.350006,47.235001,23.090000,,,180.218246,98.667191,135.201111,3.808400,216.675003,24.500000,24.240000,23.830000,30.950001,,,3.004622,206.190002,104.429817,66.454697,15.751373,
2015-05-04,39.200001,174.223999,47.505001,23.240000,,,179.293732,98.667191,135.201111,3.841600,218.990005,24.809999,24.520000,24.070000,31.230000,,,2.985330,205.860001,104.203781,66.454697,15.892004,
2015-05-05,38.625000,171.925003,46.715000,23.049999,,,177.277405,97.731758,135.154099,3.785200,214.619995,24.389999,24.190001,23.700001,30.809999,,,2.941029,203.190002,104.010017,66.271156,15.596668,
2015-05-06,38.115002,169.005997,46.485001,22.510000,,,176.203201,97.148514,135.135284,3.733200,210.919998,24.020000,23.840000,23.410000,30.340000,,,2.883866,201.940002,103.743584,66.209984,15.231009,
2015-05-07,38.270000,170.149994,46.514999,22.420000,,,176.969208,97.284859,135.182297,3.748800,212.320007,24.180000,23.930000,23.520000,30.490000,,,2.910304,201.970001,103.622490,65.995880,15.371649,
2015-05-08,39.084999,173.134995,47.834999,22.860001,,,177.506332,96.769798,135.201111,3.826800,216.169998,27.623600,24.459999,23.730000,31.049999,,,2.953890,203.179993,103.905045,66.350700,15.786528,
2015-05-11,39.215000,174.175003,48.009998,22.879999,,,176.863571,95.232224,135.210526,3.841200,217.315002,24.809999,24.590000,24.160000,31.129999,,,2.919593,202.600006,103.792030,66.375160,15.786528,
2015-05-12,38.744999,171.692001,47.445000,22.600000,,,175.895050,94.467224,135.163467,3.789600,214.339996,24.450001,24.280001,23.910000,30.730000,,,2.886724,201.669998,103.493317,66.087646,15.456037,
2015-05-13,38.465000,169.990005,47.134998,22.490000,,,175.692505,93.990021,135.182297,3.760800,212.509995,24.250000,24.080000,23.750000,30.530001,,,2.838136,201.399994,103.428726,66.283386,15.456037,
2015-05-14,38.720001,171.059998,47.865002,22.620001,,,175.868622,94.035461,135.163467,3.787600,214.494995,24.430000,24.270000,23.889999,30.690001,,,2.834563,201.740005,103.428726,66.405731,15.526347,
2015-05-15,38.540001,170.335007,47.500000,22.570000,,,176.845978,94.387650,135.219910,3.773600,213.789993,24.389999,24.170000,23.770000,30.639999,,,2.861001,202.600006,103.703217,66.466919,15.596668,
2015-05-18,38.875000,172.360001,47.715000,22.650000,,,176.097565,94.683060,135.201111,3.806000,216.154999,24.650000,24.370001,24.010000,30.870001,,,2.845996,202.029999,103.695145,66.485275,15.652926,
2015-05-19,39.625000,175.845001,48.514999,23.090000,,,176.889938,95.307938,135.295166,3.878000,220.500000,25.180000,24.790001,24.350000,31.469999,,,2.889582,202.929993,103.840477,66.619858,15.934197,
2015-05-20,39.764999,176.414993,48.740002,23.129999,,,176.484955,95.186775,135.257568,3.888400,221.339996,25.219999,24.889999,24.570000,31.629999,,,2.891726,201.899994,103.792030,66.552582,15.934197,
2015-05-21,39.810001,176.274994,48.930000,23.000000,,,176.573013,94.736099,135.257568,3.892400,221.880005,25.219999,24.940001,24.629999,31.520000,,,2.906731,201.729996,103.743584,66.613739,15.863880,
2015-05-22,39.985001,177.324997,48.895000,23.330000,,,176.810776,95.872261,135.257568,3.913600,223.649994,25.340000,25.030001,24.770000,31.690001,,,2.951747,201.770004,103.840477,66.662674,15.941227,
2015-05-25,40.154999,178.354996,48.709999,23.379999,,,176.978027,95.872261,135.295166,3.913600,225.145004,25.340000,25.030001,24.770000,31.690001,,,2.951747,201.520004,103.921196,66.662674,16.025610,
2015-05-26,40.005001,178.074997,48.474998,23.330000,,,176.678680,96.716789,135.219910,3.919600,223.990005,25.469999,25.090000,24.750000,31.719999,,,3.021057,200.970001,103.929268,66.613739,16.039671,
2015-05-27,40.230000,178.917007,49.005001,23.170000,,,177.083664,97.281082,135.210526,3.933200,226.214996,25.620001,25.150000,24.930000,31.770000,,,3.023915,201.020004,103.905045,66.607628,16.081863,
2015-05-28,40.110001,178.675003,48.860001,22.900000,,,177.101288,97.606766,135.172897,3.922400,226.654999,25.559999,25.070000,24.770000,31.629999,,,3.023923,201.179993,103.872772,66.662674,15.941227,
2015-05-29,39.549999,176.634995,47.959999,22.700001,,,177.488739,98.072586,135.210526,3.874400,223.899994,25.230000,24.740000,24.500000,31.360001,,,3.031832,202.440002,103.993858,66.687157,15.779498,
2015-06-01,39.794998,177.854996,47.994999,22.709999,,,176.722717,98.250587,135.163467,3.892800,225.304993,25.459999,24.860001,24.639999,31.500000,,,3.009544,201.839996,103.816223,66.589272,15.948267,
2015-06-02,39.130001,174.369995,47.549999,22.290001,,,174.732788,96.553940,135.107056,3.828800,220.619995,24.980000,24.440001,24.250000,30.870001,,,2.905295,200.000000,103.243042,66.497520,15.540412,
2015-06-03,38.924999,173.130005,47.474998,21.990000,,,173.262375,95.739693,135.078842,3.804000,219.044998,24.790001,24.309999,24.160000,30.559999,,,2.834838,198.220001,102.710182,66.417992,15.287265,
2015-06-04,38.555000,171.654999,47.049999,21.639999,,,173.737808,95.819214,135.144669,3.768800,217.524994,24.590000,24.049999,23.930000,30.309999,,,2.843465,199.149994,102.702126,66.307869,15.167722,
2015-06-05,38.744999,173.380005,46.634998,21.799999,,,172.918961,96.046448,135.022400,3.800800,219.505005,24.660000,24.219999,24.059999,30.490000,,,2.878694,198.419998,102.589066,66.277275,15.202888,
2015-06-08,38.275002,171.664993,46.270000,21.580000,,,172.408310,95.940430,135.012985,3.754800,216.244995,24.320000,23.930000,23.740000,30.120001,,,2.837713,198.160004,102.395317,66.093742,15.013021,
2015-06-09,38.020000,170.134995,46.044998,21.360001,,,171.818375,94.989845,135.012985,3.727600,213.809998,24.100000,23.760000,23.559999,29.940001,,,2.796734,197.669998,102.040092,65.928581,14.921612,
2015-06-10,38.439999,171.339996,46.845001,21.520000,,,171.783142,93.615097,134.994202,3.766400,215.949997,24.389999,24.000000,23.870001,30.100000,,,2.760786,197.880005,101.797897,65.842926,14.998964,
2015-06-11,38.720001,172.770004,47.119999,21.580000,,,172.927765,94.164215,134.975372,3.798400,217.714996,24.639999,24.219999,24.080000,30.320000,,,2.803923,198.979996,102.112740,66.032593,15.139599,
2015-06-12,38.410000,171.345001,46.759998,21.530001,,,172.505157,94.209686,134.824875,3.768800,215.770004,24.459999,24.049999,23.860001,30.200001,,,2.841308,198.399994,102.250000,65.891869,15.097406,
2015-06-15,38.150002,170.442001,45.974998,21.270000,,,171.747910,94.315704,134.523895,3.742400,213.899994,24.280001,23.820000,23.690001,30.040001,,,2.844903,197.759995,102.201569,65.457542,15.027093,
2015-06-16,38.320000,171.365005,46.235001,21.340000,,,172.117752,94.088501,134.580307,3.760000,215.419998,24.440001,24.000000,23.770000,30.160000,,,2.847060,197.089996,101.943214,65.365761,15.076312,
2015-06-17,38.285000,171.779999,46.044998,21.330000,,,172.117752,93.444664,134.683777,3.756000,216.024994,24.320000,23.980000,23.650000,30.180000,,,2.830525,197.800003,101.959358,65.377998,15.055219,
2015-06-18,38.244999,171.309998,46.105000,21.430000,,,172.540375,92.539543,134.721390,3.751600,216.449997,24.320000,23.969999,23.549999,30.139999,,,2.777321,198.330002,101.692940,65.053764,15.132564,
2015-06-19,38.415001,172.179993,46.215000,21.389999,,,172.883774,93.160637,134.759033,3.768400,217.669998,24.459999,24.090000,23.650000,30.309999,,,2.833400,198.039993,101.733322,65.157768,15.160691,
2015-06-22,38.685001,172.154999,47.365002,21.600000,,,172.874954,92.948555,134.871902,3.794800,217.919998,24.719999,24.139999,23.910000,30.330000,,,2.781636,198.850006,101.773659,65.665527,15.153660,
2015-06-23,39.279999,174.660004,47.875000,22.000000,,,173.315231,93.270454,134.975372,3.854000,220.970001,25.160000,24.500000,24.350000,30.780001,,,2.820459,199.539993,101.918983,66.032593,15.273200,
2015-06-24,39.189999,174.617004,47.705002,22.049999,,,173.376831,93.296974,134.947174,3.846400,221.690002,25.100000,24.469999,24.270000,30.680000,,,2.816864,199.389999,101.975517,65.891869,15.216946,
2015-06-25,39.080002,173.904999,47.599998,21.879999,,,173.429672,93.111404,134.956558,3.829600,221.070007,25.070000,24.309999,24.230000,30.580000,,,2.807518,199.619995,101.874161,66.124336,15.062247,
2015-06-26,39.040001,173.865005,47.605000,21.840000,,,172.998215,92.675865,134.918945,3.828000,219.785004,25.129999,24.350000,24.200001,30.600000,,,2.798171,198.800003,101.776413,66.069290,15.125538,
2015-06-29,38.255001,171.089996,46.320000,21.260000,,,172.487564,93.118973,134.674393,3.749200,215.419998,24.570000,23.900000,23.650000,30.240000,,,2.834838,197.550003,101.751961,65.335175,14.970831,
2015-06-30,38.119999,170.434998,45.724998,21.570000,,,173.086288,93.683266,134.683777,3.739200,214.860001,24.580000,23.820000,23.570000,30.170000,,,2.866472,198.240005,101.849709,65.329063,14.872386,
2015-07-01,38.615002,172.740005,46.439999,21.750000,,,172.769272,93.603729,134.796661,3.788000,217.815002,24.930000,24.170000,23.790001,30.590000,,,2.831962,198.149994,101.898605,65.665527,15.062247,
2015-07-02,38.520000,172.395004,46.255001,21.740000,,,172.293793,93.990021,134.749634,3.777200,217.365005,24.809999,24.129999,23.760000,30.610001,,,2.842746,197.250000,101.874161,65.573761,15.132564,
2015-07-03,38.424999,172.240005,45.980000,21.530001,,,173.077530,94.645187,134.796661,3.769200,217.304993,24.780001,24.070000,23.700001,30.590000,,,2.856406,198.000000,102.028938,65.732826,15.048181,
2015-07-06,38.325001,172.570007,45.494999,21.299999,,,172.513962,94.641411,134.674393,3.759600,218.005005,24.719999,24.049999,23.530001,30.670000,,,2.877256,197.570007,101.980064,65.274010,15.132564,
2015-07-07,38.099998,172.050003,44.735001,20.770000,,,173.834702,96.565292,134.730835,3.726800,216.244995,24.549999,23.879999,23.260000,30.809999,,,2.975754,197.850006,102.200005,65.203651,15.259135,
2015-07-08,37.810001,171.337006,44.724998,20.270000,,,173.922745,96.754646,134.759033,3.694000,215.384995,24.260000,23.820000,22.980000,30.520000,,,2.931897,198.169998,101.923042,65.047653,15.132564,
2015-07-09,38.240002,172.470001,45.759998,20.740000,,,173.984390,96.326714,134.843674,3.726400,217.044998,24.570000,24.010000,23.219999,30.750000,,,2.921113,198.369995,101.931198,65.255638,15.259135,
2015-07-10,38.314999,171.636993,46.700001,20.840000,,,173.183121,94.948174,134.956558,3.732400,215.925003,24.730000,24.049999,23.299999,30.620001,,,2.834118,197.770004,101.548294,65.579865,15.245074,
2015-07-13,39.119999,175.279999,47.544998,21.330000,,,173.755447,94.285423,135.060013,3.810400,221.550003,25.280001,24.590000,23.799999,31.190001,,,2.852812,198.070007,102.020805,65.907173,15.463061,
2015-07-14,39.365002,176.371994,47.955002,21.320000,,,173.931549,94.164215,135.097656,3.830800,223.940002,25.430000,24.730000,23.990000,31.280001,,,2.855687,197.889999,102.004501,65.867401,15.526347,
2015-07-15,39.590000,177.649994,48.060001,21.290001,,,174.891266,94.118782,135.125885,3.851600,225.764999,25.610001,24.860001,24.110001,31.600000,,,2.888759,198.720001,102.379250,65.897987,15.610735,
2015-07-16,40.049999,179.529999,48.740002,21.600000,,,174.996948,94.417969,135.201111,3.895200,229.024994,25.900000,25.120001,24.379999,31.799999,,,2.926145,199.190002,102.428139,66.167152,15.821691,
2015-07-17,40.165001,180.304993,48.744999,21.650000,,,175.692505,94.266479,135.229355,3.910400,233.080002,25.980000,25.150000,24.400000,31.860001,,,2.964250,199.800003,102.762131,66.350700,15.849818,
2015-07-20,40.259998,180.809998,48.869999,21.510000,,,175.912643,94.327087,135.295166,3.917200,234.410004,26.170000,25.299999,24.440001,31.809999,,,2.953466,200.089996,102.965813,66.405731,15.821691,
2015-07-21,39.849998,178.899994,48.369999,21.420000,,,175.401947,94.762596,135.219910,3.872800,232.964996,25.820000,25.020000,24.170000,31.500000,,,2.934772,199.279999,102.884361,66.344574,15.737305,
2015-07-22,39.689999,178.710007,48.044998,21.240000,,,175.815765,94.573242,135.229355,3.862000,231.059998,25.760000,24.920000,24.139999,31.570000,,,2.977910,199.419998,102.990250,66.304802,15.772471,
2015-07-23,39.415001,177.335007,47.825001,20.969999,,,176.079926,95.145119,135.276367,3.834000,229.714996,25.730000,24.760000,24.040001,31.290001,,,2.959217,200.199997,102.990250,66.222229,15.477130,
2015-07-24,39.119999,176.044998,47.404999,20.620001,,,176.608231,95.527611,135.276367,3.801200,228.634995,25.670000,24.559999,23.799999,31.190001,,,2.993008,200.059998,103.104324,66.121269,15.519317,
2015-07-27,38.209999,171.750000,46.334999,19.980000,,,176.484955,95.474609,135.257568,3.705600,222.270004,25.020000,23.959999,23.290001,30.629999,,,2.964968,199.720001,103.096161,65.934700,15.308366,
2015-07-28,38.639999,173.804993,46.840000,20.129999,,,176.617020,95.194336,135.257568,3.747600,223.570007,25.270000,24.230000,23.510000,30.969999,,,2.975754,199.679993,103.104324,65.922470,15.463061,
2015-07-29,39.075001,176.110001,47.275002,20.350000,,,176.308853,94.717163,135.266968,3.787600,225.815002,25.530001,24.600000,23.780001,31.340000,,,2.964968,199.970001,103.071724,65.910210,15.505255,
2015-07-30,39.410000,177.630005,47.575001,20.250000,,,177.145325,94.974678,135.276367,3.818000,228.184998,25.620001,24.830000,24.030001,31.590000,,,3.016014,201.100006,103.250954,65.916351,15.636374,
2015-07-31,39.275002,176.490005,47.605000,20.379999,,,177.400635,95.345840,135.313980,3.803600,227.214996,25.559999,24.700001,23.930000,31.480000,,,3.007386,201.500000,103.283531,65.983635,15.622195,
2015-08-03,39.430000,177.139999,47.959999,20.190001,,,177.383072,95.845741,135.351578,3.814800,228.634995,25.750000,24.760000,24.010000,31.680000,,,3.044054,200.839996,103.332405,65.977524,15.707291,
2015-08-04,39.355000,176.389999,47.884998,20.320000,,,177.391861,95.603371,135.342209,3.805600,226.994995,25.660000,24.750000,23.910000,31.820000,,,3.049805,200.660004,103.356880,65.873512,15.820749,
2015-08-05,39.915001,179.104996,48.570000,20.510000,,,175.859818,94.967117,135.332809,3.857200,232.354996,25.990000,25.110001,24.320000,32.169998,,,3.030394,199.500000,103.071724,65.897987,15.813657,
2015-08-06,39.345001,176.076996,48.180000,20.150000,,,176.617020,96.001007,135.323380,3.797600,225.945007,25.670000,24.719999,24.080000,31.870001,,,3.055557,199.580002,103.161331,65.812355,15.593832,
2015-08-07,39.014999,174.511993,47.709999,20.090000,,,177.110123,96.595589,135.370407,3.769600,223.684998,25.299999,24.469999,23.940001,31.610001,,,3.075688,199.929993,103.316116,65.738953,15.629286,
2015-08-10,39.395000,176.455002,48.044998,20.270000,,,176.916412,95.830589,135.370407,3.812000,226.589996,25.650000,24.780001,24.129999,31.860001,,,3.041178,199.679993,103.267250,65.738953,15.657647,
2015-08-11,38.709999,173.701996,47.259998,19.620001,,,177.708817,96.186584,135.398651,3.740800,223.139999,25.150000,24.350000,23.650000,31.510000,,,3.062747,199.839996,103.430183,65.775627,15.508737,
2015-08-12,37.785000,169.820007,46.000000,19.120001,,,177.656021,96.160080,135.332809,3.649200,217.350006,24.400000,23.760000,23.040001,30.879999,,,3.037583,199.250000,103.397583,65.475899,15.225081,
2015-08-13,38.345001,172.675003,46.465000,19.299999,,,177.479950,95.993431,135.342209,3.704400,222.214996,24.870001,24.129999,23.379999,31.290001,,,3.023923,198.759995,103.324265,65.757286,15.409455,
2015-08-14,38.419998,173.011993,46.465000,19.400000,,,177.118896,95.512474,135.332809,3.704400,221.235001,24.920000,24.170000,23.379999,31.400000,,,3.024642,198.679993,103.185776,65.806244,15.494547,
2015-08-17,38.669998,174.725006,46.514999,19.230000,,,177.611984,96.110832,135.342209,3.728000,223.789993,25.090000,24.299999,23.490000,31.670000,,,3.056994,199.419998,103.242805,65.849060,15.629286,
2015-08-18,38.814999,175.682007,46.625000,19.100000,,,177.189331,95.444305,135.257568,3.741600,224.850006,25.230000,24.440001,23.549999,31.830000,,,3.057714,198.660004,103.193916,65.781754,15.714383,
2015-08-19,38.174999,173.029007,45.750000,18.700001,,,177.233368,95.580643,135.285782,3.678000,221.645004,24.799999,24.030001,23.120001,31.440001,,,3.051962,198.570007,103.169487,65.610481,15.544192,
2015-08-20,37.345001,169.472000,44.840000,18.240000,,,177.444717,95.868462,135.229355,3.598000,215.660004,24.139999,23.540001,22.590000,30.980000,,,3.046211,198.210007,103.202080,65.494240,15.310173,
2015-08-21,35.875000,162.567001,43.384998,17.670000,,,177.356644,96.216888,135.210526,3.454000,205.720001,23.129999,22.610001,21.730000,30.170000,,,3.022485,197.419998,103.153198,65.249535,14.927241,
2015-08-24,33.639999,152.315002,40.974998,16.219999,,,177.013229,96.095703,135.154099,3.248000,191.000000,21.860001,21.240000,20.280001,28.020000,,,2.962812,196.389999,102.802872,64.662247,14.055009,
2015-08-25,34.939999,157.020004,42.794998,17.440001,,,175.252258,95.823006,135.135284,3.380000,200.414993,22.760000,22.059999,21.150000,28.889999,,,2.955622,195.410004,102.330368,64.998726,14.260663,
2015-08-26,34.209999,153.539993,41.930000,17.129999,,,175.683701,96.898567,135.107056,3.304800,198.000000,22.370001,21.490000,20.719999,28.309999,,,2.922551,195.250000,102.460724,64.974258,13.991186,
2015-08-27,36.000000,162.339996,43.485001,18.209999,,,175.930267,96.974319,135.125702,3.475200,210.059998,23.559999,22.610001,21.750000,29.670000,,,2.949871,195.869995,102.460724,65.485489,14.558490,
2015-08-28,36.389999,164.531998,43.674999,18.320000,,,175.956680,97.565125,135.116287,3.508000,211.649994,23.719999,22.850000,22.040001,29.879999,,,2.969283,197.210007,102.534058,65.479240,14.650681,
2015-08-31,36.099998,163.087006,43.485001,18.150000,,,175.454773,97.565125,135.125702,3.483200,209.604996,23.559999,22.650000,21.820000,29.629999,,,2.971439,196.929993,102.354813,65.479240,14.515946,
2015-09-01,35.080002,158.921997,42.330002,17.639999,,,175.076187,97.572685,135.144531,3.389200,204.324997,22.840000,22.080000,21.180000,28.950001,,,2.936929,196.619995,102.248917,65.272728,14.083375,
2015-09-02,35.044998,158.505005,42.410000,17.629999,,,175.173004,97.860497,135.125702,3.388800,203.570007,22.870001,22.040001,21.150000,28.980000,,,2.941962,196.580002,102.191879,65.304031,14.125926,
2015-09-03,36.099998,163.880005,43.424999,18.170000,,,176.071136,98.368004,135.219864,3.486800,210.369995,23.600000,22.700001,21.830000,29.730000,,,2.977190,197.529999,102.574768,65.310280,14.416672,
2015-09-04,35.235001,159.850006,42.334999,17.549999,,,176.678680,98.928490,135.314011,3.398800,205.500000,23.020000,22.170000,21.200001,29.120001,,,3.005230,197.850006,102.648087,65.122543,14.147199,
2015-09-07,35.310001,160.292007,42.544998,17.430000,,,176.520203,98.398308,135.276367,3.406000,206.139999,23.080000,22.280001,21.280001,29.139999,,,2.984381,197.059998,102.631813,65.141312,14.090468,
2015-09-08,35.605000,161.235001,43.040001,17.830000,,,176.863571,97.534805,135.332840,3.444000,207.990005,23.240000,22.450001,21.590000,29.280001,,,2.949152,196.970001,102.623672,65.360352,14.225203,
2015-09-09,36.119999,163.460007,43.634998,18.150000,,,176.705093,97.171257,135.285751,3.489200,211.169998,23.590000,22.790001,21.870001,29.620001,,,2.939086,197.059998,102.582916,65.391624,14.281933,
2015-09-10,35.410000,159.772003,43.060001,17.860001,,,176.731537,96.663750,135.304581,3.422800,207.335007,23.209999,22.340000,21.450001,29.020000,,,2.921113,196.649994,102.591064,65.247711,14.118831,
2015-09-11,35.084999,158.669998,42.580002,17.790001,,,177.066101,97.288658,135.238693,3.394400,204.449997,23.059999,22.180000,21.209999,28.920000,,,2.929740,196.990005,102.582916,65.297760,14.055009,
2015-09-14,35.185001,159.427002,42.310001,17.809999,,,176.986816,97.337875,135.229263,3.396000,207.425003,23.100000,22.190001,21.240000,28.959999,,,2.931897,196.940002,102.485168,65.235191,14.175562,
2015-09-15,35.509998,161.434998,42.730000,18.030001,,,176.282486,97.436340,135.210449,3.433200,210.384995,23.309999,22.400000,21.459999,29.129999,,,2.912485,196.199997,102.118561,65.160088,14.196833,
2015-09-16,35.915001,162.714996,43.384998,18.459999,,,175.886215,96.065399,135.201019,3.472800,211.050003,23.540001,22.639999,21.719999,29.299999,,,2.912485,196.369995,101.996353,65.131935,14.388309,
2015-09-17,35.939999,163.317001,43.299999,18.370001,,,175.983063,96.076759,135.153931,3.475600,211.639999,23.549999,22.650000,21.680000,29.379999,,,2.861439,196.339996,101.955635,65.160088,14.374118,
2015-09-18,35.285000,160.354996,42.505001,18.230000,,,177.691254,96.584221,135.266953,3.416000,209.139999,23.180000,22.299999,21.150000,29.180000,,,2.910328,197.750000,102.428139,65.228935,14.523035,
2015-09-21,35.790001,162.949997,42.895000,18.340000,,,177.330215,96.777390,135.201019,3.464800,212.210007,23.530001,22.629999,21.389999,29.629999,,,2.934054,197.550003,102.371109,64.956734,14.721590,
2015-09-22,35.070000,160.505005,41.570000,17.940001,,,178.219543,98.102898,135.219864,3.398800,208.244995,23.070000,22.190001,20.910000,29.330000,,,2.934054,198.470001,102.387383,64.621948,14.586856,
2015-09-23,35.075001,160.615005,41.529999,17.840000,,,178.175491,98.830017,135.229263,3.398400,209.240005,23.120001,22.219999,20.930000,29.309999,,,2.970002,198.899994,102.273361,64.568771,14.565585,
2015-09-24,34.314999,157.110001,40.669998,17.340000,,,178.149094,99.053474,135.219864,3.318800,203.720001,22.570000,21.760000,20.410000,28.930000,,,2.977910,198.649994,102.110413,64.327835,14.395395,
2015-09-25,35.220001,160.839005,41.764999,17.750000,,,177.427078,99.034531,135.191620,3.405600,209.184998,23.230000,22.340000,21.000000,29.600000,,,2.951308,197.919998,101.890457,64.440475,14.693232,
2015-09-28,34.305000,156.272003,40.855000,17.290001,,,178.166672,99.390549,135.219864,3.315200,201.294998,22.559999,21.809999,20.430000,28.980000,,,2.985817,198.070007,101.670471,63.639503,14.359935,
2015-09-29,33.965000,155.130005,40.610001,17.290001,,,178.378006,100.011627,135.248108,3.281600,199.854996,22.219999,21.629999,20.209999,28.750000,,,2.998041,197.839996,101.083939,63.063812,14.374118,
2015-09-30,34.840000,158.610001,41.645000,17.879999,,,178.483643,100.197212,135.248108,3.361200,203.619995,22.700001,22.150000,20.780001,29.290001,,,3.010982,198.089996,101.409828,63.758400,14.671954,
2015-10-01,34.709999,158.005005,41.509998,17.889999,,,179.196884,100.307014,135.304581,3.355600,202.470001,22.670000,22.080000,20.730000,29.209999,,,3.021766,199.059998,101.719376,63.827229,14.629410,
2015-10-02,34.654999,157.365005,41.730000,17.969999,,,179.654678,100.534256,135.351685,3.355600,202.774994,22.670000,22.030001,20.770000,29.100000,,,3.033988,199.559998,101.857857,63.814735,14.565585,
2015-10-05,35.884998,163.050003,42.990002,18.660000,,,179.249710,100.163124,135.379929,3.467600,209.585007,23.350000,22.730000,21.530001,29.889999,,,3.007386,199.360001,101.760124,64.143234,14.976882,
2015-10-06,35.889999,162.815002,43.244999,18.580000,,,178.721420,99.754089,135.370529,3.463600,207.990005,23.150000,22.740000,21.549999,29.799999,,,2.979348,198.940002,101.784554,64.509308,14.983974,
2015-10-07,35.985001,162.904999,43.330002,18.950001,,,178.835861,99.193604,135.351685,3.482000,208.070007,23.049999,22.780001,21.799999,29.799999,,,2.980785,199.770004,102.216316,64.772133,15.019425,
2015-10-08,36.130001,163.746994,43.450001,18.980000,,,178.932724,99.064819,135.370529,3.497200,208.100006,23.010000,22.900000,21.900000,29.870001,,,2.985817,199.669998,102.183731,64.815933,15.083251,
2015-10-09,36.255001,164.195007,43.595001,19.190001,,,178.650986,98.814880,135.342255,3.508800,209.710007,23.100000,22.900000,21.980000,29.879999,,,2.927584,199.559998,102.208168,65.041206,15.012335,
2015-10-12,36.185001,164.264999,43.505001,19.049999,,,179.091171,98.917137,135.332840,3.508000,210.434998,23.180000,22.950001,21.959999,29.900000,,,2.950590,199.830002,102.509575,65.247711,15.097438,
2015-10-13,36.064999,164.259995,43.209999,18.840000,,,179.135223,99.606384,135.389328,3.492400,210.554993,23.240000,22.809999,21.870001,29.879999,,,2.945557,199.860001,102.387383,64.891022,15.033611,
2015-10-14,35.514999,161.414993,42.750000,18.690001,,,179.557846,98.852753,135.332840,3.438000,206.264999,22.790001,22.500000,21.540001,29.530001,,,2.952746,200.229996,102.558472,64.991135,14.863421,
2015-10-15,35.930000,162.770004,43.365002,19.049999,,,179.408188,98.572502,135.379929,3.480800,209.585007,23.059999,22.750000,21.820000,29.850000,,,2.967126,199.809998,102.550323,64.916046,14.976882,
2015-10-16,36.400002,165.464996,43.709999,19.240000,,,179.619507,98.614159,135.361084,3.528400,212.914993,23.410000,23.080000,22.059999,30.280001,,,2.977910,200.460007,102.517746,65.113159,15.253445,
2015-10-19,36.485001,166.134995,43.794998,19.190001,,,179.584274,98.136978,135.361084,3.536800,215.000000,23.620001,23.139999,22.080000,30.360001,,,2.961374,200.309998,102.509575,65.197632,15.359815,
2015-10-20,36.384998,165.876999,43.590000,19.150000,,,178.765396,98.186195,135.342255,3.523200,214.160004,23.400000,23.110001,22.000000,30.340000,,,2.947714,199.649994,102.265205,65.166336,15.373996,
2015-10-21,36.430000,165.994995,43.619999,19.000000,,,179.566696,98.356628,135.351685,3.524800,214.380005,23.350000,23.170000,22.070000,30.360001,,,2.973596,200.410004,102.517746,65.263336,15.373996,
2015-10-22,37.264999,169.684998,44.555000,19.520000,,,180.975464,98.701256,135.530594,3.606400,219.274994,23.700001,23.790001,22.530001,31.059999,,,3.021048,202.229996,102.925087,65.410385,15.693109,
2015-10-23,38.084999,173.772003,45.410000,19.930000,,,180.896210,98.890617,135.511734,3.684800,228.509995,24.379999,24.330000,22.959999,31.559999,,,3.048367,202.699997,103.039139,65.598129,15.877482,
2015-10-26,38.009998,173.559998,45.250000,19.760000,,,180.922592,98.799721,135.492889,3.677200,228.925003,24.440001,24.309999,22.879999,31.500000,,,3.059871,202.770004,103.161331,65.754562,15.785293,
2015-10-27,37.730000,172.856995,44.744999,19.540001,,,181.618225,99.515503,135.530594,3.647600,228.695007,24.360001,24.170000,22.680000,31.389999,,,3.072812,203.070007,103.405731,65.854691,15.771119,
2015-10-28,38.049999,174.014999,45.205002,19.600000,,,181.794281,99.223892,135.549423,3.673600,229.570007,24.540001,24.330000,22.889999,31.500000,,,3.043334,203.649994,103.462769,65.810875,15.834931,
2015-10-29,38.320000,176.382004,45.195000,19.389999,,,180.605621,98.496750,135.549423,3.696800,232.455002,24.719999,24.540001,22.900000,31.700001,,,3.033270,203.190002,103.169487,65.879723,15.834931,
2015-10-30,38.150002,175.470001,45.220001,19.320000,,,180.737747,97.496941,135.502350,3.679600,231.270004,24.600000,24.450001,22.750000,31.600000,,,3.020329,202.600006,103.193916,65.948555,15.721475,
2015-11-02,38.209999,175.766998,45.400002,19.500000,,,180.024506,97.496941,135.445862,3.687600,231.740005,24.580000,24.440001,22.830000,31.430000,,,3.021766,201.500000,103.128746,65.854691,15.764027,
2015-11-03,38.630001,178.061996,45.549999,19.840000,,,179.962906,97.504509,135.464661,3.731600,234.699997,24.719999,24.780001,23.010000,31.700001,,,3.028236,201.610001,103.169487,66.173820,15.849115,
2015-11-04,38.875000,179.179993,45.770000,20.020000,,,179.672318,97.383331,135.474091,3.754800,236.714996,24.830000,24.930000,23.049999,31.879999,,,3.041897,201.750000,103.169487,66.211349,15.898754,
2015-11-05,38.744999,178.675003,45.570000,19.950001,,,179.434586,98.144547,135.483505,3.750800,236.360001,25.010000,24.820000,23.049999,32.020000,,,3.023923,200.949997,103.128746,66.192581,15.877482,
2015-11-06,38.994999,180.250000,45.700001,19.799999,,,178.360413,98.655815,135.408188,3.767600,238.835007,25.230000,24.980000,23.230000,31.840000,,,3.023923,200.330002,102.843613,66.161301,15.742754,
2015-11-09,38.605000,178.380005,45.205002,19.500000,,,178.457214,98.189980,135.417587,3.719200,235.255005,24.940001,24.670000,23.000000,31.590000,,,2.999479,200.789993,103.071724,66.155045,15.352725,
2015-11-10,38.865002,179.796997,45.139999,19.469999,,,179.372971,98.511894,135.483505,3.746800,236.964996,25.230000,24.799999,23.190001,31.930000,,,3.036145,201.750000,103.169487,66.023643,15.558374,
2015-11-11,38.895000,179.449997,45.445000,19.450001,,,179.707581,97.750687,135.502350,3.749200,236.475006,25.360001,24.850000,23.180000,32.000000,,,3.015296,201.639999,103.128746,66.164444,15.530010,
2015-11-12,38.410000,177.380005,44.715000,19.350000,,,179.850815,97.935699,135.530594,3.707200,234.529999,25.070000,24.510000,22.820000,31.620001,,,3.019609,201.699997,103.145058,66.123756,15.454753,
2015-11-13,38.070000,175.697998,44.395000,18.980000,,,180.408279,98.234016,135.549423,3.673600,231.130005,24.850000,24.309999,22.620001,31.480000,,,3.046211,202.130005,103.234680,66.123756,15.419044,
2015-11-16,38.110001,175.470001,44.520000,19.070000,,,180.461365,98.455864,135.540009,3.675600,229.380005,24.730000,24.350000,22.660000,31.580000,,,3.056994,202.029999,103.275398,65.892250,15.426188,
2015-11-17,39.064999,179.975006,45.650002,19.510000,,,180.656082,97.897461,135.568253,3.765600,236.210007,25.350000,24.969999,23.170000,32.150002,,,3.052681,201.929993,103.373154,66.186340,15.754700,
2015-11-18,39.060001,180.197998,45.570000,19.490000,,,181.054337,98.234016,135.568253,3.764000,237.164993,25.379999,24.980000,23.170000,32.099998,,,3.077844,202.470001,103.479050,66.186340,15.690431,
2015-11-19,39.064999,179.785004,45.785000,19.600000,,,181.496750,97.717697,135.568253,3.760400,237.320007,25.309999,24.969999,23.100000,32.099998,,,3.077126,202.690002,103.658279,66.198853,15.776135,
2015-11-20,39.459999,182.324997,45.895000,20.040001,,,181.611786,98.746536,135.596466,3.810400,240.539993,25.690001,25.299999,23.290001,32.529999,,,3.100133,203.020004,103.674576,66.261429,16.026091,
2015-11-23,39.575001,183.070007,45.865002,19.959999,,,181.071976,98.807716,135.587082,3.817200,242.404999,25.850000,25.360001,23.330000,32.599998,,,3.107322,202.500000,103.584976,66.248917,16.083233,
2015-11-24,39.189999,181.494995,45.169998,19.799999,,,181.363998,99.603287,135.605911,3.781600,239.235001,25.590000,25.129999,23.139999,32.330002,,,3.103008,203.240005,103.576805,66.230133,15.868978,
2015-11-25,39.525002,182.744995,45.814999,19.799999,,,182.151596,99.167252,135.690643,3.810000,241.000000,25.809999,25.340000,23.320000,32.500000,,,3.118825,203.679993,103.813072,66.020515,16.004675,
2015-11-26,39.735001,183.639999,46.255001,19.879999,,,182.195831,99.304955,135.718903,3.831200,242.419998,25.940001,25.469999,23.500000,32.619999,,,3.124577,204.160004,103.821228,65.961067,16.083233,
2015-11-27,39.615002,183.255005,46.139999,19.570000,,,182.576355,99.878670,135.671814,3.816800,242.210007,25.870001,25.410000,23.360001,32.570000,,,3.126733,204.320007,103.853821,66.048668,16.111801,
2015-11-30,39.650002,183.283005,46.340000,19.490000,,,182.355118,99.893951,135.652985,3.816000,241.550003,25.799999,25.450001,23.379999,32.630001,,,3.141831,204.899994,103.813072,66.067436,16.147501,
2015-12-01,39.630001,182.871002,46.169998,19.510000,,,182.505569,100.276428,135.681229,3.811600,241.815002,25.799999,25.379999,23.420000,32.570000,,,3.155491,205.279999,103.845650,65.954811,16.161795,
2015-12-02,39.794998,184.020004,46.150002,19.469999,,,182.717957,100.781311,135.747131,3.827600,244.195007,25.980000,25.530001,23.440001,32.730000,,,3.172747,205.059998,103.927101,65.898483,16.183216,
2015-12-03,38.244999,177.080002,44.615002,18.840000,,,179.594193,98.933937,135.455246,3.681200,234.255005,25.020000,24.510000,22.559999,31.480000,,,3.010982,201.809998,103.177635,65.560570,15.433331,
2015-12-04,38.270000,176.940002,44.615002,18.830000,,,179.417191,98.784790,135.445862,3.684400,234.895004,25.049999,24.600000,22.559999,31.639999,,,3.027518,200.410004,103.071724,65.554337,15.561882,
2015-12-07,38.305000,177.250000,44.705002,18.660000,,,180.815384,99.572662,135.521164,3.684000,236.005005,25.160000,24.660000,22.580000,31.790001,,,3.083596,201.240005,103.430183,65.548065,15.611878,
2015-12-08,37.889999,176.184998,43.924999,18.350000,,,181.027771,100.096672,135.530594,3.638800,235.524994,24.990000,24.389999,22.230000,31.600000,,,3.074969,201.690002,103.373154,65.329048,15.497604,
2015-12-09,37.610001,174.630005,43.709999,18.200001,,,180.611862,98.650909,135.474091,3.606000,232.274994,24.750000,24.200001,22.100000,31.330000,,,3.015296,201.910004,103.193916,65.172607,15.376199,
2015-12-10,37.564999,174.449997,43.575001,18.090000,,,180.974625,98.903351,135.436417,3.605200,231.940002,24.709999,24.180000,22.139999,31.320000,,,3.046410,202.270004,103.299835,65.110046,15.297636,
2015-12-11,36.779999,171.095001,42.654999,17.520000,,,181.213562,99.132835,135.427017,3.530800,227.020004,24.230000,23.650000,21.650000,30.790001,,,3.072685,201.490005,103.267250,64.578148,15.104808,
2015-12-14,36.174999,167.990005,41.875000,17.420000,,,180.859604,99.519142,135.379929,3.476000,222.199997,23.959999,23.299999,21.290001,30.559999,,,3.052979,200.639999,102.908798,63.827229,14.947688,
2015-12-15,37.285000,173.895004,43.110001,18.110001,,,179.523376,99.473228,135.332840,3.587200,230.960007,24.660000,24.000000,21.930000,31.299999,,,3.040571,200.399994,102.884361,64.452972,15.354767,
2015-12-16,37.384998,173.940002,43.264999,18.139999,,,179.204819,99.446465,135.295197,3.601200,230.080002,24.670000,24.040001,22.049999,31.440001,,,3.026705,200.039993,102.778458,64.515579,15.476181,
2015-12-17,37.840000,176.139999,43.799999,18.469999,,,180.116257,100.628296,135.370529,3.650000,233.654999,25.100000,24.320000,22.320000,31.780001,,,3.098230,200.360001,103.120605,64.690781,15.676154,
2015-12-18,37.345001,173.270004,43.349998,18.400000,,,180.859604,100.838646,135.389328,3.596000,229.964996,24.750000,23.980000,22.020000,31.440001,,,3.112097,200.740005,103.202080,64.640717,15.619020,
2015-12-21,36.845001,170.649994,42.830002,18.200001,,,180.602982,101.152290,135.389328,3.549600,226.149994,24.520000,23.650000,21.799999,31.090000,,,3.093851,200.559998,103.250954,64.565620,15.419044,
2015-12-22,36.950001,171.500000,42.840000,18.260000,,,179.948166,101.370293,135.370529,3.565200,227.395004,24.490000,23.750000,21.910000,31.160000,,,3.056629,199.649994,103.030998,64.540588,15.483320,
2015-12-23,37.924999,175.750000,44.014999,18.719999,,,179.541092,100.567108,135.445862,3.651200,231.604996,24.910000,24.330000,22.480000,31.860001,,,3.052979,199.500000,102.965813,64.697044,15.733285,
2015-12-24,37.810001,174.970001,43.994999,18.620001,,,179.549957,100.238167,135.483505,3.651200,230.554993,24.910000,24.330000,22.480000,31.860001,,,3.052979,199.369995,102.835472,64.565620,15.661868,
2015-12-28,37.415001,173.085007,43.680000,18.379999,,,180.434830,100.238167,135.530594,3.596000,228.199997,24.639999,24.030001,22.160000,31.500000,,,3.063927,200.070007,103.120605,64.565620,15.576171,
2015-12-29,38.185001,177.039993,44.505001,18.600000,,,179.682663,101.148445,135.615311,3.668800,234.845001,25.260000,24.510000,22.500000,32.099998,,,3.043492,199.789993,102.982132,64.728333,15.904689,
2015-12-30,38.055000,176.539993,44.160000,18.360001,,,179.983536,100.471481,135.587082,3.653200,234.039993,25.180000,24.450001,22.420000,31.959999,,,3.020136,199.990005,102.973953,64.321587,15.876124,
2015-12-31,38.055000,176.539993,44.160000,18.360001,,,179.983536,100.811890,135.587082,3.653200,234.039993,25.180000,24.450001,22.420000,31.959999,,,3.020136,199.990005,102.973953,64.268410,15.876124,
2016-01-04,37.060001,171.949997,42.834999,17.910000,,,180.682678,102.418274,135.662399,3.555200,225.714996,24.450001,23.780001,21.879999,31.430000,,,3.109908,199.929993,103.169487,64.215210,15.597586,
2016-01-05,37.544998,174.580002,43.020000,18.209999,,,181.063156,102.460342,135.652985,3.607200,229.324997,24.850000,24.120001,22.190001,31.959999,,,3.097500,199.770004,103.283531,64.215210,15.890406,
2016-01-06,37.070000,172.830002,42.564999,17.889999,,,181.408279,103.083755,135.652985,3.562000,226.755005,24.660000,23.830000,21.830000,31.750000,,,3.120126,199.740005,103.332405,64.027473,15.783274,
2016-01-07,36.150002,168.654999,41.560001,17.430000,,,180.753418,103.519783,135.615311,3.472000,220.744995,24.129999,23.240000,21.280001,31.330000,,,3.083633,199.250000,103.022858,63.858521,15.519032,
2016-01-08,35.369999,164.940002,40.915001,16.910000,,,181.302078,104.269440,135.643555,3.400800,215.205002,23.610001,22.690001,20.770000,30.760000,,,3.097500,200.059998,103.120605,63.952385,15.176226,
2016-01-11,35.180000,163.559006,40.660000,16.820000,,,180.532166,104.124084,135.587082,3.386800,213.470001,23.680000,22.660000,20.719999,30.719999,,,3.085823,199.399994,102.965813,63.889805,15.183366,
2016-01-12,35.509998,165.264999,41.099998,16.959999,,,180.390594,105.367104,135.577667,3.403200,217.524994,23.840000,22.980000,20.790001,30.620001,,,3.125235,199.080002,102.843613,63.827229,15.169086,
2016-01-13,35.674999,166.059998,41.345001,17.070000,,,180.868484,105.038193,135.587082,3.427200,217.755005,23.930000,23.070000,20.940001,30.860001,,,3.130344,199.369995,102.851761,63.702076,15.261929,
2016-01-14,35.064999,162.945007,40.750000,16.820000,,,180.718033,105.787827,135.558838,3.366400,211.975006,23.330000,22.660000,20.559999,30.490000,,,3.140562,199.070007,102.622429,63.295334,14.961975,
2016-01-15,34.205002,159.699997,39.575001,16.190001,,,181.186996,106.916138,135.577667,3.280000,206.919998,22.860001,22.139999,19.950001,29.770000,,,3.140562,198.949997,102.482712,62.782215,14.662016,
2016-01-18,34.325001,160.589996,39.435001,16.379999,,,181.169312,107.080597,135.558838,3.297600,208.100006,22.950001,22.209999,20.000000,30.120001,,,3.155889,198.910004,102.236107,62.713371,14.712017,
2016-01-19,34.630001,161.490005,40.000000,16.590000,,,181.310928,107.807289,135.568253,3.328400,208.824997,23.180000,22.370001,20.150000,30.240000,,,3.163187,198.979996,102.227898,62.794739,14.804855,
2016-01-20,33.465000,156.750000,38.740002,16.020000,,,181.195877,108.499573,135.521164,3.217200,203.199997,22.490000,21.740000,19.350000,29.440001,,,3.207708,197.710007,102.079941,62.450558,14.362072,
2016-01-21,34.345001,161.009995,39.330002,16.400000,,,182.151596,107.979393,135.596466,3.300000,209.949997,23.120001,22.180000,19.850000,30.030001,,,3.199680,198.899994,102.277214,62.744667,14.676298,
2016-01-22,35.020000,163.210007,40.695000,16.799999,,,181.788773,106.568077,135.615311,3.364800,214.000000,23.490000,22.610001,20.250000,30.600000,,,3.176325,199.029999,102.721077,63.282841,14.933404,
2016-01-25,34.860001,162.703003,40.419998,16.740000,,,181.974625,107.413353,135.634155,3.353200,214.199997,23.500000,22.570000,20.100000,30.559999,,,3.196761,199.220001,102.819702,63.207756,14.947688,
2016-01-26,34.919998,162.509995,40.570000,16.750000,,,182.629456,106.820503,135.662399,3.356400,212.600006,23.450001,22.580000,20.170000,30.670000,,,3.190192,199.880005,102.811485,63.289089,15.061965,
2016-01-27,35.084999,162.906006,40.889999,16.809999,,,182.700211,107.283302,135.624725,3.372400,210.975006,23.530001,22.629999,20.330000,30.830000,,,3.166836,199.600006,102.984108,63.470554,14.997680,
2016-01-28,34.490002,160.190002,40.240002,16.719999,,,182.992249,106.724892,135.605911,3.312000,207.425003,23.219999,22.270000,19.940001,30.440001,,,3.167566,200.429993,103.238884,63.633247,14.833419,
2016-01-29,35.470001,164.880005,40.965000,17.290001,,,184.089584,109.019730,135.671814,3.410800,213.794998,23.900000,22.950001,20.469999,31.219999,,,3.245661,201.080002,103.501930,63.764648,15.140515,
2016-02-01,35.459999,165.214005,40.924999,17.200001,,,183.514359,107.302406,135.652985,3.412000,214.600006,24.010000,23.020000,20.450001,31.389999,,,3.194571,200.380005,103.296448,63.802197,15.204796,
2016-02-02,35.025002,163.710007,40.240002,16.889999,,,183.620575,107.566322,135.615311,3.364400,213.399994,23.820000,22.740000,20.030001,31.219999,,,3.236173,199.899994,103.419739,63.783428,14.997680,
2016-02-03,34.139999,158.895004,39.549999,16.559999,,,184.222321,106.587204,135.681229,3.274800,204.425003,23.059999,22.200001,19.379999,30.799999,,,3.210628,200.539993,103.362198,63.332874,14.854850,
2016-02-04,34.130001,158.839996,39.490002,16.809999,,,183.611725,106.503052,135.652985,3.284000,202.975006,22.709999,22.139999,19.549999,30.500000,,,3.151510,200.490005,103.329308,63.514355,14.819139,
2016-02-05,33.845001,157.740005,39.209999,16.750000,,,183.478989,107.164734,135.624725,3.257200,199.125000,22.290001,21.940001,19.530001,30.360001,,,3.163187,200.580002,103.304649,63.464291,14.719155,
2016-02-08,32.889999,153.240005,37.794998,16.340000,,,183.089630,108.648743,135.502350,3.163600,191.824997,21.510000,21.400000,18.980000,29.860001,,,3.221575,199.809998,103.181366,62.876091,14.183522,
2016-02-09,32.509998,152.384995,37.279999,16.000000,,,183.178116,108.136200,135.511734,3.120800,191.725006,21.450001,21.270000,18.549999,29.629999,,,3.194571,199.429993,102.901901,62.669575,13.912136,
2016-02-10,32.965000,154.669998,37.820000,16.350000,,,183.319687,108.239471,135.540009,3.168400,195.225006,21.870001,21.570000,18.760000,29.990000,,,3.235443,199.289993,103.082741,63.035633,14.169240,
2016-02-11,31.715000,148.604996,36.470001,15.680000,,,183.399323,109.849670,135.398773,3.050000,187.949997,21.150000,20.799999,18.070000,29.340000,,,3.272665,198.669998,103.000534,62.387989,13.708840,
2016-02-12,32.794998,154.384995,37.430000,16.129999,,,183.107300,108.300667,135.464661,3.148000,196.000000,21.770000,21.530001,18.600000,29.910000,,,3.217926,197.970001,102.942993,62.531910,14.018276,
2016-02-15,33.645000,157.774994,38.625000,16.530001,,,183.549789,108.373367,135.492889,3.235200,200.274994,22.290001,22.059999,19.230000,30.559999,,,3.225955,199.729996,103.156708,62.926132,14.313321,
2016-02-16,33.584999,157.445007,38.500000,16.590000,,,183.080780,109.363945,135.464661,3.232400,200.074997,22.219999,21.980000,19.260000,30.490000,,,3.212816,198.800003,103.049843,62.819767,14.349305,
2016-02-17,34.395000,161.100006,39.500000,16.940001,,,183.178116,108.572243,135.483505,3.307200,205.425003,22.670000,22.480000,19.719999,30.830000,,,3.178514,198.990005,103.140266,63.251534,14.644347,
2016-02-18,34.474998,161.410004,39.529999,16.920000,,,183.965683,108.912643,135.521164,3.317200,206.074997,22.780001,22.570000,19.799999,31.100000,,,3.228144,199.479996,103.460854,63.370419,14.701921,
2016-02-19,34.279999,160.695007,39.494999,16.879999,,,183.797531,109.279800,135.502350,3.297200,205.324997,22.700001,22.469999,19.580000,31.040001,,,3.247850,199.399994,103.460854,63.160809,14.795472,
2016-02-22,35.020000,164.229996,39.939999,17.340000,,,184.434677,110.729370,135.502350,3.369600,209.774994,23.250000,22.910000,20.040001,31.650000,,,3.261718,200.279999,103.633469,63.570667,15.054528,
2016-02-23,34.619999,162.699997,39.400002,17.100000,,,184.399307,111.257195,135.521164,3.334400,207.350006,23.070000,22.680000,19.770000,31.450001,,,3.274125,200.149994,103.551262,63.576927,14.975380,
2016-02-24,33.994999,160.199997,38.389999,16.750000,,,184.682465,112.982132,135.530594,3.276400,203.625000,22.750000,22.299999,19.410000,31.320000,,,3.309158,199.889999,103.625252,63.332874,14.788271,
2016-02-25,34.669998,163.350006,39.294998,16.930000,,,184.894836,112.767944,135.540009,3.335600,208.524994,23.299999,22.670000,19.799999,31.670000,,,3.293101,199.580002,103.773186,63.426739,15.061730,
2016-02-26,35.345001,166.699997,39.889999,17.129999,,,185.018707,112.840630,135.568253,3.398000,212.580002,23.680000,23.080000,20.270000,31.969999,,,3.279964,199.559998,103.855370,63.586300,15.256025,
2016-02-29,35.555000,167.934998,40.215000,17.420000,,,185.806305,112.194244,135.690643,3.424800,214.725006,23.820000,23.280001,20.350000,32.220001,,,3.306239,199.190002,104.036224,63.764648,15.399954,
2016-03-01,35.875000,168.554993,40.834999,17.809999,,,185.514297,111.792656,135.728317,3.455600,216.500000,24.020000,23.459999,20.490000,32.330002,,,3.271206,199.139999,104.134857,64.083801,15.543880,
2016-03-02,36.250000,170.324997,41.110001,18.040001,,,184.708984,110.239807,135.700073,3.489200,218.169998,24.070000,23.650000,20.830000,32.470001,,,3.266826,199.009995,104.052650,64.049362,15.738175,
2016-03-03,36.020000,168.619995,40.970001,18.040001,,,185.089554,109.654633,135.737747,3.468000,215.119995,23.740000,23.389999,20.840000,32.130001,,,3.257339,200.460007,104.208817,64.039986,15.623041,
2016-03-04,36.264999,169.570007,41.279999,18.370001,,,184.487762,108.751976,135.700073,3.500800,215.684998,23.790001,23.500000,21.090000,32.220001,,,3.194571,200.080002,104.126640,64.484283,15.651819,
2016-03-07,36.240002,169.725006,41.150002,18.410000,,,184.903687,108.706131,135.765961,3.500400,214.990005,23.620001,23.510000,21.059999,32.189999,,,3.206249,200.820007,104.266357,64.540588,15.673414,
2016-03-08,35.814999,167.804993,40.779999,18.030001,,,185.257645,109.413673,135.737747,3.460800,212.570007,23.440001,23.280001,20.709999,32.000000,,,3.258068,201.119995,104.406097,64.490532,15.558268,
2016-03-09,35.985001,168.490005,40.945000,18.230000,,,184.815231,108.882034,135.709473,3.476800,213.039993,23.500000,23.430000,20.820000,32.160000,,,3.228144,200.919998,104.208817,64.546837,15.659017,
2016-03-10,35.230000,165.139999,40.189999,17.750000,,,184.266525,107.933510,135.674438,3.405200,208.669998,23.120001,22.900000,20.360001,31.570000,,,3.160997,200.470001,104.529388,65.076080,15.327991,
2016-03-11,36.095001,168.554993,41.320000,18.309999,,,185.124924,106.789909,135.693283,3.485200,212.945007,23.600000,23.440001,20.950001,32.090000,,,3.146401,201.350006,106.222656,66.374428,15.651819,
2016-03-14,36.310001,169.699997,41.595001,18.340000,,,185.231125,107.650482,135.730957,3.510400,215.610001,23.830000,23.600000,21.090000,32.380001,,,3.177055,201.199997,106.033592,66.438377,15.781353,
2016-03-15,36.025002,168.919998,41.130001,18.020000,,,184.549728,108.729019,135.627319,3.477600,215.095001,23.750000,23.480000,20.799999,32.230000,,,3.174135,199.899994,104.866394,65.466240,15.788548,
2016-03-16,36.180000,169.904999,41.099998,18.110001,,,184.788666,108.935600,135.608505,3.492400,216.649994,23.820000,23.559999,20.870001,32.259998,,,3.174135,200.220001,104.767776,65.357506,15.882095,
2016-03-17,35.985001,168.139999,41.020000,18.430000,,,185.762070,106.919968,135.627319,3.476000,213.199997,23.490000,23.440001,20.730000,32.130001,,,3.135453,201.479996,104.997917,65.453461,15.910891,
2016-03-18,36.195000,169.610001,41.264999,18.590000,,,185.868256,107.206818,135.627319,3.504400,214.304993,23.670000,23.530001,20.889999,32.290001,,,3.152970,201.990005,105.252724,65.562164,16.018827,
2016-03-21,36.230000,169.929993,41.160000,18.639999,,,185.806305,107.681061,135.655594,3.509200,214.975006,23.629999,23.600000,20.870001,32.259998,,,3.145670,201.669998,105.145859,65.568565,15.932476,
2016-03-22,36.404999,170.919998,40.860001,18.719999,,,185.965622,109.077110,135.599091,3.521600,216.815002,23.760000,23.670000,20.969999,32.270000,,,3.166836,201.789993,105.269165,65.626122,15.946871,
2016-03-23,36.330002,170.975006,41.110001,18.490000,,,185.894821,109.918556,135.627319,3.512800,216.759995,23.860001,23.680000,20.870001,32.450001,,,3.182893,201.529999,105.400658,65.613319,15.925278,
2016-03-24,35.880001,169.264999,40.480000,18.309999,,,186.018707,109.490166,135.599091,3.471200,215.139999,23.690001,23.440001,20.520000,32.240002,,,3.189462,201.270004,105.285591,65.427872,15.730982,
2016-03-29,36.035000,169.755005,40.685001,18.370001,,,186.717804,108.985313,135.636765,3.486000,216.199997,23.940001,23.540001,20.620001,32.419998,,,3.206249,201.649994,105.507538,65.555763,15.954065,
2016-03-30,36.235001,170.089996,41.169998,18.730000,,,186.753159,108.155350,135.683853,3.509600,216.895004,23.959999,23.660000,20.730000,32.459999,,,3.142751,202.089996,105.515747,65.645302,16.033226,
2016-03-31,35.985001,169.279999,40.764999,18.629999,,,186.762009,108.495750,135.655594,3.486800,216.169998,23.790001,23.520000,20.530001,32.389999,,,3.154429,202.160004,105.622612,65.658112,15.968451,
2016-04-01,35.755001,169.410004,40.189999,18.420000,,,186.850525,110.366035,135.674438,3.465600,217.274994,23.750000,23.490000,20.260000,32.099998,,,3.159538,202.100006,105.729462,65.664505,15.889297,
2016-04-04,35.845001,169.729996,40.384998,18.400000,,,186.823959,109.803795,135.665009,3.472000,217.350006,23.730000,23.610001,20.250000,32.250000,,,3.169026,202.610001,105.967827,65.869156,15.946871,
2016-04-05,35.314999,168.044998,39.610001,18.049999,,,186.832855,111.169205,135.627319,3.420400,215.595001,23.500000,23.250000,19.889999,31.950001,,,3.196031,202.949997,105.992493,65.558968,15.853319,
2016-04-06,35.520000,168.669998,39.924999,18.040001,,,186.717804,111.371948,135.617920,3.440800,216.955002,23.650000,23.370001,20.000000,32.009998,,,3.178514,202.949997,105.959618,65.658112,15.882095,
2016-04-07,35.380001,167.934998,39.599998,17.900000,,,186.310684,111.911209,135.523712,3.427600,216.125000,23.559999,23.290001,19.930000,32.080002,,,3.209168,202.660004,105.976051,65.677292,15.817338,
2016-04-08,35.610001,168.014999,40.154999,18.160000,,,186.726639,111.551682,135.589661,3.446400,215.460007,23.600000,23.370001,20.120001,32.180000,,,3.188732,203.050003,105.951385,65.670898,15.939671,
2016-04-11,35.605000,167.660004,40.305000,18.340000,,,186.505371,110.476959,135.608505,3.449200,215.044998,23.540001,23.370001,20.180000,32.180000,,,3.186543,202.770004,105.860977,65.786011,15.946871,
2016-04-12,35.884998,168.770004,40.549999,18.510000,,,185.992111,110.312477,135.617920,3.481200,215.574997,23.650000,23.510000,20.430000,32.330002,,,3.175595,201.860001,105.655495,65.901146,16.018827,
2016-04-13,36.730000,172.923004,41.610001,19.090000,,,186.646973,110.297195,135.665009,3.567600,221.149994,24.090000,24.010000,21.090000,32.770000,,,3.203329,202.369995,105.787018,66.259285,16.234716,
2016-04-14,36.965000,173.110001,41.700001,19.090000,,,186.213333,110.847946,135.636765,3.590000,221.835007,24.190001,24.129999,21.190001,32.849998,,,3.203329,201.970001,105.737679,66.304062,16.148355,
2016-04-15,36.794998,172.339996,41.595001,18.990000,,,186.531921,110.675812,135.655594,3.571600,221.100006,24.059999,24.030001,21.049999,32.740002,,,3.220846,202.259995,105.860977,66.240112,16.155556,
2016-04-18,36.830002,172.399994,41.820000,18.950001,,,186.239929,109.884109,135.683853,3.574800,220.250000,24.150000,24.059999,21.059999,32.820000,,23.240000,3.187272,201.970001,105.745903,66.355247,16.133970,
2016-04-19,37.084999,172.559998,42.380001,19.139999,,,185.868256,108.729019,135.665009,3.598400,218.880005,24.150000,24.200001,21.309999,32.939999,,23.330000,3.168296,202.009995,105.819885,66.572685,16.184340,
2016-04-20,37.325001,173.699997,42.625000,19.090000,,,186.169128,108.996758,135.683853,3.624000,220.464996,24.299999,24.309999,21.559999,33.080002,,23.480000,3.198220,202.169998,105.934975,66.476753,16.177141,
2016-04-21,37.285000,173.634995,42.474998,19.049999,,,185.239944,108.621948,135.693283,3.622400,220.615005,24.230000,24.250000,21.639999,32.830002,,23.639999,3.140562,201.539993,105.704811,66.732574,16.026026,
2016-04-22,37.275002,173.410004,42.320000,19.010000,,,185.204544,108.220367,135.674438,3.624800,216.975006,24.020000,24.160000,21.719999,32.759998,,23.750000,3.153700,201.330002,106.074699,66.783752,15.961266,
2016-04-25,37.064999,172.554993,42.060001,18.820000,,,184.673615,107.172394,135.655594,3.607200,216.815002,23.969999,24.080000,21.490000,32.680000,,23.559999,3.135453,200.770004,105.984283,66.611061,16.033226,
2016-04-26,37.084999,172.604996,42.230000,18.850000,,,184.434677,106.281212,135.655594,3.606800,215.809998,23.969999,24.040001,21.510000,32.669998,,23.389999,3.104800,200.779999,105.836334,66.604668,16.162756,
2016-04-27,37.099998,172.649994,42.330002,18.850000,,,184.531998,106.881714,135.712128,3.606800,213.380005,23.930000,23.980000,21.570000,32.650002,,23.389999,3.115017,200.770004,105.877411,66.745369,16.047615,
2016-04-28,37.125000,173.289993,42.419998,18.950001,,,185.054123,106.931404,135.712128,3.614000,215.195007,24.040001,24.049999,21.480000,32.770000,,23.360001,3.125965,201.610001,105.992493,66.751762,16.141165,
2016-04-29,36.055000,167.800003,41.529999,18.450001,,,184.700150,106.770767,135.730957,3.508800,206.425003,23.440001,23.330000,20.719999,32.040001,,22.469999,3.101879,201.820007,105.869202,66.668617,15.745376,
2016-05-02,36.180000,168.324997,41.590000,18.360001,,,184.815231,106.770767,135.749786,3.521200,206.975006,23.629999,23.430000,20.780001,32.200001,,22.590000,3.079984,201.949997,105.836334,66.668617,15.896494,
2016-05-03,35.740002,166.854996,40.834999,17.990000,,,185.531998,107.887589,135.759216,3.474400,206.100006,23.500000,23.190001,20.469999,32.000000,,22.530001,3.116477,202.360001,106.082901,66.470367,15.781353,
2016-05-04,35.560001,166.610001,40.334999,17.740000,,,185.399216,108.231842,135.759216,3.455600,205.414993,23.459999,23.080000,20.320000,31.990000,,22.360001,3.116477,202.289993,105.967827,66.348839,15.925278,
2016-05-05,35.880001,168.380005,40.549999,17.870001,,,185.673569,108.388672,135.740402,3.493200,207.729996,23.690001,23.309999,20.549999,32.259998,,22.540001,3.155889,202.649994,106.124008,66.400002,16.083591,
2016-05-06,35.705002,167.514999,40.445000,17.790001,,,185.815155,108.966164,135.749786,3.468000,206.139999,23.590000,23.120001,20.379999,32.180000,,22.340000,3.159538,202.960007,106.197983,66.214531,16.062002,
2016-05-09,35.880001,168.559998,40.639999,17.620001,,,186.089478,109.253029,135.759216,3.486400,208.684998,23.870001,23.290001,20.450001,32.360001,,22.740000,3.171216,203.279999,106.222656,66.316856,16.270700,
2016-05-10,36.320000,170.494995,41.029999,17.920000,,,186.027527,108.843803,135.759216,3.526400,210.985001,24.209999,23.600000,20.660000,32.709999,,22.889999,3.177784,203.050003,106.099358,66.208130,16.371439,
2016-05-11,36.154999,169.770004,40.840000,17.910000,,,186.142593,108.721397,135.768631,3.510400,210.375000,24.080000,23.459999,20.549999,32.490002,,22.799999,3.170485,203.309998,106.099358,66.182556,16.054808,
2016-05-12,36.009998,169.000000,40.654999,17.840000,,,185.739807,108.676575,135.740402,3.493200,208.214996,24.040001,23.360001,20.469999,32.529999,,22.540001,3.178514,203.059998,105.959618,66.035439,16.010515,
2016-05-13,36.384998,171.220001,40.930000,17.850000,,,186.121979,109.618797,135.740402,3.521600,211.914993,24.299999,23.620001,20.580000,32.889999,,22.830000,3.223035,203.380005,105.976051,66.124977,16.177664,
2016-05-16,36.285000,170.279999,40.889999,17.840000,,,185.997543,109.267395,135.749786,3.521600,211.360001,24.299999,23.620001,20.580000,32.889999,,22.830000,3.223035,203.380005,105.910309,66.009865,16.221266,
2016-05-17,36.285000,170.080002,40.935001,17.830000,,,186.308578,108.637939,135.749786,3.515200,211.074997,24.120001,23.510000,20.600000,32.650002,,22.780001,3.209168,203.839996,105.967827,66.188950,16.119530,
2016-05-18,36.410000,170.339996,41.235001,17.830000,,,185.873108,107.019882,135.730957,3.530800,211.505005,24.120001,23.580000,20.730000,32.529999,,22.850000,3.184353,203.149994,105.828094,66.188950,15.988709,
2016-05-19,36.099998,169.410004,40.814999,17.540001,,,185.748703,106.938797,135.721542,3.495200,210.179993,24.010000,23.389999,20.580000,32.380001,,22.660000,3.203329,203.050003,105.745903,66.099419,15.785216,
2016-05-20,36.595001,171.895004,41.349998,17.840000,,,185.890915,107.394463,135.730957,3.546000,214.375000,24.320000,23.709999,20.900000,32.630001,,23.040001,3.208438,203.270004,105.778770,66.240112,15.930567,
2016-05-23,36.485001,171.410004,41.115002,17.830000,,,185.810898,107.734314,135.759216,3.536400,214.039993,24.219999,23.629999,20.820000,32.570000,,22.940001,3.207708,203.210007,105.729462,66.172951,15.952372,
2016-05-24,37.099998,174.139999,42.075001,18.059999,,,186.184189,106.417442,135.768631,3.597200,218.065002,24.620001,24.059999,21.150000,32.930000,,23.330000,3.210628,203.410004,105.770561,66.329651,16.177664,
2016-05-25,37.404999,175.365005,42.610001,18.240000,,,186.726288,106.042862,135.806305,3.619200,219.835007,24.709999,24.240000,21.420000,33.040001,,23.520000,3.223035,204.020004,105.951385,66.604668,16.163136,
2016-05-26,37.375000,175.020004,42.709999,18.250000,,,186.735229,106.374977,135.834564,3.617600,220.210007,24.700001,24.200001,21.420000,33.070000,,23.469999,3.216467,204.119995,106.066460,66.534302,16.221266,
2016-05-27,37.595001,176.470001,42.805000,18.430000,,,186.824066,106.772728,135.787460,3.642000,222.414993,24.879999,24.360001,21.520000,33.259998,,23.700001,3.225955,203.889999,106.099358,66.540695,16.330288,
2016-05-30,37.700001,177.009995,43.025002,18.379999,,,186.601868,106.772728,135.778046,3.648000,222.949997,24.920000,24.420000,21.590000,33.250000,,23.719999,3.218657,203.520004,105.976051,66.540695,16.366627,
2016-05-31,37.525002,176.389999,42.580002,18.330000,,,186.655197,107.224579,135.796890,3.636000,222.625000,24.809999,24.290001,21.549999,33.139999,,23.680000,3.224495,203.509995,106.148674,66.534302,16.286684,
2016-06-01,37.279999,175.509995,42.169998,18.299999,,,186.788498,108.498909,135.796890,3.614800,221.830002,24.709999,24.150000,21.389999,33.020000,,23.629999,3.244201,203.639999,106.263748,66.502335,16.264875,
2016-06-02,37.380001,175.925003,42.189999,18.420000,,,187.028473,108.502785,135.825150,3.620000,221.869995,24.790001,24.170000,21.420000,33.110001,,23.860001,3.262447,203.600006,106.280159,66.745369,16.301214,
2016-06-03,36.889999,173.070007,41.840000,18.360001,,,187.463974,108.707443,135.796890,3.576000,217.949997,24.570000,23.840000,21.040001,32.840000,,23.510000,3.245661,203.979996,106.502113,66.802917,16.214003,
2016-06-06,37.099998,173.884995,41.970001,18.570000,,,186.912933,109.109070,135.759216,3.599600,218.610001,24.610001,23.980000,21.209999,32.970001,,23.590000,3.226685,203.559998,106.510330,66.822121,16.148594,
2016-06-07,37.395000,174.815002,42.470001,18.770000,,,187.535110,108.375359,135.768631,3.633200,218.945007,24.730000,24.139999,21.410000,33.160000,,23.670000,3.235443,204.229996,106.650078,67.033180,16.323021,
2016-06-08,37.235001,173.925003,42.235001,18.790001,,,187.712814,108.529808,135.768631,3.622000,217.654999,24.670000,24.010000,21.340000,33.060001,,23.540001,3.232523,204.270004,106.724045,67.045967,16.264875,
2016-06-09,37.185001,174.494995,41.869999,18.709999,,,187.872787,109.363953,135.768631,3.626800,218.445007,24.799999,24.030001,21.200001,33.240002,,23.570000,3.279964,204.270004,106.913109,67.020386,16.424763,
2016-06-10,36.910000,174.664993,40.875000,18.450001,,,187.943893,110.696243,135.740402,3.594000,217.779999,24.799999,23.879999,20.959999,33.240002,,23.370001,3.313538,204.149994,106.913109,66.745369,16.359356,
2016-06-13,36.549999,173.449997,40.095001,18.160000,,,187.410645,111.464706,135.570816,3.553200,215.979996,24.610001,23.629999,20.650000,33.029999,,23.150000,3.310617,203.570007,106.765106,66.553497,16.221266,
2016-06-14,36.250000,172.914993,39.355000,18.040001,,,187.037338,112.959213,135.448364,3.532400,215.365005,24.600000,23.440001,20.430000,32.959999,,23.030001,3.354409,203.100006,106.625404,66.156960,16.257612,
2016-06-15,36.395000,173.324997,39.685001,18.290001,,,187.277328,112.271820,135.467209,3.546000,215.830002,24.590000,23.540001,20.570000,32.970001,,23.030001,3.352949,204.169998,106.773346,66.336044,16.279417,
2016-06-16,36.320000,173.384995,39.465000,18.170000,,,186.975143,113.650459,135.391846,3.538400,215.664993,24.719999,23.490000,20.469999,33.189999,,23.030001,3.399550,203.059998,106.724045,66.016266,16.344818,
2016-06-17,36.244999,172.065002,40.005001,18.170000,,,187.028473,111.692551,135.514297,3.525600,213.074997,24.420000,23.379999,20.520000,32.830002,,22.770000,3.336774,203.080002,106.682930,66.291267,16.235806,
2016-06-20,36.930000,173.690002,41.494999,18.559999,,,187.330658,107.896484,135.608505,3.594000,215.505005,24.719999,23.820000,21.030001,33.220001,,23.090000,3.282121,203.660004,106.674736,66.598267,16.461103,
2016-06-21,37.009998,173.740005,41.759998,18.620001,,,187.401794,108.078018,135.589661,3.602800,214.589996,24.790001,23.900000,21.110001,33.389999,,23.080000,3.300584,203.600006,106.822685,66.547104,16.541042,
2016-06-22,37.080002,174.065002,41.889999,18.750000,,,187.321777,107.525772,135.570816,3.607200,215.649994,24.780001,23.959999,21.110001,33.389999,,23.270000,3.279166,203.660004,106.814461,66.630249,16.519241,
2016-06-23,37.230000,173.720001,42.525002,18.830000,,,187.330658,106.703224,135.646164,3.618800,214.865005,24.740000,23.980000,21.309999,33.270000,,23.209999,3.224514,203.770004,106.847336,66.825317,16.504709,
2016-06-24,36.525002,173.399994,39.485001,18.420000,,,187.206223,117.218697,135.429535,3.550800,213.794998,24.809999,23.610001,20.629999,33.509998,,23.100000,3.380347,203.509995,106.748680,65.878754,16.570122,
2016-06-27,35.715000,170.470001,38.080002,18.160000,,,188.441589,122.038116,135.589661,3.480400,209.535004,24.629999,23.129999,19.980000,33.439999,,22.889999,3.494824,203.470001,106.551437,65.459831,16.352089,
2016-06-28,36.084999,171.431000,39.070000,18.559999,,,189.374771,121.176949,135.749786,3.518800,211.445007,24.830000,23.389999,20.180000,33.779999,,23.240000,3.505902,204.779999,106.929527,65.926727,16.708202,
2016-06-29,36.790001,174.350006,40.325001,19.020000,,,189.872498,119.172714,135.806305,3.590000,215.169998,25.150000,23.860001,20.620001,34.169998,,23.700001,3.488177,205.750000,107.274742,66.489548,16.962566,
2016-06-30,37.110001,175.914993,40.709999,19.150000,,,190.076889,121.061096,135.881668,3.620000,217.154999,25.410000,24.129999,20.740000,34.500000,,23.840000,3.473406,206.320007,107.282982,66.604668,16.998901,
2016-07-01,37.314999,177.130005,41.009998,19.280001,,,190.850128,121.412521,135.966446,3.639600,218.919998,25.559999,24.230000,20.830000,34.720001,,24.000000,3.482268,206.649994,107.702194,66.950058,17.166056,
2016-07-04,37.314999,177.220001,40.740002,19.350000,,,190.734573,121.153793,135.957031,3.644400,218.735001,25.620001,24.250000,20.850000,34.779999,,24.020000,3.502947,206.279999,107.784363,66.994797,17.173328,
2016-07-05,37.064999,176.589996,40.095001,19.070000,,,191.010086,124.540535,135.909943,3.617200,218.020004,25.660000,24.120001,20.650000,34.880001,,23.990000,3.562770,206.130005,107.767937,66.707001,17.202398,
2016-07-06,36.910000,176.794998,39.400002,18.840000,,,191.098938,125.695152,135.853409,3.600800,219.240005,25.690001,24.020000,20.500000,34.910000,,24.120001,3.570893,205.880005,107.891251,66.451172,17.115187,
2016-07-07,37.220001,178.039993,39.830002,19.059999,,,190.867889,125.305115,135.815735,3.628400,220.865005,25.760000,24.200001,20.719999,35.040001,,24.330000,3.575326,205.699997,108.088501,66.758156,17.086119,
2016-07-08,37.730000,180.449997,40.445000,19.340000,,,191.418930,125.027069,135.834564,3.678400,224.544998,25.990000,24.500000,21.030001,35.259998,,24.490000,3.594528,205.970001,108.022758,67.020386,17.333216,
2016-07-11,38.154999,181.940002,41.110001,19.639999,,,191.072281,124.575256,135.815735,3.722800,226.994995,26.200001,24.709999,21.370001,35.459999,,24.670000,3.581972,205.869995,108.104965,67.109940,17.522175,
2016-07-12,38.360001,182.570007,41.500000,19.770000,,,190.547928,121.566986,135.815735,3.747200,227.475006,26.150000,24.820000,21.620001,35.340000,,24.570000,3.519934,205.600006,108.072083,67.154686,17.543978,
2016-07-13,38.165001,181.479996,41.424999,19.650000,,,191.081177,122.215729,135.834564,3.724000,225.919998,26.010000,24.680000,21.540001,35.169998,,24.549999,3.536921,206.449997,108.458382,67.237831,17.543978,
2016-07-14,38.470001,182.910004,41.825001,19.969999,,,190.565720,120.277168,135.806305,3.756000,226.994995,26.070000,24.850000,21.760000,35.299999,,24.580000,3.484483,206.389999,108.350021,67.564003,17.565783,
2016-07-15,38.520000,183.330002,41.740002,19.990000,,,190.103561,120.748299,135.815735,3.761600,227.824997,26.129999,24.860001,21.809999,35.220001,,24.680000,3.480052,206.429993,108.333443,67.512848,17.478561,
2016-07-18,38.535000,183.485001,41.785000,20.059999,,,190.130219,120.064789,135.834564,3.767200,229.080002,26.110001,24.930000,21.830000,35.150002,,24.620001,3.463066,206.369995,108.548859,67.557617,17.536709,
2016-07-19,38.630001,184.429993,41.605000,20.090000,,,190.396851,121.837318,135.862823,3.772400,229.904999,26.270000,24.969999,21.820000,35.400002,,24.670000,3.501470,206.259995,108.631714,67.474472,17.660257,
2016-07-20,38.904999,185.559998,42.090000,20.209999,,,190.307968,121.219414,135.872284,3.799200,232.410004,26.410000,25.200001,21.959999,35.560001,,24.969999,3.481530,206.190002,108.606850,67.551239,17.798342,
2016-07-21,38.855000,185.309998,42.064999,20.209999,,,190.370163,121.018646,135.853409,3.792000,232.524994,26.309999,25.129999,21.969999,35.419998,,24.959999,3.478575,206.250000,108.739426,67.743095,17.798342,
2016-07-22,38.904999,185.554993,42.029999,20.240000,,,190.592361,122.377945,135.881668,3.797600,233.210007,26.420000,25.150000,21.990000,35.639999,,25.040001,3.509594,206.380005,108.764259,67.787880,17.929155,
2016-07-25,38.830002,185.139999,42.095001,20.139999,,,190.619019,121.937706,135.853409,3.789600,233.059998,26.360001,25.090000,21.959999,35.549999,,24.980000,3.512548,206.660004,108.880264,67.813438,17.936428,
2016-07-26,38.825001,184.880005,42.145000,20.230000,,,190.574585,121.802521,135.825150,3.790400,232.820007,26.299999,25.110001,21.950001,35.549999,,25.010000,3.502209,206.860001,108.764259,67.723900,17.943691,
2016-07-27,38.884998,185.005005,42.310001,20.260000,,,191.143402,122.181015,135.844009,3.792800,234.865005,26.209999,25.139999,22.000000,35.360001,,25.040001,3.528057,207.770004,108.946526,67.845421,17.841948,
2016-07-28,38.450001,182.945007,41.855000,20.059999,,,191.214462,122.269829,135.853409,3.753600,232.875000,25.969999,24.840000,21.690001,35.009998,,24.809999,3.515503,207.970001,108.921677,67.781487,17.754736,
2016-07-29,38.564999,182.699997,42.139999,20.049999,,,191.872162,121.397057,135.853409,3.759600,232.875000,26.030001,24.830000,21.790001,35.119999,,24.820000,3.497039,208.550003,109.004532,67.858238,17.936428,
2016-08-01,38.540001,182.919998,41.865002,20.180000,,,191.569992,121.976326,135.834564,3.756400,234.065002,25.990000,24.850000,21.719999,35.180000,,25.020000,3.482268,207.949997,109.021088,67.819839,17.921892,
2016-08-02,37.955002,180.100006,41.455002,19.830000,,,190.787933,120.505020,135.844009,3.704800,230.175003,25.730000,24.540001,21.280001,34.840000,,24.650000,3.428354,207.039993,108.656548,67.730309,17.667524,
2016-08-03,38.150002,181.500000,41.380001,19.900000,,,190.805679,120.226952,135.834564,3.719600,231.964996,25.799999,24.620001,21.379999,34.779999,,24.730000,3.435740,207.029999,108.681419,67.819839,17.573050,
2016-08-04,38.455002,182.675003,41.605000,20.180000,,,191.712219,122.628967,135.872284,3.752400,233.945007,26.000000,24.799999,21.660000,34.939999,,24.850000,3.488916,208.020004,109.120544,68.286728,17.682060,
2016-08-05,38.900002,185.110001,42.105000,20.440001,,,191.596664,122.574875,135.881668,3.800800,238.070007,26.059999,25.059999,22.010000,35.130001,,24.920000,3.476359,208.020004,109.054237,68.050095,17.791073,
2016-08-08,38.959999,185.104996,42.095001,20.629999,,,191.721085,122.621246,135.881668,3.806000,237.100006,26.070000,25.020000,22.100000,35.049999,,24.690001,3.473406,208.350006,109.128792,68.126831,17.827410,
2016-08-09,39.064999,184.934998,42.509998,20.780001,,,191.818893,123.212090,135.872284,3.818000,237.740005,26.049999,25.030001,22.230000,35.110001,,24.760000,3.477836,208.699997,109.186783,68.248360,17.812878,
2016-08-10,38.759998,182.970001,42.400002,20.570000,,,192.352112,123.675468,135.891098,3.789600,234.809998,25.860001,24.840000,22.049999,34.959999,,24.490000,3.483745,209.279999,109.335922,68.261147,17.762007,
2016-08-11,39.000000,183.979996,42.820000,20.780001,,,192.360977,123.717972,135.891098,3.817200,236.345001,26.059999,25.020000,22.190001,35.099998,,24.650000,3.466759,209.149994,109.311073,68.305931,17.639250,
2016-08-12,38.950001,183.865005,42.750000,20.790001,,,192.494293,124.386032,135.891098,3.810000,236.130005,26.059999,24.950001,22.139999,35.139999,,24.570000,3.494824,209.610001,109.311073,68.484993,17.712448,
2016-08-15,39.009998,184.160004,42.740002,20.969999,,,192.112122,124.590736,135.881668,3.822800,237.365005,25.990000,25.000000,22.180000,35.029999,,24.629999,3.458635,209.350006,109.128792,68.465813,17.646576,
2016-08-16,38.580002,181.960007,42.410000,20.680000,,,191.525558,122.980385,135.853409,3.780400,234.179993,25.639999,24.740000,21.940001,34.580002,,24.280001,3.412844,208.779999,109.062531,68.395470,17.375767,
2016-08-17,38.345001,181.065002,42.035000,20.420000,,,191.827744,122.879990,135.862823,3.766000,233.000000,25.490000,24.600000,21.910000,34.330002,,24.110001,3.420230,209.000000,109.103943,68.293137,17.251339,
2016-08-18,38.470001,181.375000,42.360001,20.620001,,,192.254349,121.872078,135.891098,3.770000,233.375000,25.590000,24.660000,21.940001,34.360001,,24.080000,3.412844,209.250000,109.277924,68.421043,17.353807,
2016-08-19,38.365002,181.259995,42.025002,20.490000,,,191.578903,122.231194,135.881668,3.766400,233.720001,25.480000,24.620001,21.910000,34.209999,,23.990000,3.389211,208.339996,109.128792,68.417847,17.222059,
2016-08-22,38.345001,181.020004,42.049999,20.290001,,,192.076553,121.995613,135.891098,3.754000,232.940002,25.450001,24.620001,21.900000,34.220001,,24.110001,3.435001,208.669998,109.261368,68.305931,17.207424,
2016-08-23,38.590000,182.059998,42.419998,20.450001,,,192.049911,121.420250,135.909943,3.778400,234.395004,25.549999,24.780001,22.049999,34.369999,,24.209999,3.433524,208.479996,109.302773,68.497780,17.390406,
2016-08-24,38.689999,182.539993,42.580002,20.340000,,,192.076553,121.049500,135.900513,3.794000,235.039993,25.540001,24.820000,22.150000,34.410000,,24.299999,3.453464,208.529999,109.286209,68.523354,17.368452,
2016-08-25,38.525002,181.660004,42.250000,20.350000,,,192.023254,121.408653,135.900513,3.774800,233.470001,25.450001,24.750000,21.990000,34.299999,,23.900000,3.438694,208.389999,109.236511,68.504181,17.434315,
2016-08-26,38.665001,182.399994,42.459999,20.610001,,,192.174316,121.547676,135.909943,3.790000,234.794998,25.559999,24.850000,22.150000,34.360001,,23.910000,3.454941,208.809998,109.286209,68.536156,17.463594,
2016-08-29,38.794998,183.544998,42.349998,20.469999,,,192.076553,121.547676,135.900513,3.802800,235.824997,25.600000,24.920000,22.170000,34.430000,,23.990000,3.471928,208.789993,109.302773,68.536156,17.492872,
2016-08-30,38.840000,183.639999,42.605000,20.580000,,,192.103241,122.196457,135.900513,3.804000,235.375000,25.530001,24.920000,22.270000,34.310001,,24.020000,3.486700,208.750000,109.377365,68.593735,17.434315,
2016-08-31,38.674999,182.990005,42.445000,20.420000,,,191.516663,121.837318,135.862823,3.787200,235.220001,25.360001,24.780001,22.240000,34.160000,,23.860001,3.477098,207.960007,109.277924,68.708847,17.470915,
2016-09-01,38.549999,181.731003,42.424999,20.219999,,,191.250061,120.238541,135.796890,3.776800,233.970001,25.280001,24.719999,22.219999,34.060001,,23.680000,3.471928,207.559998,109.170250,68.747200,17.405043,
2016-09-02,39.075001,183.837997,43.275002,20.730000,,,191.187836,119.952797,135.825150,3.830800,236.619995,25.670000,25.010000,22.530001,34.419998,,23.920000,3.455681,207.539993,109.079094,68.811172,17.529467,
2016-09-05,39.134998,183.895004,43.330002,20.920000,,,191.561096,119.836922,135.825150,3.838000,236.190002,25.760000,25.049999,22.549999,34.549999,,23.910000,3.452726,207.830002,109.219955,68.817581,17.580704,
2016-09-06,38.919998,182.714005,43.139999,20.990000,,,192.467621,119.404427,135.909943,3.821600,235.589996,25.660000,24.920000,22.410000,34.450001,,23.870001,3.463066,208.649994,109.468498,68.849548,17.573381,
2016-09-07,38.994999,182.778000,43.279999,20.990000,,,192.574280,120.176773,135.909943,3.829600,236.125000,25.639999,24.889999,22.500000,34.450001,,23.879999,3.461588,209.419998,109.559624,68.964668,17.580704,
2016-09-08,38.869999,182.442993,43.195000,21.020000,,,191.632217,120.010712,135.834564,3.821200,234.835007,25.580000,24.809999,22.469999,34.299999,,23.830000,3.415798,208.289993,109.311073,68.817581,17.485554,
2016-09-09,38.514999,180.947006,42.634998,20.549999,,,190.619019,119.867821,135.778046,3.787200,232.714996,25.260000,24.559999,22.340000,33.910000,,23.660000,3.365577,207.289993,108.888542,68.382660,17.178148,
2016-09-12,38.130001,179.184998,42.230000,20.250000,,,190.352402,119.257690,135.768631,3.744800,231.434998,25.020000,24.340000,22.120001,33.619999,,23.549999,3.355238,207.029999,108.664871,67.998924,16.965883,
2016-09-13,37.790001,178.011993,41.790001,19.950001,,,190.041336,120.466400,135.721542,3.710400,230.369995,24.809999,24.200001,21.870001,33.430000,,23.400000,3.338989,206.729996,108.490868,68.114029,16.731680,
2016-09-14,37.785000,178.182007,41.750000,20.010000,,,190.387985,120.323509,135.759216,3.708800,232.345001,24.740000,24.230000,21.790001,33.340000,,23.469999,3.328650,206.820007,108.664871,68.178009,16.651161,
2016-09-15,38.099998,179.695999,42.035000,20.270000,,,190.263550,120.246292,135.778046,3.740000,235.175003,24.980000,24.430000,21.940001,33.580002,,23.590000,3.315355,206.539993,108.664871,68.160255,16.826822,
2016-09-16,38.095001,180.059998,41.674999,20.309999,,,190.423508,121.466576,135.778046,3.742800,236.664993,25.010000,24.469999,21.910000,33.669998,,23.790001,3.350806,206.710007,108.731148,68.082001,16.834143,
2016-09-19,38.355000,181.160995,42.134998,20.570000,,,190.450150,121.644218,135.825150,3.772400,237.300003,25.180000,24.620001,22.090000,33.860001,,23.879999,3.348590,206.839996,108.697990,68.179832,16.987852,
2016-09-20,38.360001,180.809998,42.080002,20.570000,,,191.018951,122.702324,135.834564,3.772000,236.684998,25.170000,24.610001,22.080000,33.919998,,23.920000,3.376656,207.539993,108.739426,68.205917,17.031761,
2016-09-21,38.564999,181.248001,42.270000,20.740000,,,190.787933,122.350906,135.844009,3.790000,237.175003,25.230000,24.680000,22.330000,34.080002,,23.920000,3.355238,207.449997,108.639977,68.127647,17.002489,
2016-09-22,38.935001,182.380997,43.099998,21.020000,,,192.129898,121.949265,135.900513,3.828800,239.164993,25.490000,24.850000,22.530001,34.340000,,24.100000,3.398812,209.169998,109.112206,68.440697,17.317211,
2016-09-23,38.820000,182.292007,42.654999,20.930000,,,191.801056,123.242989,135.881668,3.820400,239.130005,25.469999,24.770000,22.420000,34.279999,,24.100000,3.397335,208.759995,109.095657,68.499397,17.339172,
2016-09-26,38.224998,179.608002,42.000000,20.530001,,,192.405426,123.358826,135.919342,3.762000,235.014999,25.180000,24.459999,22.020000,33.919998,,23.730000,3.395119,208.619995,109.095657,68.238510,17.280619,
2016-09-27,38.535000,181.328003,42.060001,20.700001,,,192.574280,123.501701,135.891098,3.790400,238.389999,25.340000,24.670000,22.170000,34.240002,,23.980000,3.442386,208.330002,109.145386,68.117874,17.434315,
2016-09-28,38.555000,181.216995,42.320000,20.780001,,,192.592056,123.586655,135.881668,3.794400,238.350006,25.340000,24.690001,22.190001,34.180000,,23.940001,3.452726,208.589996,109.244781,68.225471,17.339172,
2016-09-29,38.660000,181.606995,42.529999,20.799999,,,192.281006,123.366554,135.881668,3.802800,237.320007,25.440001,24.680000,22.240000,34.049999,,23.660000,3.419491,208.949997,109.120544,68.453751,17.258656,
2016-09-30,38.700001,181.886993,42.450001,20.740000,,,192.449844,123.011276,135.891098,3.804800,238.699997,25.459999,24.700001,22.270000,34.029999,,23.639999,3.406936,209.199997,109.079094,68.447243,17.244019,
2016-10-03,38.634998,181.468994,42.430000,20.809999,,,192.023254,124.552055,135.891098,3.804800,238.500000,25.459999,24.700001,22.270000,34.029999,,23.639999,3.406936,209.050003,109.029388,68.414612,17.046400,
2016-10-04,38.860001,182.498001,42.794998,20.990000,,,191.845490,125.254898,135.900513,3.827200,240.414993,25.400000,24.840000,22.430000,33.869999,,23.820000,3.413584,208.759995,109.037666,68.512428,16.951252,
2016-10-05,38.720001,181.727997,42.619999,20.900000,,,190.636841,124.366730,135.844009,3.808400,239.770004,25.100000,24.670000,22.420000,33.450001,,23.690001,3.343421,207.460007,108.747711,68.388519,16.556017,
2016-10-06,38.650002,181.779999,42.450001,20.940001,,,190.645691,125.347610,135.834564,3.805200,239.395004,25.059999,24.660000,22.389999,33.349998,,23.600000,3.349329,207.720001,108.755966,68.486351,16.424267,
2016-10-07,38.540001,181.828995,42.020000,20.940001,,,190.387985,127.336411,135.825150,3.799600,239.585007,25.020000,24.549999,22.299999,33.369999,,23.590000,3.327173,207.080002,108.681419,68.492882,16.416950,
2016-10-10,38.849998,183.231003,42.400002,21.209999,,,190.156891,127.502457,135.853409,3.830000,241.714996,25.219999,24.740000,22.549999,33.549999,,23.809999,3.314617,207.259995,108.557159,68.545052,16.497467,
2016-10-11,38.700001,182.459000,42.134998,20.870001,,,190.450150,129.514389,135.862823,3.807600,240.589996,25.120001,24.620001,22.450001,33.490002,,23.520000,3.358191,207.619995,108.639977,68.492882,16.490141,
2016-10-12,38.770000,183.268005,41.994999,20.879999,,,189.810242,129.468079,135.834564,3.817200,241.145004,25.260000,24.750000,22.430000,33.660000,,23.420000,3.352284,206.500000,108.482582,68.545052,16.534063,
2016-10-13,38.450001,181.613007,41.599998,20.549999,,,190.068024,129.850388,135.815735,3.780000,238.600006,25.160000,24.510000,22.180000,33.560001,,23.270000,3.368531,206.839996,108.565414,68.532005,16.629204,
2016-10-14,38.865002,183.455002,42.230000,20.879999,,,190.156891,129.912140,135.825150,3.820400,241.285004,25.389999,24.780001,22.459999,33.820000,,23.410000,3.365577,207.119995,108.540558,68.668968,16.702396,
2016-10-17,38.689999,182.656006,41.840000,20.820000,,,190.059143,129.885132,135.806305,3.802400,240.300003,25.290001,24.660000,22.360001,33.700001,,23.270000,3.358191,206.949997,108.565414,68.525482,16.687763,
2016-10-18,39.000000,183.699005,42.424999,21.150000,,,190.352402,128.742050,135.806305,3.834800,242.729996,25.440001,24.850000,22.580000,33.889999,,23.480000,3.364839,207.940002,108.631714,68.740723,16.812187,
2016-10-19,39.200001,184.524994,42.580002,21.320000,,,190.467926,129.178452,135.815735,3.854400,242.675003,25.580000,24.889999,22.680000,34.000000,,23.490000,3.388472,208.050003,108.797401,68.910286,16.863422,
2016-10-20,39.209999,184.494995,42.665001,21.360001,,,190.663452,129.645706,135.796890,3.861600,242.625000,25.500000,24.870001,22.790001,33.930000,,23.559999,3.401766,208.770004,108.896828,68.955940,16.834143,
2016-10-21,39.340000,185.429993,42.685001,21.410000,,,190.645691,130.020294,135.796890,3.878800,245.220001,25.530001,24.940001,22.900000,34.000000,,23.520000,3.425400,208.710007,108.913399,68.929832,16.929289,
2016-10-24,39.465000,186.425003,42.720001,21.549999,,,190.370163,129.846497,135.796890,3.890800,247.699997,25.510000,25.000000,22.980000,34.060001,,23.469999,3.392903,208.630005,108.871964,69.053780,16.907333,
2016-10-25,39.369999,185.785004,42.529999,21.549999,,,190.476883,130.394867,135.815735,3.881600,247.539993,25.540001,24.900000,22.930000,34.009998,,23.299999,3.409890,208.479996,108.805695,69.053780,16.943939,
2016-10-26,39.275002,185.270004,42.435001,21.309999,,,189.712509,129.259537,135.815735,3.870000,245.815002,25.379999,24.860001,22.920000,33.880001,,23.180000,3.380347,207.190002,108.499176,68.949417,16.680437,
2016-10-27,39.185001,184.580002,42.485001,21.200001,,,188.512680,129.224762,135.730957,3.860800,244.539993,25.270000,24.770000,22.930000,33.680000,,23.209999,3.330865,206.009995,108.192612,68.675491,16.373034,
2016-10-28,39.105000,184.470001,42.325001,21.129999,,,188.397171,129.672714,135.627319,3.847600,243.570007,25.330000,24.690001,22.910000,33.619999,,22.770000,3.326434,205.559998,108.209190,68.740723,16.387672,
2016-10-31,38.904999,183.468994,42.115002,21.110001,,,188.148300,129.151428,135.646164,3.827200,241.789993,25.260000,24.580000,22.840000,33.669998,,22.620001,3.324218,205.410004,108.093201,68.792892,16.453541,
2016-11-01,38.349998,180.434998,41.674999,20.680000,,,187.615067,128.784531,135.589661,3.769200,237.725006,24.950001,24.260000,22.570000,33.270000,,22.290001,3.299108,204.399994,108.051758,68.629822,16.160780,
2016-11-02,37.935001,178.570007,41.200001,20.379999,,,188.494949,128.545120,135.655594,3.728000,234.940002,24.680000,24.020000,22.320000,33.040001,,22.129999,3.304277,204.839996,108.217461,68.545052,16.029036,
2016-11-03,37.849998,178.740005,41.205002,20.350000,,,188.183838,127.089264,135.683853,3.720400,232.919998,24.650000,23.990000,22.340000,33.020000,,22.080000,3.290244,204.410004,108.076607,68.623322,15.904608,
2016-11-04,37.724998,178.059006,40.820000,20.219999,,,188.254990,126.606529,135.712128,3.708000,232.184998,24.629999,23.930000,22.180000,32.900002,,21.959999,3.303539,204.759995,108.134613,68.564606,15.831412,
2016-11-07,38.424999,181.819000,41.500000,20.820000,,,188.272736,127.340263,135.730957,3.785200,237.919998,24.980000,24.340000,22.590000,33.270000,,22.510000,3.308709,205.029999,108.109756,68.727661,16.072947,
2016-11-08,38.610001,182.845001,41.660000,20.980000,,,187.926147,127.035187,135.721542,3.797200,239.070007,25.209999,24.459999,22.670000,33.410000,,22.530001,3.290984,204.830002,107.985481,68.708099,16.146133,
2016-11-09,39.200001,185.901001,42.290001,20.670000,,,187.677292,125.166130,135.702698,3.851200,242.550003,25.430000,24.850000,23.040001,33.779999,,23.520000,3.232638,204.660004,107.935768,68.636368,16.263247,
2016-11-10,39.419998,187.542999,42.209999,20.209999,,,185.913025,123.443985,135.617920,3.869200,239.649994,25.309999,24.969999,23.260000,33.639999,,23.770000,3.197188,202.729996,107.521538,68.362450,15.952709,
2016-11-11,39.334999,187.710007,42.360001,19.610001,,,184.646378,122.641342,135.420090,3.862800,239.964996,25.219999,24.879999,23.290001,33.509998,,23.549999,3.160998,201.940002,107.173553,68.173302,15.901081,
2016-11-14,39.775002,190.210999,42.049999,19.820000,,,183.727646,122.999786,135.344742,3.900400,240.970001,25.320000,25.049999,23.719999,33.709999,,23.730000,3.178725,201.309998,106.941597,68.088516,16.033840,
2016-11-15,39.924999,190.951004,42.215000,20.100000,,,185.083496,123.186790,135.476608,3.912800,244.175003,25.500000,25.139999,23.760000,33.770000,,23.620001,3.179462,202.229996,107.248116,68.349396,16.210846,
2016-11-16,40.134998,192.541000,42.134998,20.150000,,,184.467987,122.843941,135.410690,3.934000,247.210007,25.690001,25.290001,23.809999,33.990002,,23.799999,3.210482,201.850006,107.032715,68.297226,16.122343,
2016-11-17,40.395000,193.501007,42.404999,20.309999,,,184.378784,122.617943,135.420090,3.959200,248.595001,25.840000,25.430000,23.879999,34.200001,,23.840000,3.196448,201.550003,106.891876,68.147217,16.232969,
2016-11-18,40.435001,194.751007,42.240002,20.250000,,,184.236053,123.171211,135.410690,3.960000,250.229996,25.910000,25.520000,23.870001,34.200001,,23.680000,3.183894,201.940002,106.643326,67.860252,16.232969,
2016-11-21,40.605000,195.229996,42.305000,20.379999,,,184.575027,121.729584,135.391846,3.976400,251.645004,26.080000,25.600000,23.950001,34.250000,,23.700001,3.189063,202.679993,106.759338,68.003746,16.232969,
2016-11-22,40.619999,195.320999,42.410000,20.530001,,,184.985382,122.251717,135.457779,3.982800,252.395004,26.090000,25.620001,24.010000,34.279999,,23.260000,3.189063,203.250000,107.223274,68.231995,16.365723,
2016-11-23,40.810001,196.630005,42.424999,20.510000,,,184.039825,121.597099,135.363586,4.001600,252.289993,26.299999,25.730000,24.120001,34.400002,,23.330000,3.166168,202.360001,106.792450,68.179832,16.387852,
2016-11-24,40.955002,197.279007,42.560001,20.549999,,,184.137955,121.339981,135.344742,4.013600,253.240005,26.379999,25.830000,24.150000,34.380001,,23.530001,3.180939,202.250000,106.941597,68.238510,16.424730,
2016-11-25,40.904999,197.005005,42.669998,20.580000,,,184.316360,121.550354,135.269379,4.013200,252.869995,26.379999,25.830000,24.129999,34.430000,,23.610001,3.180201,202.080002,107.190132,68.447243,16.417353,
2016-11-28,40.855000,196.908997,42.294998,20.730000,,,184.789093,122.302322,135.288223,4.003200,253.304993,26.410000,25.820000,24.100000,34.509998,,23.469999,3.206789,202.720001,107.248116,68.329834,16.550102,
2016-11-29,40.845001,196.727997,42.450001,20.719999,,,185.154831,121.386711,135.325897,4.002400,253.735001,26.389999,25.780001,24.120001,34.599998,,23.580000,3.197188,202.660004,107.123833,68.284180,16.616484,
2016-11-30,41.014999,197.483994,42.654999,20.840000,,,184.824783,120.993156,135.344742,4.018000,252.589996,26.450001,25.879999,24.240000,34.500000,,23.520000,3.164691,202.750000,106.875305,68.349396,16.586985,
2016-12-01,40.619999,195.459000,42.415001,20.610001,,,183.834641,119.477486,135.288223,3.983200,246.500000,26.000000,25.620001,24.120001,34.009998,,23.139999,3.116685,202.520004,106.510788,68.218956,16.336224,
2016-12-02,40.459999,194.505997,42.275002,20.459999,,,185.012115,119.302147,135.429535,3.963600,245.270004,25.950001,25.490000,24.020000,33.950001,,23.120001,3.142535,203.770004,106.792450,68.231995,16.417353,
2016-12-05,40.514999,194.509995,42.514999,20.430000,,,184.262833,118.893044,135.438934,3.969600,245.729996,25.959999,25.469999,24.049999,33.759998,,22.980000,3.123333,203.539993,106.485924,68.545052,16.269838,
2016-12-06,40.549999,194.514999,42.810001,20.500000,,,184.441208,118.974899,135.561401,3.973600,245.139999,25.940001,25.430000,24.170000,33.779999,,22.920000,3.112993,203.869995,106.461067,68.636368,16.439476,
2016-12-07,40.779999,194.701004,43.365002,20.680000,,,185.145920,120.206093,135.599091,3.998000,245.164993,26.080000,25.520000,24.420000,33.869999,,22.590000,3.123333,204.039993,106.676483,68.864624,16.601738,
2016-12-08,41.674999,199.688995,43.880001,21.090000,,,184.512573,120.389236,135.693283,4.086000,252.270004,26.590000,26.010000,25.040001,34.459999,,22.980000,3.140319,203.669998,106.742752,68.975502,16.896744,
2016-12-09,42.115002,201.923004,44.285000,21.250000,,,184.655319,119.867134,135.778046,4.129200,255.554993,26.770000,26.280001,25.240000,34.830002,,23.549999,3.132933,203.460007,107.016121,69.021164,17.073755,
2016-12-12,41.965000,201.716003,44.095001,21.000000,,,184.271744,118.542381,135.862823,4.104000,253.449997,26.680000,26.209999,25.049999,34.900002,,23.500000,3.095267,203.399994,106.833885,69.151581,16.940998,
2016-12-13,42.014999,201.542007,44.529999,21.049999,,,185.395676,118.530655,135.919342,4.113200,256.095001,26.780001,26.340000,25.080000,34.970001,,23.670000,3.096744,204.729996,107.007858,69.259201,16.926241,
2016-12-14,41.930000,201.220993,44.380001,20.930000,,,186.153885,118.795647,136.004150,4.099200,255.300003,26.709999,26.230000,25.030001,34.869999,,23.559999,3.127764,205.410004,107.248116,69.327682,16.845121,
2016-12-15,42.744999,206.369995,44.599998,21.030001,,,185.565170,119.898285,135.919342,4.170400,262.904999,27.190001,26.760000,25.450001,35.380001,,24.139999,3.157489,204.600006,107.065872,69.184212,16.889376,
2016-12-16,42.490002,204.876999,44.820000,20.930000,,,185.520554,119.660599,135.909943,4.151200,259.584991,27.010000,26.600000,25.309999,35.290001,,24.090000,3.147014,204.580002,107.239838,69.295067,16.963120,
2016-12-19,42.535000,204.927002,44.820000,20.840000,,,186.430435,120.319099,135.928772,4.146800,261.065002,27.049999,26.610001,25.299999,35.520000,,24.150000,3.166468,205.910004,107.496689,69.458115,17.081129,
2016-12-20,42.880001,207.000000,45.049999,20.940001,,,186.394714,120.778847,135.891098,4.174800,262.779999,27.280001,26.799999,25.480000,35.730000,,24.170000,3.169461,206.229996,107.430397,69.282028,17.199135,
2016-12-21,42.685001,205.876007,44.950001,20.840000,,,186.582047,121.059418,135.966446,4.158000,261.320007,27.139999,26.690001,25.280001,35.580002,,23.959999,3.165720,206.580002,107.471817,69.373344,17.177004,
2016-12-22,42.439999,204.423996,44.845001,20.440001,,,186.243103,121.628296,135.947632,4.128400,259.799988,27.020000,26.520000,25.240000,35.400002,,23.940001,3.162727,206.130005,107.562950,69.405952,16.867252,
2016-12-23,42.490002,204.768997,44.915001,20.580000,,,186.626678,122.095840,135.994705,4.132800,259.670013,27.059999,26.610001,25.190001,35.500000,,24.059999,3.173951,206.779999,107.678925,69.392906,16.992624,
2016-12-27,42.544998,205.479996,44.959999,20.700001,,,186.903198,122.095840,136.013550,4.147600,262.269989,27.100000,26.600000,25.240000,35.520000,,24.160000,3.149259,206.880005,107.745216,69.392906,17.014746,
2016-12-28,42.709999,205.987000,45.029999,20.930000,,,186.912094,122.345169,136.032394,4.164000,262.404999,27.219999,26.670000,25.340000,35.660000,,24.190001,3.189663,206.889999,107.844627,69.458115,17.014746,
2016-12-29,42.215000,202.975998,44.860001,21.030001,,,187.268890,122.886833,136.060654,4.121200,258.144989,26.950001,26.389999,24.910000,35.459999,,24.010000,3.179936,207.809998,107.902664,69.425499,17.058994,
2016-12-30,42.029999,200.716995,44.990002,20.820000,,,186.867508,122.298470,136.070053,4.115600,254.914993,26.950001,26.370001,24.940001,35.380001,,23.920000,3.166468,207.289993,107.811508,69.392906,17.103256,
2017-01-02,42.520000,204.110001,45.325001,21.010000,,,187.402710,122.298470,136.107758,4.142400,257.954987,27.110001,26.570000,25.170000,35.689999,,24.120001,3.202383,207.539993,107.770065,69.392906,17.390884,
2017-01-03,42.630001,204.589005,45.555000,21.280001,,,185.993347,122.949142,136.022980,4.162400,259.190002,27.120001,26.590000,25.270000,35.669998,,24.270000,3.218095,206.850006,107.629227,69.771164,17.331888,
2017-01-04,42.750000,204.906998,45.525002,21.320000,,,185.788177,122.645226,135.975891,4.174400,259.410004,27.120001,26.639999,25.520000,35.700001,,24.400000,3.210613,206.669998,107.620934,69.829872,17.449892,
2017-01-05,42.424999,202.251999,45.615002,21.299999,,,185.413513,122.212730,135.891098,4.144400,257.450012,26.959999,26.410000,25.330000,35.509998,,24.330000,3.221836,206.199997,107.587807,69.882027,17.376139,
2017-01-06,42.665001,204.029999,45.595001,21.330000,,,184.931808,122.879005,135.844009,4.169200,260.795013,27.080000,26.559999,25.340000,35.610001,,24.410000,3.213606,205.509995,107.388954,69.934204,17.486765,
2017-01-09,42.549999,204.057999,45.349998,21.309999,,,185.529465,124.737572,135.881668,4.158800,261.850006,27.070000,26.500000,25.240000,35.470001,,24.440001,3.224081,205.940002,107.446983,69.855949,17.376139,
2017-01-10,42.570000,203.669998,45.435001,21.469999,,,185.574051,124.908981,135.891098,4.163600,262.799988,27.100000,26.520000,25.290001,35.480000,,24.570000,3.230067,205.949997,107.339279,69.738556,17.324509,
2017-01-11,42.735001,204.139999,45.490002,21.580000,,,186.180649,125.399940,135.919342,4.174400,263.549988,27.260000,26.559999,25.389999,35.560001,,24.389999,3.263736,206.479996,107.446983,69.751602,17.413019,
2017-01-12,42.125000,200.645996,45.169998,21.490000,,,186.162796,124.873917,135.909943,4.122400,258.904999,26.879999,26.129999,25.010000,35.119999,,24.010000,3.236053,205.979996,107.432350,69.686378,17.029505,
2017-01-13,42.610001,203.123993,45.650002,21.610001,,,185.752487,124.270012,135.900513,4.169200,262.875000,27.180000,26.410000,25.309999,35.389999,,24.299999,3.189663,205.380005,107.357201,69.771164,17.162252,
2017-01-16,42.470001,202.931000,45.255001,21.510000,,,185.930893,126.027275,135.928772,4.156400,262.820007,27.150000,26.350000,25.170000,35.419998,,24.240000,3.221089,205.369995,107.365547,69.816818,17.140123,
2017-01-17,42.095001,201.054993,45.154999,21.430000,,,186.136063,123.159561,135.947632,4.120800,259.625000,26.940001,26.170000,24.969999,35.169998,,23.920000,3.206124,205.389999,107.440681,69.914650,17.066372,
2017-01-18,42.200001,201.216995,45.224998,21.500000,,,185.609787,123.256935,135.957031,4.133200,260.329987,27.049999,26.230000,25.010000,35.279999,,24.000000,3.189663,205.020004,107.290405,69.882027,17.184380,
2017-01-19,42.320000,202.134995,45.215000,21.450001,,,185.190552,122.364662,135.909943,4.143200,262.380005,27.129999,26.290001,25.080000,35.279999,,24.020000,3.167965,204.830002,107.282036,69.914650,17.051624,
2017-01-20,42.279999,201.860001,45.174999,21.360001,,,184.512573,122.049103,135.957031,4.136800,261.714996,27.090000,26.219999,25.100000,35.200001,,23.860001,3.138783,204.369995,107.106697,69.914650,17.000002,
2017-01-23,41.875000,199.464996,44.965000,21.469999,,,185.163788,121.417870,135.957031,4.103200,259.049988,26.860001,26.020000,24.830000,34.950001,,23.570000,3.167217,205.110001,107.373871,69.888565,17.029505,
2017-01-24,42.000000,200.197998,45.105000,21.680000,,,184.575027,120.911339,135.919342,4.122800,260.274994,27.020000,26.059999,24.950001,34.980000,,23.379999,3.144022,205.000000,107.206909,69.901596,17.073755,
2017-01-25,42.490002,202.548996,45.654999,21.850000,,,183.754364,119.450211,135.891098,4.166000,263.614990,27.290001,26.309999,25.260000,35.160000,,23.660000,3.111848,204.029999,106.989807,69.908127,17.007380,
2017-01-26,42.805000,204.141006,45.744999,22.010000,,,182.969406,119.442413,135.834564,4.197600,266.640015,27.480000,26.480000,25.440001,35.349998,,23.879999,3.123819,203.380005,106.889580,69.914650,17.110620,
2017-01-27,42.615002,203.263000,45.630001,21.889999,,,182.942627,120.237312,135.778046,4.177200,266.160004,27.450001,26.410000,25.260000,35.250000,,23.830000,3.133547,203.539993,106.922997,69.895103,16.940998,
2017-01-30,42.200001,201.261002,45.119999,21.740000,,,182.478821,120.669762,135.636765,4.138400,263.459991,27.219999,26.209999,24.990000,35.139999,,23.719999,3.140280,202.770004,106.981445,69.823334,16.874619,
2017-01-31,41.785000,199.119995,44.785000,21.590000,,,182.835602,120.455475,135.730957,4.095200,259.910004,26.969999,25.920000,24.700001,34.880001,,23.580000,3.122323,203.320007,106.948051,69.712471,16.874619,
2017-02-01,42.145000,200.591003,45.230000,21.760000,,,182.193359,119.263191,135.674438,4.131200,263.105011,27.120001,26.110001,25.040001,34.959999,,23.930000,3.114093,202.729996,106.931343,69.718987,16.874619,
2017-02-02,42.029999,200.085007,45.115002,21.740000,,110.639999,182.969406,120.677574,135.759216,4.124800,263.029999,27.160000,26.010000,24.889999,34.990002,,23.900000,3.108855,203.369995,107.148453,69.823334,16.852497,
2017-02-03,42.325001,201.710007,45.355000,21.950001,,110.639999,182.683975,121.324379,135.721542,4.155600,263.369995,27.250000,26.160000,25.070000,35.240002,,24.000000,3.117834,202.839996,107.190201,69.921173,16.977875,
2017-02-06,42.360001,202.589005,45.040001,22.010000,,111.930000,182.336090,121.827003,135.608505,4.161600,265.230011,27.270000,26.230000,25.040001,35.290001,,24.180000,3.132050,201.660004,107.440681,69.992905,16.985254,
2017-02-07,42.529999,203.399994,45.195000,21.990000,,112.910004,182.318222,121.947762,135.674438,4.179200,267.600006,27.410000,26.379999,25.110001,35.459999,,24.320000,3.172454,202.130005,107.390610,69.934204,17.073755,
2017-02-08,42.540001,203.160004,45.290001,22.090000,,113.440002,183.344055,121.827003,135.759216,4.174400,267.500000,27.450001,26.379999,25.020000,35.580002,,24.270000,3.196397,203.240005,107.582657,69.953781,17.169638,
2017-02-09,42.919998,205.339005,45.660000,22.309999,,113.190002,183.718719,121.328285,135.796890,4.217600,269.934998,27.670000,26.670000,25.219999,35.820000,,24.520000,3.185174,203.550003,107.549271,69.999420,17.248013,
2017-02-10,43.110001,206.238998,45.724998,22.459999,,113.459999,183.076431,121.429565,135.730957,4.232800,270.459991,27.790001,26.790001,25.299999,35.959999,,24.590000,3.188167,202.970001,107.457390,70.012482,17.337112,
2017-02-13,43.490002,208.065002,46.049999,22.650000,,112.839996,183.183502,121.039917,135.768631,4.274400,273.200012,28.020000,27.010000,25.580000,36.130001,,24.790001,3.182930,203.179993,107.482452,70.097267,17.411358,
2017-02-14,43.564999,208.750000,46.044998,22.660000,,113.389999,183.058624,121.028252,135.759216,4.278800,274.075012,28.000000,27.040001,25.650000,36.130001,,24.830000,3.165720,203.009995,107.507507,70.116821,17.351959,
2017-02-15,43.775002,209.910004,46.224998,22.860001,,113.599998,182.880203,120.845123,135.759216,4.298800,275.524994,28.070000,27.150000,25.780001,36.200001,,25.059999,3.157489,203.000000,107.549271,70.182053,17.322262,
2017-02-16,43.500000,208.371002,46.099998,22.680000,,113.760002,183.611649,121.086685,135.806305,4.272400,273.959991,27.980000,27.059999,25.620001,36.060001,,25.020000,3.161979,204.119995,107.666153,70.214661,17.337112,
2017-02-17,43.615002,209.100998,46.110001,22.600000,,114.029999,183.709763,122.220535,135.730957,4.284800,275.535004,28.040001,27.190001,25.620001,36.270000,,25.090000,3.187418,203.940002,107.874908,70.195091,17.337112,
2017-02-20,43.825001,210.425003,46.180000,22.790001,,114.019997,183.575974,121.647743,135.740402,4.303200,277.380005,28.170000,27.260000,25.750000,36.389999,,25.230000,3.180684,203.630005,107.925011,70.234230,17.478186,
2017-02-21,44.200001,212.365005,46.465000,23.010000,,114.720001,183.076431,121.624382,135.608505,4.339600,279.450012,28.400000,27.480000,25.980000,36.720001,,25.420000,3.208369,202.860001,107.966743,70.286407,17.619259,
2017-02-22,44.215000,212.679001,46.505001,23.100000,,114.400002,183.495697,121.643867,135.608505,4.346000,280.089996,28.430000,27.530001,26.010000,36.750000,,25.500000,3.200886,203.179993,108.041916,70.253784,17.648956,
2017-02-23,44.084999,211.735001,46.485001,23.100000,,115.290001,183.861420,121.277603,135.608505,4.332800,277.769989,28.330000,27.480000,25.959999,36.830002,,25.440001,3.199390,203.740005,108.217255,70.371170,17.648956,
2017-02-24,43.915001,211.608994,46.095001,22.830000,,116.209999,184.450150,122.376381,135.646164,4.313600,277.385010,28.280001,27.430000,25.770000,36.869999,,25.500000,3.238298,204.240005,108.451065,70.351624,17.693502,
2017-02-27,43.834999,211.514999,46.020000,22.709999,,116.320000,184.833725,122.504944,135.665009,4.304400,277.274994,28.250000,27.410000,25.690001,36.810001,,25.510000,3.224829,204.470001,108.426033,70.305962,17.775177,
2017-02-28,43.880001,211.615005,46.099998,22.590000,,115.809998,185.074570,122.758209,135.655594,4.302800,277.674988,28.230000,27.430000,25.730000,36.810001,,25.580000,3.224081,204.259995,108.300766,70.332077,17.700928,
2017-03-01,44.544998,215.164993,46.820000,22.879999,,115.260002,184.467987,122.703674,135.693283,4.367200,281.119995,28.559999,27.850000,26.190001,37.119999,,25.870001,3.173203,203.690002,107.941719,70.253784,17.730629,
2017-03-02,44.520000,215.164993,46.830002,22.719999,,115.040001,184.030884,122.812775,135.712128,4.361200,281.429993,28.600000,27.930000,26.170000,37.110001,,26.010000,3.184425,203.660004,107.991837,70.351624,17.663803,
2017-03-03,44.314999,214.039993,46.785000,22.650000,,113.440002,184.137955,123.011467,135.825150,4.335200,280.130005,28.440001,27.750000,26.090000,36.900002,,25.950001,3.170958,203.580002,107.499153,70.358124,17.463333,
2017-03-06,44.075001,212.535004,46.570000,22.629999,,113.430000,183.870346,123.210197,135.787460,4.316400,278.679993,28.290001,27.650000,25.920000,36.770000,,25.760000,3.158986,203.119995,107.741302,70.338570,17.411358,
2017-03-07,44.055000,212.625000,46.450001,22.740000,,113.169998,183.798965,123.595947,135.778046,4.318800,279.464996,28.340000,27.600000,25.850000,36.759998,,25.620001,3.153749,202.839996,107.958412,70.305962,17.351959,
2017-03-08,44.139999,213.309998,46.520000,22.690001,,112.029999,182.898026,123.541382,135.693283,4.325200,280.700012,28.400000,27.670000,25.889999,36.750000,,25.730000,3.137287,202.279999,107.724586,70.077698,17.255434,
2017-03-09,44.000000,212.419998,46.514999,22.360001,,111.309998,182.362854,123.385544,135.608505,4.304800,279.880005,28.299999,27.570000,25.770000,36.689999,,25.750000,3.121574,201.479996,107.490799,69.999420,17.144064,
2017-03-10,43.814999,211.139999,46.490002,22.340000,,110.019997,181.479752,123.276459,135.561401,4.281600,278.679993,28.160000,27.440001,25.660000,36.480000,,25.690001,3.085660,200.960007,107.165138,69.862465,16.795094,
2017-03-13,43.910000,211.175003,46.715000,22.670000,,110.629997,181.568970,122.516655,135.533142,4.305600,278.750000,28.309999,27.490000,25.740000,36.610001,,25.700001,3.083416,201.080002,107.231956,69.934204,16.876760,
2017-03-14,43.830002,210.919998,46.564999,22.660000,,110.779999,181.560013,123.288132,135.580246,4.296800,278.625000,28.240000,27.500000,25.639999,36.630001,,25.700001,3.102869,201.059998,107.348854,69.823334,16.832212,
2017-03-15,44.084999,212.231003,46.750000,22.790001,,110.389999,182.443085,122.941360,135.655594,4.323200,279.975006,28.410000,27.620001,25.780001,36.790001,,25.840000,3.123071,201.679993,107.532547,69.999420,16.943588,
2017-03-16,43.980000,210.774994,47.110001,23.120001,,111.949997,181.890045,122.111412,135.646164,4.324800,278.269989,28.400000,27.549999,25.760000,36.639999,,25.600000,3.092394,201.059998,107.348854,70.135315,17.077240,
2017-03-17,43.965000,210.639008,47.230000,23.070000,,111.800003,181.693832,122.204926,135.608505,4.323200,278.274994,28.450001,27.540001,25.719999,36.730000,,25.559999,3.110352,200.729996,107.482452,70.168556,17.144064,
2017-03-20,43.895000,210.179001,47.125000,23.340000,,112.250000,181.729507,122.680298,135.627319,4.324400,278.200012,28.410000,27.559999,25.660000,36.680000,,25.520000,3.120826,200.289993,107.474113,70.221733,17.106939,
2017-03-21,43.349998,206.951004,46.924999,23.020000,,112.500000,181.997116,121.745163,135.665009,4.263600,274.000000,28.110001,27.230000,25.309999,36.340000,,25.219999,3.123819,200.369995,107.357201,70.221733,16.988138,
2017-03-22,43.189999,206.389999,46.700001,23.049999,,113.239998,182.898026,122.134773,135.721542,4.247200,273.774994,28.090000,27.180000,25.209999,36.389999,,25.170000,3.146267,200.699997,107.557610,70.102104,16.958441,
2017-03-23,43.520000,207.820007,47.084999,23.120001,,112.800003,182.719650,121.394493,135.730957,4.277600,275.075012,28.270000,27.389999,25.410000,36.610001,,25.320000,3.143273,200.399994,107.490799,70.161919,17.158913,
2017-03-24,43.369999,206.718994,47.000000,23.110001,,112.980003,183.254837,121.904900,135.778046,4.263200,274.920013,28.200001,27.260000,25.350000,36.480000,,25.219999,3.150008,201.360001,107.549271,70.168556,17.062387,
2017-03-27,42.939999,204.199997,46.845001,22.850000,,112.669998,183.424316,121.324379,135.759216,4.223600,272.059998,27.889999,26.980000,25.110001,36.160000,,25.110001,3.139532,201.229996,107.499153,70.108765,16.899036,
2017-03-28,43.294998,205.770004,47.105000,23.010000,,113.129997,183.798965,121.830872,135.768631,4.258800,273.825012,28.059999,27.170000,25.360001,36.270000,,25.150000,3.147014,201.440002,107.590996,70.175201,16.906462,
2017-03-29,43.720001,208.570007,47.299999,23.230000,,113.860001,184.307434,122.789406,135.778046,4.302800,277.970001,28.379999,27.430000,25.590000,36.590000,,25.430000,3.172454,202.009995,107.799767,70.161919,17.084661,
2017-03-30,44.005001,209.949997,47.570000,23.280001,,113.860001,184.325287,122.006218,135.749786,4.324800,280.000000,28.590000,27.580000,25.730000,36.700001,,25.500000,3.171705,201.889999,107.774712,70.175201,17.181183,
2017-03-31,44.090000,210.570007,47.695000,23.120001,,113.970001,184.173599,121.659447,135.712128,4.330400,281.204987,28.629999,27.639999,25.709999,36.740002,,25.530001,3.170209,201.449997,107.808105,70.228363,17.344530,
2017-04-03,43.889999,209.615005,47.419998,23.290001,,114.959999,184.378784,122.804985,135.749786,4.318800,280.954987,28.540001,27.540001,25.570000,36.779999,,25.540001,3.224081,201.759995,108.117065,70.201790,17.426210,
2017-04-04,43.994999,210.220001,47.509998,23.370001,,115.139999,184.887238,122.937469,135.778046,4.328400,281.105011,28.610001,27.610001,25.570000,36.860001,,25.549999,3.208369,201.929993,108.133751,70.261604,17.485605,
2017-04-05,44.169998,211.490005,47.514999,23.420000,,114.459999,184.958603,122.645226,135.730957,4.346400,283.040009,28.809999,27.719999,25.629999,36.970001,,25.660000,3.203880,202.320007,108.250656,70.294830,17.522732,
2017-04-06,44.064999,210.695007,47.615002,23.299999,,114.860001,184.949692,122.462105,135.749786,4.332800,281.554993,28.730000,27.670000,25.530001,36.869999,,25.530001,3.197145,202.360001,108.192230,70.281548,17.567282,
2017-04-07,44.169998,211.074997,47.735001,23.350000,,116.559998,185.351089,123.584229,135.778046,4.343200,281.765015,28.850000,27.760000,25.600000,37.000000,,25.570000,3.234556,202.910004,108.359207,70.294830,17.671228,
2017-04-10,44.220001,211.470001,47.700001,23.219999,,115.639999,185.154831,123.069939,135.740402,4.341600,282.265015,28.860001,27.820000,25.620001,36.970001,,25.549999,3.233060,202.529999,108.492790,70.288177,17.700928,
2017-04-11,43.970001,209.570007,47.709999,23.070000,,117.099998,184.869400,123.066055,135.693283,4.322400,279.225006,28.760000,27.650000,25.520000,36.919998,,25.469999,3.252514,201.929993,108.451065,70.215080,17.760328,
2017-04-12,44.075001,210.115005,47.785000,23.180000,,117.449997,185.021042,123.089401,135.674438,4.324800,279.809998,28.760000,27.730000,25.459999,37.040001,,25.490000,3.263736,202.350006,108.534561,70.341339,17.908829,
2017-04-13,43.980000,209.970001,47.605000,23.340000,,118.129997,184.806931,123.245270,135.683853,4.323200,280.174988,28.750000,27.730000,25.389999,37.009998,,25.580000,3.269723,201.929993,108.526199,70.361267,17.886553,
2017-04-18,43.544998,208.039993,47.060001,23.010000,,117.879997,185.128052,121.503593,135.759216,4.279200,277.779999,28.459999,27.420000,25.110001,36.770000,,25.150000,3.280197,202.080002,108.584679,70.421089,17.886553,
2017-04-19,43.625000,208.716003,47.154999,22.930000,,116.820000,184.994278,120.790581,135.768631,4.286800,279.869995,28.510000,27.469999,25.160000,36.810001,,25.240000,3.262988,202.100006,108.292419,70.341339,17.834578,
2017-04-20,43.494999,207.470001,47.230000,22.930000,,116.339996,185.012115,120.350258,135.730957,4.274000,278.179993,28.370001,27.420000,25.150000,36.590000,,25.110001,3.236053,201.990005,108.275711,70.341339,17.738052,
2017-04-21,43.759998,209.110992,47.290001,23.120001,,117.330002,184.905106,121.051620,135.683853,4.304400,281.075012,28.639999,27.610001,25.299999,36.849998,,25.230000,3.272716,201.940002,108.192230,70.394508,17.775177,
2017-04-24,43.740002,207.589996,48.365002,23.059999,,114.739998,185.591919,120.568481,135.787460,4.298800,279.524994,28.510000,27.500000,25.350000,36.529999,,25.170000,3.195648,203.179993,108.058617,70.666962,17.403934,
2017-04-25,43.744999,207.748993,48.474998,23.129999,,113.349998,184.806931,119.797005,135.749786,4.296400,279.774994,28.469999,27.450001,25.350000,36.360001,,25.180000,3.154497,202.380005,107.883255,70.693535,17.396507,
2017-04-26,44.099998,209.744995,48.680000,23.250000,,113.610001,184.744522,119.648926,135.768631,4.332000,282.010010,28.680000,27.670000,25.590000,36.590000,,25.410000,3.163475,202.389999,108.117065,70.700195,17.463333,
2017-04-27,43.939999,208.929001,48.619999,23.129999,,113.830002,185.520554,119.309959,135.796890,4.318000,282.709991,28.600000,27.620001,25.469999,36.529999,,25.450001,3.171705,203.270004,108.551292,70.706833,17.374235,
2017-04-28,43.785000,208.076996,48.540001,23.080000,,113.750000,185.342133,118.904739,135.825150,4.304800,282.549988,28.559999,27.500000,25.400000,36.369999,,25.420000,3.155993,203.529999,108.542938,70.846382,17.181183,
2017-05-02,43.904999,208.399002,48.865002,23.360001,,112.489998,185.288651,119.142410,135.834564,4.316000,285.470001,28.650000,27.600000,25.420000,36.320000,,25.510000,3.141777,203.949997,108.509514,70.932770,17.285141,
2017-05-03,43.805000,207.789993,48.884998,23.230000,,111.779999,185.529465,119.391785,135.872284,4.306000,284.184998,28.540001,27.590000,25.350000,36.240002,,25.500000,3.168713,204.389999,108.526199,70.946075,17.106939,
2017-05-04,43.840000,207.806000,49.244999,22.990000,,109.779999,185.288651,118.803413,135.909943,4.304400,283.989990,28.500000,27.590000,25.420000,36.250000,,25.559999,3.123819,203.690002,108.442688,71.098907,16.943588,
2017-05-05,43.820000,207.070007,49.595001,22.920000,,109.279999,185.431351,118.351456,135.909943,4.296000,282.434998,28.500000,27.540001,25.459999,36.240002,,25.500000,3.122323,203.960007,108.325806,71.039101,16.973293,
2017-05-08,44.119999,208.744995,49.590000,23.170000,,109.910004,185.163788,118.444969,135.881668,4.325200,285.260010,28.690001,27.709999,25.600000,36.490002,,25.600000,3.129805,203.160004,108.442688,71.032471,17.040110,
2017-05-09,44.279999,209.802994,49.820000,23.490000,,109.370003,184.833725,118.164391,135.900513,4.345200,288.140015,28.860001,27.860001,25.650000,36.590000,,25.719999,3.129057,202.770004,108.409317,71.125496,17.084661,
2017-05-10,44.330002,209.983994,49.904999,23.600000,,109.800003,185.101303,118.308609,135.909943,4.350000,288.204987,29.010000,27.889999,25.660000,36.619999,,25.660000,3.144022,203.330002,108.509514,71.191948,17.188612,
2017-05-11,44.165001,209.128006,49.709999,23.590000,,110.070000,184.766205,118.709045,135.909943,4.336400,287.170013,28.950001,27.760000,25.570000,36.509998,,25.620001,3.129057,202.970001,108.501183,71.118828,17.100685,
2017-05-12,44.084999,208.468994,49.875000,23.639999,,109.910004,185.267563,119.440643,135.909943,4.328800,287.424988,28.910000,27.740000,25.469999,36.509998,,25.719999,3.141028,203.080002,108.601357,71.172005,17.048246,
2017-05-15,44.130001,208.419006,49.955002,23.700001,,109.750000,184.990036,118.976524,135.919342,4.331600,286.704987,28.920000,27.719999,25.490000,36.480000,,25.660000,3.118582,202.940002,108.467758,71.172005,17.018286,
2017-05-16,43.840000,206.317993,50.020000,23.520000,,109.269997,185.160141,119.259750,136.004150,4.298800,284.959991,28.799999,27.510000,25.360001,36.180000,,25.459999,3.110352,203.000000,108.409317,71.172005,16.786087,
2017-05-17,43.145000,202.830002,49.375000,23.160000,,110.260002,185.921173,119.582260,136.088898,4.232800,279.230011,28.420000,27.139999,24.980000,35.860001,,25.150000,3.120079,203.860001,108.551292,71.132149,16.673725,
2017-05-18,43.090000,202.667999,49.185001,22.740000,,110.139999,186.180817,119.283348,136.070053,4.215200,279.515015,28.400000,27.120001,24.860001,35.990002,,25.129999,3.138783,203.929993,108.367569,70.946075,16.711174,
2017-05-19,43.180000,202.768997,49.470001,22.990000,,109.459999,186.234467,118.779877,136.070053,4.226400,279.529999,28.459999,27.129999,24.940001,35.830002,,25.090000,3.117834,204.110001,108.375908,71.098907,16.688711,
2017-05-22,43.195000,202.809006,49.465000,22.950001,,109.620003,185.813690,119.157455,136.041824,4.234400,279.799988,28.490000,27.150000,24.900000,35.919998,,25.000000,3.107359,203.759995,108.350861,71.165375,16.756121,
2017-05-23,43.310001,203.360001,49.575001,22.969999,,109.580002,185.876419,118.795586,136.051239,4.235200,280.649994,28.540001,27.200001,24.900000,35.880001,,25.080000,3.101373,203.869995,108.417664,71.198593,16.756121,
2017-05-24,43.480000,204.720993,49.575001,23.110001,,109.559998,185.831635,119.271553,136.032394,4.254400,282.575012,28.700001,27.309999,25.059999,36.040001,,25.209999,3.104366,203.919998,108.359207,71.191948,16.883461,
2017-05-25,43.514999,205.156006,49.555000,23.200001,,109.489998,186.332993,119.420998,135.994705,4.262800,284.470001,28.780001,27.330000,25.020000,36.130001,,25.200001,3.103617,204.229996,108.517868,71.218536,16.898441,
2017-05-26,43.599998,205.940002,49.490002,23.330000,,110.809998,186.762741,121.202805,136.022980,4.267600,286.184998,28.900000,27.430000,25.000000,36.279999,,25.280001,3.122323,204.529999,108.734962,71.271706,16.860991,
2017-05-29,43.625000,206.005005,49.445000,23.299999,,110.820000,186.798538,121.202805,136.004150,4.270400,286.559998,28.920000,27.459999,25.040001,36.310001,,25.250000,3.129057,204.279999,108.860222,71.271706,16.838514,
2017-05-30,43.564999,205.557999,49.384998,23.200001,,110.370003,186.932877,120.553810,135.966446,4.261200,286.429993,28.920000,27.430000,25.000000,36.270000,,25.200001,3.132798,204.289993,108.885254,71.291634,16.808552,
2017-05-31,43.310001,204.039993,49.360001,22.940001,,110.230003,186.834381,120.349258,135.994705,4.239600,284.149994,28.790001,27.320000,24.809999,36.250000,,25.230000,3.127561,203.919998,108.868553,71.271706,16.718666,
2017-06-01,43.584999,205.462997,49.619999,23.129999,,110.180000,186.565796,120.380768,135.928772,4.268400,285.565002,29.000000,27.480000,24.990000,36.430000,,25.440001,3.135792,203.550003,108.868553,71.284966,16.801065,
2017-06-02,43.709999,205.811005,49.720001,23.170000,,110.800003,186.762741,121.108398,135.947632,4.280400,286.975006,29.090000,27.530001,25.090000,36.490002,,25.559999,3.158986,204.149994,108.943733,71.404617,16.965857,
2017-06-05,43.750000,206.421005,49.555000,23.209999,,111.180000,186.529938,120.510529,135.947632,4.823880,288.674988,32.776798,31.047800,28.228001,41.133202,,25.559999,3.158986,203.970001,108.901962,71.424522,16.913424,
2017-06-06,43.595001,205.796005,49.349998,23.170000,,112.269997,187.076141,121.297180,135.966446,4.270000,288.369995,29.080000,27.459999,24.969999,36.490002,,25.410000,3.163475,204.399994,109.052269,71.424522,16.913424,
2017-06-07,43.645000,206.029007,49.349998,23.139999,,112.190002,186.852264,120.427940,135.975891,4.272400,288.515015,29.139999,27.469999,25.010000,36.480000,,25.410000,3.155993,203.830002,108.977119,71.404617,17.003307,
2017-06-08,43.764999,206.809998,49.345001,23.370001,,111.059998,187.568542,120.093613,136.041824,4.286800,289.394989,29.320000,27.530001,25.129999,36.410000,,25.450001,3.144770,204.369995,108.993820,71.424522,16.943384,
2017-06-09,44.025002,208.365005,49.535000,23.469999,,110.709999,187.980377,122.032768,136.117157,4.315200,290.190002,29.500000,27.639999,25.230000,36.490002,,25.590000,3.146267,204.660004,108.927010,71.437836,17.085703,
2017-06-12,43.689999,206.598999,49.080002,23.160000,,110.449997,188.347443,122.846962,136.145432,4.279200,281.644989,28.980000,27.469999,25.190001,36.330002,,25.430000,3.151504,205.220001,109.027245,71.451111,17.115665,
2017-06-13,43.869999,207.259995,49.325001,23.230000,,110.160004,188.463852,122.166481,136.164276,4.296000,282.484985,29.150000,27.559999,25.250000,36.470001,,25.530001,3.141777,205.470001,108.943733,71.497627,17.190565,
2017-06-14,43.674999,206.121994,49.160000,23.240000,,110.639999,189.009979,122.540138,136.173676,4.279600,282.369995,29.040001,27.480000,25.059999,36.369999,,25.500000,3.176943,205.630005,109.194229,71.603966,17.205545,
2017-06-15,43.830002,207.804993,49.009998,23.110001,,109.849998,188.168365,122.335609,136.107758,4.288400,281.299988,29.129999,27.610001,25.100000,36.660000,,25.730000,3.207179,204.779999,108.876900,71.490990,17.355360,
2017-06-16,43.799999,206.940002,49.290001,23.070000,,109.570000,188.195221,122.221565,136.107758,4.281200,280.315002,29.120001,27.580000,24.969999,36.619999,,25.670000,3.200357,204.789993,109.018867,71.597321,17.287943,
2017-06-19,44.250000,209.300003,49.724998,23.400000,,109.260002,188.347443,122.485077,136.136017,4.328000,285.119995,29.520000,27.889999,25.230000,36.919998,,25.980000,3.210969,205.029999,109.018867,71.623917,17.325390,
2017-06-20,44.205002,209.679993,49.389999,23.240000,,109.230003,188.759323,123.680832,136.154846,4.320800,285.625000,29.500000,27.840000,25.190001,36.950001,,26.209999,3.236742,205.039993,109.135765,71.643837,17.198057,
2017-06-21,43.990002,208.617004,49.294998,23.260000,,109.190002,188.839890,123.315033,136.183136,4.304400,285.744995,29.420000,27.719999,25.129999,36.790001,,26.250000,3.237499,204.919998,109.060631,71.574074,17.198057,
2017-06-22,44.049999,208.725006,49.310001,23.370001,,109.570000,188.920471,123.236374,136.173676,4.310000,286.730011,29.389999,27.670000,25.170000,36.840000,,26.719999,3.237499,205.169998,109.110733,71.544151,17.115665,
2017-06-23,43.880001,207.802002,49.180000,23.320000,,109.629997,188.893631,122.721085,136.145432,4.297600,285.679993,29.230000,27.590000,25.080000,36.660000,,26.459999,3.232951,205.350006,109.135765,71.524216,17.183077,
2017-06-26,43.924999,207.783997,49.369999,23.480000,,108.540001,188.920471,122.964951,136.126587,4.304800,284.785004,29.180000,27.620001,25.139999,36.680000,,26.450001,3.251144,205.589996,109.135765,71.611595,17.242998,
2017-06-27,43.555000,205.964005,49.009998,23.200001,,107.839996,187.282043,121.902962,136.032394,4.270000,281.244995,28.990000,27.350000,25.030001,36.259998,,26.230000,3.188228,204.350006,108.709930,71.550797,17.048246,
2017-06-28,43.384998,204.839005,48.965000,23.040001,,107.580002,187.514847,120.376816,136.060654,4.257600,277.825012,28.850000,27.250000,25.010000,36.040001,,25.990000,3.160182,204.559998,108.626411,71.477699,16.913424,
2017-06-29,42.915001,202.417007,48.334999,22.719999,,105.989998,186.019653,119.330521,135.957031,4.206400,273.339996,28.490000,26.879999,24.799999,35.540001,,25.600000,3.110152,203.570007,108.384262,71.391312,16.718666,
2017-06-30,42.880001,202.735992,48.110001,22.879999,,106.419998,185.876419,119.212502,135.975891,4.212000,274.024994,28.530001,26.910000,24.750000,35.540001,,25.549999,3.110152,203.419998,108.284065,71.338150,16.651255,
2017-07-03,43.320000,204.824005,48.695000,23.059999,,105.070000,185.921173,119.031586,135.994705,4.239600,273.704987,28.740000,27.139999,25.030001,35.790001,,25.740000,3.113185,203.429993,108.342522,71.371376,16.763611,
2017-07-04,43.180000,204.395004,48.529999,22.969999,,105.290001,186.019653,119.224327,136.013550,4.248800,271.545013,28.660000,27.080000,25.030001,35.639999,,25.650000,3.107878,203.720001,108.426033,71.424522,16.793577,
2017-07-05,43.244999,204.589005,48.599998,22.969999,,105.379997,185.921173,119.338425,135.947632,4.235600,274.714996,28.760000,27.070000,25.020000,35.669998,,25.780001,3.107878,203.619995,108.517868,71.484360,16.711174,
2017-07-06,42.880001,202.669006,48.290001,22.719999,,104.860001,184.327499,118.500587,135.862823,4.202800,272.299988,28.580000,26.860001,24.850000,35.290001,,25.330000,3.093476,202.130005,108.150467,71.304916,16.426542,
2017-07-07,42.889999,203.044006,48.264999,22.730000,,103.809998,183.987274,119.271553,135.844009,4.202800,274.475006,28.730000,26.910000,24.799999,35.349998,,25.320000,3.058608,202.070007,108.225609,71.085625,16.501446,
2017-07-10,43.020000,203.544998,48.459999,22.930000,,104.129997,184.560257,119.503593,135.900513,4.804130,275.760010,28.850000,26.969999,24.830000,35.400002,,25.370001,3.066188,202.899994,108.359207,71.218536,16.426542,
2017-07-11,42.779999,202.143005,48.134998,22.940001,,103.820000,184.273788,119.845818,135.853409,4.194400,275.184998,28.730000,26.760000,24.750000,35.090000,,25.160000,3.066188,202.520004,108.300766,71.211891,16.194334,
2017-07-12,43.299999,204.328995,48.919998,23.420000,,104.910004,184.972122,119.936287,135.975891,4.248800,279.309998,29.090000,27.070000,25.030001,35.459999,,25.540001,3.079832,203.470001,108.417664,71.378006,16.434034,
2017-07-13,43.459999,205.207993,49.055000,23.590000,,104.440002,184.363312,119.188927,135.844009,4.266800,281.154999,29.209999,27.219999,25.120001,35.509998,,25.549999,3.069978,202.940002,108.495827,71.550797,16.449015,
2017-07-14,43.360001,204.371002,49.084999,23.709999,,104.720001,184.721436,118.166237,135.909943,4.260400,280.625000,29.080000,27.170000,25.070000,35.450001,,25.530001,3.060124,202.919998,108.546303,71.610611,16.576351,
2017-07-17,43.430000,204.975998,49.055000,23.639999,,104.720001,185.222794,118.425835,135.938171,4.266400,281.760010,29.129999,27.200001,25.100000,35.480000,,25.540001,3.059365,203.250000,108.697754,71.570740,16.636276,
2017-07-18,42.980000,202.537994,48.525002,23.459999,,104.720001,185.634674,119.165321,136.004150,4.224800,279.964996,28.820000,26.940001,24.830000,35.189999,,25.209999,3.057849,203.729996,108.840782,71.617226,16.531412,
2017-07-19,43.384998,203.919006,48.860001,23.809999,,104.720001,185.813690,119.141731,136.004150,4.266400,283.679993,29.120001,27.160000,25.000000,35.500000,,25.520000,3.077558,203.990005,108.866035,71.660454,16.718666,
2017-07-20,43.064999,202.720993,48.709999,23.580000,,104.720001,186.350922,119.692406,136.051239,4.232400,280.829987,28.830000,26.969999,24.809999,35.240002,,25.360001,3.063914,204.199997,108.992226,71.730225,16.553879,
2017-07-21,42.889999,202.395004,48.195000,23.490000,,104.720001,186.789597,120.046394,136.060654,4.217600,280.165009,28.730000,26.900000,24.700001,35.240002,,25.350000,3.066188,204.399994,109.126877,71.843201,16.471487,
2017-07-24,42.855000,202.488007,48.064999,23.559999,,105.400002,186.852264,119.381691,136.088898,4.216000,281.029999,28.770000,26.840000,24.709999,35.209999,,25.280001,3.060882,204.529999,109.143684,71.750145,16.501446,
2017-07-25,43.060001,203.289001,48.305000,23.570000,,104.879997,185.983841,118.642189,136.060654,4.233200,281.375000,28.910000,26.889999,24.830000,35.200001,,25.219999,3.015401,203.960007,108.891281,71.803337,16.478975,
2017-07-26,43.130001,203.550003,48.535000,23.610001,,104.809998,185.992783,118.394386,136.060654,4.242000,282.325012,28.980000,26.959999,24.850000,35.259998,,25.180000,3.008578,204.139999,108.967010,71.776741,16.576351,
2017-07-27,43.090000,203.292007,48.455002,23.709999,,105.370003,186.440445,118.449455,136.126587,4.240400,284.204987,28.980000,26.840000,24.850000,35.250000,,24.950001,2.998724,204.500000,109.076370,71.936226,16.606314,
2017-07-28,42.584999,200.548996,47.955002,23.330000,,105.510002,186.225601,118.209541,136.107758,4.186400,277.290009,28.510000,26.459999,24.629999,34.990002,,24.709999,2.991901,204.740005,109.143684,71.982742,16.478975,
2017-07-31,42.540001,200.347000,47.919998,23.299999,,105.070000,186.440445,117.702087,136.117157,4.180800,276.204987,28.480000,26.469999,24.670000,35.029999,,24.780001,2.980531,205.210007,109.084778,71.976097,16.329168,
2017-08-01,42.634998,200.240005,48.240002,23.379999,,105.309998,187.219360,117.725739,136.173676,4.193600,276.015015,28.540001,26.540001,24.770000,35.099998,,24.680000,3.002514,206.190002,109.412949,71.982742,16.426542,
2017-08-02,42.365002,198.975006,48.055000,23.240000,,104.720001,187.228317,117.603790,136.173676,4.169200,273.734985,28.379999,26.440001,24.690001,34.910000,,24.440001,3.001756,206.250000,109.505478,72.148888,16.366617,
2017-08-03,42.349998,198.828995,48.095001,23.110001,,104.330002,187.479004,118.484886,136.164276,4.164000,274.309998,28.379999,26.440001,24.629999,34.889999,,24.400000,3.006304,206.509995,109.589622,72.208694,16.321672,
2017-08-04,42.849998,201.403000,48.575001,23.450001,,104.480003,187.129807,119.145676,136.145432,4.210400,277.940002,28.889999,26.719999,24.879999,35.180000,,24.650000,3.006304,206.029999,109.505478,72.308380,16.486465,
2017-08-07,42.720001,200.787003,48.525002,23.530001,,104.279999,187.434204,119.456406,136.154846,4.204000,277.945007,28.790001,26.629999,24.799999,35.090000,,24.530001,3.016916,206.389999,109.572807,72.275162,16.426542,
2017-08-08,42.965000,202.472000,48.615002,23.790001,,104.290001,187.255157,119.802536,136.136017,4.231200,280.334991,29.010000,26.760000,24.940001,35.209999,,24.620001,3.016916,206.149994,109.488670,72.175468,16.471487,
2017-08-09,42.654999,200.873001,48.299999,23.410000,,106.010002,187.684921,120.022827,136.154846,4.196400,277.709991,28.840000,26.590000,24.750000,35.119999,,24.520000,3.051785,206.419998,109.581223,72.035904,16.478975,
2017-08-10,42.360001,199.720001,47.845001,23.059999,,106.860001,187.640137,120.164429,136.145432,4.167600,275.244995,28.530001,26.430000,24.559999,35.029999,,24.370001,3.042689,206.419998,109.589622,71.896355,16.336893,
2017-08-11,41.959999,197.953003,47.330002,22.820000,,106.610001,187.935623,120.604942,136.145432,4.125600,272.774994,28.150000,26.219999,24.270000,34.869999,,24.240000,3.047995,206.270004,109.589622,71.936226,16.125414,
2017-08-14,42.424999,200.242004,47.799999,23.180000,,106.459999,187.917709,120.337479,136.201965,4.170000,277.269989,28.639999,26.450001,24.510000,35.119999,,24.360001,3.046479,206.240005,109.581223,72.055840,16.382210,
2017-08-15,42.560001,201.154007,47.875000,23.209999,,105.930000,187.505844,121.014023,136.164276,4.184000,279.084991,28.790001,26.549999,24.590000,35.290001,,24.540001,3.046479,205.440002,109.480217,72.082436,16.329342,
2017-08-16,42.785000,202.052994,48.180000,23.480000,,106.320000,187.398422,121.037636,136.164276,4.205200,280.464996,28.940001,26.680000,24.700001,35.560001,,24.629999,3.050270,205.679993,109.513901,72.115646,16.495501,
2017-08-17,42.435001,199.919006,47.930000,23.360001,,106.870003,187.693893,121.183151,136.173676,4.174400,276.269989,28.660000,26.469999,24.559999,35.310001,,24.500000,3.054817,206.110001,109.581223,72.122299,16.450186,
2017-08-18,42.154999,198.296005,47.584999,23.410000,,107.360001,187.756546,121.843941,136.183136,4.142800,274.424988,28.430000,26.250000,24.370001,35.130001,,24.280001,3.072252,206.259995,109.547546,72.062492,16.268917,
2017-08-21,41.834999,196.494995,47.360001,23.320000,,106.599998,187.863983,121.293289,136.164276,4.114000,270.940002,28.129999,26.059999,24.180000,34.950001,,24.110001,3.051027,206.369995,109.581223,72.089081,16.268917,
2017-08-22,42.270000,198.882996,47.775002,23.639999,,106.879997,187.595413,121.765289,136.107758,4.164000,275.739990,28.559999,26.360001,24.410000,35.240002,,24.459999,3.066188,205.830002,109.555977,72.022598,16.359552,
2017-08-23,42.134998,198.332993,47.505001,23.600000,,106.510002,187.693893,122.422165,136.088898,4.146400,274.695007,28.469999,26.209999,24.340000,35.080002,,24.320000,3.060124,205.880005,109.606453,72.055840,16.336893,
2017-08-24,42.040001,197.507996,47.599998,23.650000,,106.570000,187.649124,122.288429,136.088898,4.137600,272.290009,28.360001,26.180000,24.309999,35.020000,,24.280001,3.063156,206.009995,109.656921,72.069138,16.397316,
2017-08-25,41.939999,196.807007,47.525002,23.680000,,106.190002,187.613312,121.745621,136.088898,4.129600,271.084991,28.290001,26.110001,24.260000,34.900002,,24.270000,3.063156,206.050003,109.623260,72.082436,16.268917,
2017-08-28,41.645000,195.395004,47.259998,23.490000,,106.680000,187.774414,121.745621,136.079498,4.099200,270.445007,28.080000,25.920000,24.070000,34.619999,,24.139999,3.022980,206.220001,109.757889,72.082436,16.095201,
2017-08-29,41.314999,193.983002,46.830002,23.260000,,106.879997,188.132629,121.694496,136.107758,4.068000,268.934998,27.889999,25.730000,23.860001,34.439999,,24.010000,3.021465,206.479996,109.799973,71.936226,15.981905,
2017-08-30,41.820000,196.917007,47.145000,23.530001,,107.239998,187.917709,121.666969,136.098328,4.068000,274.119995,28.299999,26.020000,24.139999,34.759998,,24.280001,3.050270,206.399994,109.741058,72.069138,16.140518,
2017-08-31,42.185001,198.664993,47.494999,23.670000,,108.370003,188.231064,122.170425,136.154846,4.153600,277.964996,28.559999,26.260000,24.379999,35.000000,,24.629999,3.065430,206.789993,109.707405,72.182121,16.359552,
2017-09-01,42.404999,199.600006,47.799999,23.870001,,108.800003,187.890839,121.151703,136.164276,4.174400,279.109985,28.740000,26.370001,24.500000,35.080002,,24.760000,3.052543,206.270004,109.598022,72.288429,16.412416,
2017-09-04,42.099998,198.281998,47.525002,23.610001,,109.449997,188.168365,121.383713,136.164276,4.174400,277.399994,28.510000,26.190001,24.340000,34.849998,,24.639999,3.044205,206.350006,109.682182,72.188751,16.382210,
2017-09-05,42.055000,197.886002,47.494999,23.590000,,109.550003,188.705597,121.261826,136.211365,4.142800,276.225006,28.420000,26.170000,24.299999,34.849998,,24.629999,3.073010,207.070007,109.766319,72.245232,16.321787,
2017-09-06,42.009998,197.302994,47.474998,23.570000,,109.550003,188.374298,120.852745,136.136017,4.138000,274.540009,28.299999,26.120001,24.299999,34.830002,,24.639999,3.075284,206.860001,109.631706,72.248566,16.329342,
2017-09-07,41.869999,196.102997,47.610001,23.610001,,109.449997,189.386017,120.896027,136.267899,4.124000,274.739990,28.170000,26.049999,24.240000,34.680000,,24.719999,3.071494,207.399994,109.867271,72.281792,16.284019,
2017-09-08,41.895000,196.207001,47.695000,23.490000,,109.239998,188.893631,119.837952,136.211365,4.126000,273.209991,28.219999,26.110001,24.250000,34.770000,,24.860001,3.048753,206.979996,109.732658,72.334946,16.359552,
2017-09-11,42.375000,198.582001,48.209999,23.889999,,108.739998,188.714554,119.629517,136.173676,4.174800,276.075012,28.530001,26.410000,24.540001,35.090000,,25.110001,3.041173,206.889999,109.757889,72.278473,16.495501,
2017-09-12,42.575001,199.544006,48.445000,23.900000,,108.309998,187.935623,118.221313,136.107758,4.192800,276.980011,28.709999,26.500000,24.680000,35.090000,,25.160000,3.022222,206.080002,109.446587,72.301727,16.450186,
2017-09-13,42.759998,200.923996,48.474998,23.930000,,108.540001,187.926682,118.634315,136.107758,4.210000,278.739990,28.879999,26.580000,24.780001,35.180000,,25.260000,3.036625,206.220001,109.463417,72.328316,16.450186,
2017-09-14,42.840000,201.279999,48.509998,24.000000,,108.889999,187.720749,116.946907,136.088898,4.218800,279.149994,28.950001,26.650000,24.840000,35.169998,,25.280001,3.038141,205.770004,109.513901,72.339508,16.472841,
2017-09-15,42.575001,200.057007,48.340000,23.940001,,107.940002,187.487946,115.212318,136.098328,4.196400,277.579987,28.809999,26.549999,24.690001,34.970001,,25.090000,3.020706,205.759995,109.387688,72.339508,16.412416,
2017-09-18,42.730000,200.936996,48.494999,24.120001,,106.820000,187.434204,115.676468,136.117157,4.196400,278.309998,29.010000,26.680000,24.799999,35.040001,,25.129999,3.013126,205.630005,109.387688,72.380119,16.457741,
2017-09-19,42.735001,200.615997,48.555000,24.030001,,106.709999,187.595413,115.495514,136.154846,4.210800,277.015015,28.969999,26.660000,24.799999,34.950001,,24.969999,2.998724,205.800003,109.438187,72.414001,16.306683,
2017-09-20,42.660000,200.296997,48.505001,24.040001,,106.790001,187.631195,115.263428,136.145432,4.207200,275.345001,28.870001,26.610001,24.809999,34.889999,,24.920000,2.994176,205.800003,109.513901,72.414001,16.276466,
2017-09-21,42.785000,201.020004,48.650002,24.090000,,105.739998,187.326797,115.051018,136.126587,4.217200,275.785004,28.980000,26.660000,24.879999,34.849998,,24.990000,2.994176,205.369995,109.429756,72.447868,16.291565,
2017-09-22,42.680000,200.029999,48.660000,23.850000,,105.669998,187.335754,115.287025,136.145432,4.205200,274.040009,28.860001,26.610001,24.870001,34.740002,,24.830000,2.994176,205.610001,109.463417,72.420761,16.155619,
2017-09-25,42.970001,201.567001,48.794998,23.670000,,107.370003,187.675980,115.884895,136.136017,4.226800,273.964996,28.900000,26.799999,25.080000,35.119999,,25.150000,3.055575,205.899994,109.673759,72.400459,16.306683,
2017-09-26,43.230000,203.322998,48.805000,23.790001,,107.930000,187.640137,116.333321,136.126587,4.254800,276.325012,29.059999,26.990000,25.260000,35.389999,,25.219999,3.055575,205.979996,109.640106,72.441078,16.419977,
2017-09-27,43.349998,203.820999,49.009998,23.639999,,106.940002,187.049240,116.057968,136.107758,4.264000,278.475006,29.320000,27.040001,25.340000,35.330002,,25.150000,3.036625,205.550003,109.438187,72.420761,16.291565,
2017-09-28,43.355000,203.848007,49.090000,23.549999,,106.440002,187.058212,115.408951,136.126587,4.263200,278.345001,29.350000,27.020000,25.320000,35.290001,,25.190001,3.004788,205.850006,109.387688,72.407219,16.284019,
2017-09-29,43.419998,203.931000,49.314999,23.750000,,106.120003,187.264160,115.849495,136.154846,4.263200,279.605011,29.450001,27.010000,25.330000,35.259998,,25.129999,3.010852,205.949997,109.438187,72.393661,16.344448,
2017-10-02,43.805000,206.151993,49.584999,24.020000,,105.940002,187.049240,116.876129,136.098328,4.311200,282.404999,29.700001,27.270000,25.580000,35.650002,,25.590000,3.033593,205.839996,109.539154,72.495270,16.450186,
2017-10-03,43.834999,206.207993,49.700001,24.250000,,105.709999,186.762741,117.116058,136.098328,4.311200,282.029999,29.700001,27.270000,25.580000,35.650002,,25.590000,3.033593,205.589996,109.488670,72.508812,16.427525,
2017-10-04,43.900002,206.764999,49.615002,24.320000,,105.779999,186.547852,116.864326,136.060654,4.326000,282.404999,29.790001,27.350000,25.700001,35.650002,,25.680000,3.015401,205.570007,109.547546,72.576561,16.442631,
2017-10-05,44.145000,208.395996,49.724998,24.610001,,106.209999,186.932877,118.115120,136.060654,4.350800,285.160004,29.980000,27.480000,25.790001,35.849998,,25.700001,3.015401,206.070007,109.480217,72.596870,16.601244,
2017-10-06,44.044998,208.173996,49.520000,24.389999,,106.099998,186.914948,118.803459,136.060654,4.339200,285.825012,29.950001,27.420000,25.760000,35.779999,,25.730000,3.018433,205.929993,109.455009,72.610413,16.487949,
2017-10-09,44.080002,208.151993,49.599998,24.350000,,106.559998,187.210419,118.036438,136.070053,4.340400,286.304993,30.020000,27.459999,25.719999,35.770000,,25.570000,3.015401,206.320007,109.547546,72.576561,16.518162,
2017-10-10,43.910000,206.957993,49.615002,24.490000,,106.800003,187.192474,117.536926,136.022980,4.326400,284.100006,29.850000,27.400000,25.650000,35.669998,,25.410000,3.016916,206.160004,109.623260,72.610413,16.480394,
2017-10-11,43.840000,206.501999,49.634998,24.480000,,106.169998,187.255157,117.635246,136.060654,4.326400,283.584991,29.830000,27.330000,25.639999,35.660000,,25.430000,3.004030,206.190002,109.555977,72.610413,16.472841,
2017-10-12,43.900002,206.832001,49.660000,24.580000,,106.589996,187.586441,117.910583,136.070053,4.326400,284.640015,29.920000,27.440001,25.610001,35.740002,,25.400000,3.002514,206.360001,109.690598,72.657829,16.525713,
2017-10-13,44.029999,206.955002,49.814999,24.780001,,107.239998,188.329544,117.194733,136.088898,4.340800,285.024994,29.959999,27.540001,25.709999,35.810001,,25.389999,3.032077,207.179993,109.900940,72.732338,16.616348,
2017-10-16,44.130001,207.537003,49.834999,24.840000,,107.790001,188.633957,117.332397,136.117157,4.352800,286.464996,30.080000,27.580000,25.830000,35.840000,,25.490000,3.041173,207.740005,110.086021,72.813614,16.608793,
2017-10-17,44.244999,208.485001,49.709999,24.780001,,106.639999,188.920471,118.075798,136.173676,4.358800,287.934998,30.230000,27.670000,25.860001,35.950001,,25.629999,3.062397,207.979996,110.187012,72.813614,16.691879,
2017-10-18,44.294998,208.695007,49.855000,24.820000,,106.199997,188.356415,117.713913,136.145432,4.362800,287.820007,30.270000,27.719999,25.900000,35.980000,,25.719999,3.036625,207.259995,110.060791,72.861031,16.691879,
2017-10-19,43.965000,206.972000,49.525002,24.450001,,106.239998,188.383270,117.859467,136.164276,4.327200,284.445007,29.990000,27.480000,25.709999,35.770000,,25.629999,3.034350,207.169998,110.094460,72.847504,16.503056,
2017-10-20,44.314999,209.231003,49.674999,24.700001,,106.160004,187.774414,117.293068,136.154846,4.362800,287.190002,30.410000,27.670000,25.950001,36.060001,,25.730000,3.034350,206.570007,109.858887,72.847504,16.540817,
2017-10-23,44.505001,210.242996,49.730000,24.620001,,105.900002,188.159485,117.489716,136.183136,4.376800,287.350006,30.549999,27.799999,26.120001,36.209999,,25.889999,3.034350,207.229996,110.010292,72.908447,16.480394,
2017-10-24,44.365002,209.492004,49.575001,24.650000,,105.860001,187.613312,117.737526,136.145432,4.376800,286.329987,30.530001,27.680000,26.129999,36.029999,,25.580000,2.997966,206.619995,109.833611,72.915230,16.374655,
2017-10-25,43.970001,207.464005,49.264999,24.379999,,105.519997,187.631195,116.215294,136.164276,4.322400,283.035004,30.299999,27.469999,25.900000,35.720001,,25.309999,2.971435,206.660004,109.808365,72.867813,16.223595,
2017-10-26,44.514999,210.188004,49.814999,24.700001,,106.169998,188.571259,117.021652,136.258469,4.322400,286.295013,30.719999,27.889999,26.230000,36.160000,,25.420000,2.997966,207.330002,110.010292,72.888130,16.344448,
2017-10-27,45.090000,213.572998,50.080002,25.000000,,107.180000,188.965210,117.709991,136.239639,4.434400,295.910004,31.320000,28.200001,26.459999,36.610001,,25.570000,2.997966,208.009995,110.464661,73.043907,16.555925,
2017-10-30,44.880001,212.037003,50.154999,24.850000,,107.220001,189.645706,117.308746,136.296143,4.410800,295.989990,31.230000,28.040001,26.340000,36.349998,,25.340000,3.046479,208.729996,110.599289,73.111649,16.450186,
2017-10-31,44.965000,212.179993,50.340000,24.990000,,106.410004,189.869492,116.742401,136.286728,4.410800,296.850006,31.230000,28.040001,26.340000,36.349998,,25.340000,3.046479,209.020004,110.708672,73.125198,16.442631,
2017-11-01,45.154999,213.014008,50.509998,25.270000,,107.290001,189.869492,117.057060,136.315002,4.446000,297.970001,31.379999,28.150000,26.620001,36.439999,,25.440001,3.080590,208.910004,110.759140,73.294525,16.533266,
2017-11-02,44.965000,212.190002,50.294998,25.129999,,106.830002,189.860565,118.819183,136.333847,4.424800,295.625000,31.240000,28.030001,26.540001,36.320000,,25.240000,3.075284,209.039993,110.801201,73.253891,16.593689,
2017-11-03,45.220001,213.679993,50.430000,25.170000,,106.610001,190.012726,118.748383,136.333847,4.449200,299.040009,31.459999,28.240000,26.590000,36.500000,,25.420000,3.096508,209.130005,110.860107,73.314850,16.684322,
2017-11-06,45.325001,214.419998,50.480000,25.330000,,107.959999,190.227631,118.480911,136.352676,4.458000,301.125000,31.600000,28.299999,26.600000,36.529999,,25.490000,3.111669,209.470001,110.969482,73.321625,16.744745,
2017-11-07,45.410000,214.910004,50.255001,25.340000,,107.529999,190.827484,118.547806,136.418625,4.466400,302.075012,31.660000,28.280001,26.700001,36.660000,,25.480000,3.132135,210.460007,110.927422,73.274200,16.820276,
2017-11-08,45.375000,214.264999,50.244999,25.389999,,108.349998,190.505173,118.834915,136.399765,4.458000,302.339996,31.500000,28.270000,26.700001,36.680000,,25.430000,3.132135,210.399994,110.818047,73.037148,16.895805,
2017-11-09,44.985001,212.863998,49.715000,25.180000,,107.709999,189.609848,118.307869,136.324402,4.418800,299.519989,31.170000,28.080000,26.450001,36.430000,,25.240000,3.092718,209.699997,110.414185,72.847504,16.865599,
2017-11-10,44.865002,212.309006,49.525002,25.030001,,106.919998,189.198013,117.151443,136.324402,4.404800,298.994995,31.150000,28.040001,26.370001,36.340000,,25.040001,3.054817,209.320007,110.372093,72.664612,16.850491,
2017-11-13,44.830002,212.634995,49.220001,25.000000,,107.059998,189.332306,117.961716,136.324402,4.401200,300.070007,31.129999,28.049999,26.260000,36.400002,,25.080000,3.060124,209.339996,110.262733,72.596870,16.842936,
2017-11-14,44.325001,210.121002,48.895000,24.600000,,106.110001,189.547195,117.922386,136.333847,4.351200,296.179993,30.850000,27.799999,25.969999,36.119999,,24.809999,3.060124,209.589996,110.262733,72.420761,16.684322,
2017-11-15,44.095001,209.272003,48.674999,24.459999,,105.769997,189.815765,117.768997,136.362076,4.329600,294.720001,30.730000,27.660000,25.790001,35.930000,,24.740000,3.053302,209.399994,110.262733,72.380119,16.631456,
2017-11-16,44.445000,210.742996,49.044998,24.900000,,106.110001,189.726578,117.527550,136.343262,4.369200,298.140015,30.980000,27.830000,26.080000,36.189999,,24.990000,3.053302,209.309998,110.414185,72.745872,16.708170,
2017-11-17,44.325001,210.319000,48.880001,25.010000,,106.620003,189.834473,117.408394,136.380905,4.369200,297.644989,30.850000,27.770000,26.000000,36.070000,,24.910000,3.066188,209.639999,110.380524,72.603638,16.647358,
2017-11-20,44.584999,211.238998,49.174999,25.190001,,106.589996,190.041214,116.915756,136.380905,4.388400,297.855011,31.059999,28.020000,26.200001,36.310001,,25.000000,3.066188,209.970001,110.431000,72.671387,16.700569,
2017-11-21,44.875000,212.656998,49.404999,25.620001,,106.599998,190.427734,117.054825,136.456284,4.422800,301.019989,31.309999,28.209999,26.379999,36.450001,,25.190001,3.088170,210.270004,110.473053,72.698479,16.799391,
2017-11-22,44.689999,211.535995,49.294998,25.440001,,106.889999,190.463669,116.796585,136.465698,4.422800,299.750000,31.129999,28.080000,26.290001,36.240002,,25.129999,3.082864,210.360001,110.456238,72.718803,16.738577,
2017-11-23,44.555000,210.656006,49.305000,25.290001,,106.379997,190.436691,116.923714,136.437454,4.390800,298.505005,31.049999,27.959999,26.230000,36.090000,,25.010000,3.075284,210.479996,110.481476,72.806847,16.685364,
2017-11-24,44.384998,209.451004,49.240002,25.129999,,105.279999,189.969345,116.339729,136.380905,4.372400,297.459991,30.900000,27.820000,26.120001,35.910000,,24.870001,3.041931,210.000000,110.498314,72.888130,16.609352,
2017-11-27,44.305000,209.567993,49.014999,24.910000,,106.160004,190.328812,116.478790,136.352676,4.362000,297.505005,30.870001,27.830000,26.040001,36.000000,,24.910000,3.041931,210.539993,110.632927,72.901672,16.594145,
2017-11-28,44.615002,211.132004,49.340000,25.110001,,106.419998,190.418732,117.607018,136.399765,4.392400,299.269989,31.080000,28.030001,26.219999,36.279999,,25.070000,3.057849,210.500000,110.624512,72.867813,16.548538,
2017-11-29,44.825001,212.811005,49.455002,24.850000,,105.639999,189.951309,115.235344,136.371521,4.404800,295.130005,31.110001,28.190001,26.510000,36.490002,,25.270000,3.027529,210.160004,110.422607,72.854256,16.540936,
2017-11-30,44.810001,213.268997,49.230000,24.590000,,104.709999,190.400757,114.544075,136.428009,4.395200,295.739990,31.100000,28.170000,26.440001,36.430000,,25.170000,3.009336,210.770004,110.498314,72.793304,16.594145,
2017-12-01,44.424999,211.097000,48.910000,24.299999,,105.360001,191.290604,115.132034,136.446869,4.349200,291.989990,30.680000,27.930000,26.129999,36.209999,,25.049999,3.056334,212.000000,110.834854,72.732338,16.540936,
2017-12-04,45.105000,215.309998,49.395000,24.570000,,104.910004,190.984970,114.953270,136.484543,4.422400,294.510010,31.004999,28.370001,26.504999,36.680000,,25.305000,3.053680,211.559998,110.666588,72.718803,16.662563,
2017-12-05,45.095001,215.210999,49.320000,24.670000,,104.309998,191.119827,115.064514,136.503387,4.423000,296.815002,31.070000,28.400000,26.495001,36.689999,,25.139999,3.079453,211.690002,110.767548,72.762810,16.639755,
2017-12-06,44.970001,214.541000,49.244999,24.170000,,104.599998,191.272629,116.113304,136.531647,4.403000,295.309998,30.990000,28.370001,26.395000,36.689999,,25.065001,3.114322,212.050003,110.893768,72.664612,16.609352,
2017-12-07,45.055000,215.044006,49.264999,24.309999,,103.680000,191.470367,115.819305,136.541061,4.409600,297.260010,31.160000,28.360001,26.455000,36.674999,,25.035000,3.108637,212.220001,110.919022,72.664612,16.624556,
2017-12-08,45.314999,216.307007,49.650002,24.570000,,103.620003,191.488327,115.831238,136.559891,4.440400,299.154999,31.379999,28.520000,26.635000,36.799999,,25.295000,3.086275,212.320007,110.868530,72.637520,16.746180,
2017-12-11,45.320000,216.367996,49.610001,24.650000,,103.040001,191.542267,116.121246,136.541061,4.443600,299.230011,31.309999,28.520000,26.740000,36.735001,,25.360001,3.083622,212.110001,110.868530,72.623978,16.670164,
2017-12-12,45.790001,218.970001,49.965000,24.620001,,103.019997,190.984970,116.053703,136.437454,4.484400,302.855011,31.620001,28.815001,27.000000,37.060001,,25.655001,3.079074,211.940002,110.792786,72.651054,16.890608,
2017-12-13,45.685001,218.292999,49.799999,24.790001,,103.290001,190.625473,115.994118,136.343262,4.480000,301.989990,31.570000,28.760000,26.934999,37.035000,,25.660000,3.093476,211.679993,110.691803,72.610413,16.890608,
2017-12-14,45.509998,217.593994,49.584999,24.760000,,103.940002,190.787231,115.569031,136.362076,4.463800,302.135010,31.430000,28.660000,26.815001,36.945000,,25.530001,3.106133,211.690002,110.742310,72.630753,16.898214,
2017-12-15,45.619999,218.662003,49.494999,24.750000,,103.980003,190.805206,116.407257,136.343262,4.472800,303.434998,31.549999,28.690001,26.834999,37.055000,,25.629999,3.120723,212.029999,110.733887,72.576561,16.951422,
2017-12-18,45.880001,219.408005,50.119999,24.950001,,104.410004,190.984970,115.843147,136.428009,4.500000,305.804993,31.790001,28.799999,27.080000,37.060001,,25.719999,3.104597,212.179993,110.616096,72.583336,17.065445,
2017-12-19,45.660000,218.768997,49.865002,24.820000,,103.620003,189.816483,115.684242,136.249039,4.481600,304.420013,31.660000,28.730000,27.020000,36.889999,,25.620001,3.050076,210.619995,110.330009,72.508812,16.852598,
2017-12-20,45.384998,217.169998,49.580002,24.750000,,103.910004,189.591782,114.842026,136.258469,4.452400,301.600006,31.469999,28.530001,26.930000,36.560001,,25.420000,3.010146,210.330002,110.287956,72.542671,16.662563,
2017-12-21,45.584999,217.908005,49.924999,24.889999,,104.099998,189.645752,115.159866,136.267899,4.473200,303.295013,31.530001,28.639999,27.030001,36.599998,,25.420000,3.015521,210.059998,110.195412,72.623978,16.556141,
2017-12-22,45.590000,217.772003,49.799999,25.040001,,105.000000,189.528885,115.080399,136.296143,4.477600,302.665009,31.459999,28.610001,27.010000,36.630001,,25.309999,3.015521,210.399994,110.178581,72.630753,16.601751,
2017-12-27,45.564999,217.209000,49.860001,25.120001,,105.559998,189.798508,115.298889,136.249039,4.476800,300.415009,31.430000,28.629999,26.969999,36.650002,,25.360001,3.056219,210.750000,110.296379,72.623978,16.708170,
2017-12-28,45.360001,216.100998,49.709999,25.160000,,105.690002,189.115417,114.989021,136.117157,4.461600,298.850006,31.290001,28.510000,26.840000,36.480000,,25.240000,3.046237,209.699997,110.187012,72.695099,16.700569,
2017-12-29,45.180000,215.028000,49.555000,25.110001,,105.860001,188.809814,114.377235,136.070053,4.463600,296.000000,31.280001,28.570000,26.850000,36.480000,,25.240000,3.029343,209.550003,110.178581,72.732338,16.654963,
2018-01-02,45.165001,214.839005,49.580002,25.410000,,106.269997,188.090729,113.570763,136.032394,4.444000,298.894989,31.035000,28.350000,26.805000,36.195000,,25.170000,2.992101,208.860001,110.027130,72.732338,16.616949,
2018-01-03,45.509998,216.636993,49.840000,25.780001,,106.779999,188.441284,114.269997,136.126587,4.488800,302.890015,31.365000,28.530001,27.010000,36.310001,,25.395000,3.010760,209.309998,110.153343,72.922005,16.654963,
2018-01-04,45.764999,217.203003,50.255001,25.840000,,106.629997,188.827789,113.872719,136.183136,4.504800,302.924988,31.620001,28.650000,27.174999,36.384998,,25.395000,2.997323,209.539993,110.287956,73.084564,16.487728,
2018-01-05,46.080002,218.733994,50.720001,26.100000,,107.010002,188.818802,113.610497,136.220779,4.537600,306.130005,31.870001,28.844999,27.400000,36.540001,,25.660000,2.998090,209.320007,110.338455,73.131981,16.510529,
2018-01-08,46.389999,220.481003,50.845001,26.250000,,107.320000,189.097412,113.491318,136.230209,4.568800,309.265015,32.235001,29.059999,27.580000,36.775002,,25.695000,3.010300,209.600006,110.431000,73.098091,16.601751,
2018-01-09,46.750000,222.585999,51.060001,26.280001,,107.339996,188.630035,113.570763,136.192520,4.602400,311.015015,32.480000,29.275000,27.795000,37.064999,,26.040001,2.994327,209.070007,110.313202,73.101501,16.677763,
2018-01-10,46.465000,220.912994,50.865002,26.040001,,107.419998,188.414307,113.153656,136.192520,4.572800,307.945007,32.255001,29.035000,27.735001,36.715000,,25.850000,2.951940,209.240005,110.212234,72.928749,16.350897,
2018-01-11,46.325001,220.343002,50.759998,25.930000,,107.029999,187.821075,113.050377,136.098328,4.557600,307.480011,32.180000,28.895000,27.700001,36.490002,,25.705000,2.945029,208.779999,109.819473,72.833946,16.236883,
2018-01-12,46.404999,220.837006,50.945000,26.100000,,107.059998,188.216583,111.894310,136.126587,4.569600,308.464996,32.255001,28.969999,27.790001,36.369999,,25.770000,2.946948,209.570007,109.963074,72.894913,16.107649,
2018-01-15,46.150002,219.373993,50.840000,25.750000,,106.680000,188.009827,111.068001,136.126587,4.544800,306.290009,32.084999,28.785000,27.590000,36.145000,,25.600000,2.922145,209.339996,109.895500,72.861031,15.955620,
2018-01-16,46.279999,220.246002,50.875000,26.040001,,106.459999,188.351395,111.389763,136.154846,4.564000,308.684998,32.290001,28.875000,27.665001,36.255001,,25.725000,2.937042,209.759995,109.996864,72.979568,16.092445,
2018-01-17,46.224998,219.791000,50.855000,26.100000,,106.430000,188.306488,110.833611,136.136017,4.556800,307.230011,32.279999,28.920000,27.680000,36.355000,,25.770000,2.943493,209.619995,110.081314,72.989716,16.084843,
2018-01-18,46.255001,220.207993,50.959999,26.139999,,106.080002,188.531143,109.852364,136.164276,4.560000,308.674988,32.415001,28.940001,27.605000,36.255001,,25.719999,2.916539,209.520004,110.106651,72.915230,15.986028,
2018-01-19,46.410000,220.761002,51.174999,26.309999,,106.379997,188.603073,110.078819,136.183136,4.576000,309.320007,32.584999,29.049999,27.665001,36.384998,,25.870001,2.898494,209.520004,110.174240,73.003273,16.039230,
2018-01-22,46.549999,221.393997,51.355000,26.400000,,106.220001,188.908646,109.093575,136.201965,4.592000,311.045013,32.599998,29.070000,27.830000,36.485001,,25.934999,2.900414,209.800003,110.267136,73.064224,16.077238,
2018-01-23,46.759998,222.748001,51.419998,26.540001,,106.239998,189.052490,109.109467,136.239639,4.610400,314.500000,32.840000,29.160000,27.865000,36.544998,,26.055000,2.900491,209.850006,110.317810,73.071014,16.244474,
2018-01-24,46.340000,220.466003,51.134998,26.389999,,106.480003,188.782852,107.119171,136.230209,4.574400,309.609985,32.470001,28.900000,27.670000,36.340000,,25.840000,2.850501,209.669998,110.258682,73.050690,16.100048,
2018-01-25,46.064999,219.024002,50.855000,26.450001,,106.139999,188.207581,106.658340,136.173676,4.552000,308.160004,32.255001,28.705000,27.530001,36.189999,,25.770000,2.841209,209.070007,110.098213,72.989716,15.932817,
2018-01-26,46.465000,221.328003,51.125000,26.709999,,106.260002,187.910965,107.440941,136.107758,4.590400,311.450012,32.654999,28.910000,27.745001,36.509998,,26.260000,2.854493,208.570007,109.996864,72.996490,16.040756,
2018-01-29,46.634998,223.153000,50.950001,26.596001,,105.800003,187.164963,107.977249,136.060654,4.601600,314.200012,32.849998,29.000000,27.934999,36.619999,,26.475000,2.849810,208.059998,109.819473,72.938934,15.933575,
2018-01-30,46.055000,219.845993,50.529999,26.100000,,105.519997,187.290771,107.468750,136.088898,4.538400,310.649994,32.384998,28.674999,27.434999,36.279999,,26.030001,2.834836,207.970001,109.819473,72.705254,15.805111,
2018-01-31,45.875000,219.028000,50.369999,26.191000,,105.209999,187.155930,106.519295,136.107758,4.523200,310.149994,32.395000,28.555000,27.184999,36.075001,,25.610001,2.823317,208.399994,109.794159,72.772980,15.852240,
2018-02-01,45.720001,218.237000,50.134998,25.945000,,104.949997,187.308731,106.241211,136.192520,4.500800,309.100006,32.345001,28.375000,27.115000,36.000000,,25.355000,2.818172,208.860001,109.819473,72.698479,15.698689,
2018-02-02,45.255001,216.298004,49.439999,25.455999,,104.220001,186.571701,106.376266,136.117157,4.456000,304.399994,31.975000,28.094999,26.844999,35.735001,,25.290001,2.768489,208.320007,109.625214,72.583336,15.548174,
2018-02-05,44.634998,213.556000,48.669998,25.313999,,104.889999,186.733505,107.075462,136.154846,4.394400,301.899994,31.525000,27.745001,26.455000,35.290001,,24.885000,2.756971,208.449997,109.633667,72.502045,15.429589,
2018-02-06,43.095001,204.514008,47.584999,24.797001,,105.019997,187.272812,108.541367,136.154846,4.249600,289.450012,30.280001,26.790001,25.719999,34.115002,,23.930000,2.805655,208.929993,109.751938,72.407219,14.974259,
2018-02-07,44.509998,212.897995,48.465000,25.207001,,104.879997,187.200897,108.604935,136.220779,4.385600,302.049988,31.580000,27.665001,26.445000,35.040001,,24.719999,2.809342,209.119995,109.642113,72.617188,15.290483,
2018-02-08,43.634998,208.251007,47.595001,24.402000,,104.809998,186.751465,107.587952,136.154846,4.295200,293.600006,30.799999,27.200001,25.969999,34.639999,,24.330000,2.782005,208.830002,109.380264,72.393661,15.172659,
2018-02-09,42.849998,203.862000,46.990002,24.145000,,104.760002,186.724533,108.740005,136.145432,4.212000,287.200012,30.180000,26.735001,25.510000,34.165001,,23.834999,2.781774,208.419998,109.447845,72.068550,14.885324,
2018-02-12,43.500000,207.352005,47.529999,24.580000,,105.279999,186.625610,108.660561,136.173676,4.284000,293.600006,30.809999,27.115000,25.875000,34.485001,,24.225000,2.784385,208.429993,109.363380,72.176926,14.842751,
2018-02-13,43.195000,206.306000,47.235001,24.587000,,104.800003,186.391922,108.056717,136.098328,4.259200,292.200012,30.629999,26.959999,25.620001,34.244999,,23.975000,2.762654,208.190002,109.304245,71.851791,14.910405,
2018-02-14,43.509998,207.798996,47.709999,24.870001,,105.889999,186.427887,107.150932,136.126587,4.288800,295.649994,30.975000,27.174999,25.745001,34.419998,,24.145000,2.742688,208.179993,109.143761,71.851791,14.894444,
2018-02-15,43.764999,208.794998,48.000000,25.305000,,105.629997,186.418884,106.276939,136.098328,4.319200,298.850006,31.235001,27.340000,25.865000,34.564999,,24.315001,2.736007,208.470001,109.346497,72.143066,14.934579,
2018-02-16,44.485001,212.531998,48.544998,25.576000,,106.220001,187.164963,106.741768,136.145432,4.387200,304.049988,31.730000,27.795000,26.355000,35.105000,,24.820000,2.758276,208.979996,109.582962,72.386909,15.178124,
2018-02-19,44.365002,212.218002,48.180000,25.368000,,106.000000,186.535736,106.880798,136.098328,4.376000,303.200012,31.684999,27.690001,26.340000,35.099998,,24.750000,2.754207,208.160004,109.523857,72.397057,15.158212,
2018-02-20,44.630001,213.580994,48.525002,25.344999,,105.260002,186.409897,106.769585,136.088898,4.398400,306.850006,32.014999,27.870001,26.410000,35.154999,,24.895000,2.748755,207.940002,109.515427,72.339508,15.269260,
2018-02-21,44.740002,214.401001,48.575001,25.705000,,105.290001,186.562698,107.321762,136.079498,4.416000,309.200012,32.220001,27.965000,26.405001,35.215000,,24.860001,2.752364,207.970001,109.549210,72.353035,15.190379,
2018-02-22,44.580002,213.384003,48.580002,25.541000,,105.220001,186.751465,107.242332,136.051239,4.398400,306.850006,31.995001,27.834999,26.295000,35.064999,,24.805000,2.743610,208.210007,109.582962,72.237885,15.163572,
2018-02-23,44.680000,213.785004,48.680000,25.730000,,105.349998,187.093018,107.262184,136.051239,4.412000,308.200012,32.125000,27.940001,26.434999,35.200001,,24.785000,2.765648,208.660004,109.633667,72.183701,15.222543,
2018-02-26,45.154999,216.457993,48.919998,25.884001,,105.510002,187.326752,107.723000,136.051239,4.457600,313.750000,32.509998,28.225000,26.680000,35.529999,,25.129999,2.771100,209.059998,109.777245,72.264984,15.351976,
2018-02-27,45.375000,218.429993,48.825001,25.646999,,104.959999,187.254822,107.639572,136.060654,4.472000,315.200012,32.830002,28.395000,26.830000,35.645000,,25.305000,2.766493,208.889999,109.574532,72.420761,15.232504,
2018-02-28,45.014999,216.626999,48.470001,25.398001,,105.349998,187.605347,108.557259,136.126587,4.443200,314.149994,32.654999,28.230000,26.684999,35.459999,,25.045000,2.793753,208.910004,109.684341,72.319168,15.207995,
2018-03-01,44.514999,214.367004,47.880001,25.475000,,104.550003,187.964890,109.466988,136.126587,4.406400,311.450012,32.235001,27.910000,26.350000,35.145000,,24.700001,2.806116,209.309998,109.751938,72.271751,15.213355,
2018-03-02,43.419998,208.656998,46.840000,24.733999,,104.570000,187.776169,108.958488,136.079498,4.298400,302.950012,31.205000,27.235001,25.680000,34.445000,,24.254999,2.772329,208.669998,109.549210,72.163368,14.967505,
2018-03-05,43.959999,211.718994,47.330002,25.011999,,104.419998,187.892990,108.263283,136.079498,4.343200,307.950012,31.690001,27.565001,25.920000,34.825001,,24.514999,2.765571,208.899994,109.616760,72.231125,15.134466,
2018-03-06,43.955002,211.123993,47.415001,25.105000,,105.050003,187.605347,108.183853,136.107758,4.340000,307.899994,31.760000,27.530001,25.975000,34.750000,,24.455000,2.760964,208.330002,109.388718,72.298843,15.044861,
2018-03-07,44.009998,211.578003,47.575001,25.040001,,104.150002,187.946930,108.044800,136.154846,4.344000,308.799988,31.825001,27.565001,25.959999,34.770000,,24.530001,2.751365,209.089996,109.490074,72.342873,15.149786,
2018-03-08,44.465000,213.675003,48.080002,25.261000,,104.510002,188.576126,108.712212,136.183136,4.384000,313.399994,32.209999,27.875000,26.160000,35.130001,,24.924999,2.782312,209.589996,109.684341,72.454636,15.311391,
2018-03-09,44.939999,216.891998,48.285000,25.677000,,104.660004,188.153656,108.020958,136.145432,4.430400,318.100006,32.700001,28.215000,26.290001,35.369999,,25.105000,2.760657,209.119995,109.667427,72.556229,15.316747,
2018-03-12,45.195000,218.391998,48.389999,25.830000,,104.349998,188.549149,108.084503,136.192520,4.449600,322.149994,32.889999,28.330000,26.459999,35.509998,,25.190001,2.774709,209.330002,109.819473,72.678146,15.398699,
2018-03-13,44.755001,216.350998,47.904999,25.586000,,104.300003,188.701935,107.651505,136.192520,4.412000,317.549988,32.590000,28.100000,26.290001,35.320000,,25.049999,2.770333,209.350006,109.735023,72.563019,15.332829,
2018-03-14,44.575001,214.873001,47.849998,25.549000,,104.370003,188.773849,108.183853,136.164276,4.400000,315.950012,32.395000,27.969999,26.215000,35.244999,,24.965000,2.803736,209.300003,109.751938,72.407219,15.345857,
2018-03-15,44.805000,215.938004,48.115002,25.670000,,104.239998,189.088440,108.104393,136.183136,4.422400,317.600006,32.610001,28.105000,26.330000,35.435001,,25.110001,2.813257,209.360001,109.566086,72.435692,15.422439,
2018-03-16,44.889999,216.673004,48.235001,25.684000,,104.209999,189.196335,108.084503,136.201965,4.432000,317.399994,32.669998,28.190001,26.434999,35.525002,,25.139999,2.816406,209.500000,109.616760,72.566628,15.496729,
2018-03-19,44.154999,212.298004,47.715000,25.240999,,104.300003,189.403046,107.361481,136.230209,4.357600,308.000000,32.049999,27.815001,25.955000,35.189999,,24.725000,2.806194,209.660004,109.354935,72.415016,15.407889,
2018-03-20,44.480000,214.171997,47.959999,25.705000,,104.250000,189.537872,107.321762,136.305573,4.396000,312.049988,32.474998,28.084999,26.200001,35.365002,,24.785000,2.802200,210.000000,109.270454,72.366760,15.450013,
2018-03-21,44.605000,214.852005,47.915001,25.693001,,105.279999,189.313141,106.594780,136.258469,4.407200,312.549988,32.575001,28.145000,26.245001,35.365002,,24.830000,2.794675,209.869995,109.270454,72.397766,15.408649,
2018-03-22,43.790001,210.285995,47.220001,25.099001,,105.070000,190.086166,106.924500,136.333847,4.324800,304.700012,31.785000,27.635000,25.840000,34.990002,,24.340000,2.814409,210.559998,109.287376,72.194489,15.367295,
2018-03-23,43.029999,205.925003,46.790001,24.657000,,106.470001,190.265900,106.650398,136.362076,4.241600,298.350006,31.000000,27.129999,25.340000,34.465000,,23.895000,2.804657,210.919998,109.278931,72.139343,15.149021,
2018-03-26,42.505001,202.761993,46.485001,24.610001,,106.190002,190.158035,105.986954,136.315002,4.192000,294.049988,30.650000,26.915001,25.075001,34.044998,,23.434999,2.790758,210.979996,109.278931,72.208260,14.931512,
2018-03-27,43.320000,207.470993,47.040001,24.978001,,105.540001,190.670425,106.757645,136.362076,4.279200,302.450012,31.385000,27.385000,25.580000,34.584999,,23.905001,2.803045,211.360001,109.566086,72.297852,15.087750,
2018-03-28,42.895000,203.667999,47.279999,24.565001,,104.989998,190.868149,107.635612,136.409180,4.238400,290.000000,30.549999,27.184999,25.490000,34.625000,,24.004999,2.841439,211.470001,109.447845,72.263397,15.336661,
2018-03-29,43.419998,206.746994,47.549999,24.993999,,104.870003,191.290604,108.171928,136.465698,4.283200,295.049988,31.004999,27.469999,25.750000,34.980000,,24.190001,2.863325,211.470001,109.532303,72.387436,15.479118,
2018-04-03,43.044998,204.330002,47.294998,25.011999,,105.809998,191.164764,107.750847,136.428009,4.248800,291.049988,30.594999,27.254999,25.545000,34.740002,,23.870001,2.855722,211.800003,109.506966,72.290962,15.437757,
2018-04-04,43.000000,204.815994,47.090000,24.707001,,105.879997,191.326523,107.579956,136.484543,4.241600,291.549988,30.525000,27.280001,25.530001,34.755001,,23.924999,2.843743,212.020004,109.456284,72.235817,15.456902,
2018-04-05,44.230000,211.186996,48.255001,25.242001,,105.620003,190.850159,107.949455,136.390335,4.364000,301.350006,31.549999,27.969999,26.129999,35.509998,,24.565001,2.836371,211.449997,109.473183,72.408127,15.603186,
2018-04-06,43.619999,207.451004,48.095001,24.794001,,105.779999,190.976013,107.583946,136.362076,4.300000,295.750000,30.924999,27.645000,25.795000,35.160000,,24.170000,2.846891,211.639999,109.616760,72.483917,15.578677,
2018-04-09,43.645000,207.255997,48.169998,24.787001,,105.489998,191.002945,107.019852,136.371521,4.309600,296.000000,30.995001,27.645000,25.865000,35.125000,,24.200001,2.827080,211.610001,109.532303,72.497711,15.526598,
2018-04-10,43.889999,208.330002,48.580002,24.927999,,105.699997,190.823196,106.912575,136.333847,4.326400,296.899994,31.160000,27.775000,26.035000,35.150002,,24.410000,2.834759,211.449997,109.633667,72.559731,15.516638,
2018-04-11,43.630001,206.766006,48.290001,24.885000,,107.320000,190.967026,106.769585,136.333847,4.303200,296.500000,30.940001,27.600000,25.980000,34.865002,,24.120001,2.843359,211.809998,109.675919,72.628647,15.473750,
2018-04-12,44.020000,209.292999,48.595001,25.046000,,105.800003,190.751312,106.189537,136.324402,4.343200,300.700012,31.385000,27.840000,26.205000,35.040001,,24.379999,2.835603,211.270004,109.692772,72.766457,15.430098,
2018-04-13,43.955002,208.725998,48.680000,24.853001,,106.449997,190.814209,106.002831,136.333847,4.337600,299.500000,31.230000,27.809999,26.209999,34.965000,,24.295000,2.837907,211.740005,109.777245,72.883629,15.408649,
2018-04-16,43.910000,208.835007,48.494999,24.639999,,106.230003,190.706360,105.323509,136.305573,4.325600,298.700012,31.195000,27.754999,26.125000,35.084999,,24.350000,2.817251,211.580002,109.768806,72.856056,15.394864,
2018-04-17,44.445000,211.832001,48.904999,24.825001,,106.110001,190.984970,105.538048,136.371521,4.376800,305.899994,31.719999,28.030001,26.389999,35.400002,,24.570000,2.836448,212.089996,109.920837,72.987007,15.587108,
2018-04-18,44.494999,212.067993,49.044998,24.945000,,106.370003,191.065887,106.030640,136.371521,4.384800,306.700012,31.865000,28.000000,26.455000,35.415001,,24.575001,2.830382,212.210007,109.802612,72.952545,15.582506,
2018-04-19,44.355000,210.869995,49.075001,24.923000,,106.070000,190.113068,105.625427,136.324402,4.371200,305.000000,31.775000,27.834999,26.450001,35.224998,,24.459999,2.785383,211.610001,109.464729,72.780258,15.455373,
2018-04-20,44.334999,210.505997,49.084999,24.753000,,106.239998,190.167053,106.936401,136.333847,4.366400,302.250000,31.795000,27.780001,26.370001,35.240002,,24.389999,2.802968,211.639999,109.464729,72.842285,15.416313,
2018-04-23,44.619999,212.113998,49.255001,24.849001,,105.610001,189.663696,107.158890,136.324402,4.390400,305.200012,32.009998,27.955000,26.639999,35.375000,,24.594999,2.799896,211.169998,109.321129,72.821602,15.455373,
2018-04-24,44.529999,211.253006,49.255001,24.806000,,105.989998,189.933334,106.864922,136.333847,4.377600,299.799988,31.825001,27.870001,26.730000,35.365002,,24.575001,2.796671,211.309998,109.354935,72.842285,15.484476,
2018-04-25,44.095001,208.772995,48.935001,24.419001,,105.650002,189.825500,106.860909,136.324402,4.337600,297.299988,31.370001,27.639999,26.545000,35.080002,,24.370001,2.796671,211.339996,109.287376,72.704445,15.407124,
2018-04-26,44.685001,212.095001,49.410000,24.778000,4.227500,106.029999,190.382767,107.309845,136.371521,4.401600,303.899994,31.950001,28.045000,26.860001,35.564999,,24.785000,2.813949,211.940002,109.481628,72.759583,15.684370,
2018-04-27,44.880001,213.214005,49.570000,25.035999,4.232000,106.419998,190.643448,108.640671,136.343262,4.418400,305.899994,32.145000,28.180000,26.889999,35.720001,,24.990000,2.837907,211.899994,109.633667,72.773354,15.912597,
2018-04-30,45.075001,214.199005,49.674999,25.169001,4.248500,106.150002,190.517609,108.894928,136.296143,4.436000,306.850006,32.310001,28.375000,26.980000,35.924999,,25.070000,2.858103,211.660004,109.642113,72.766457,16.042028,
2018-05-01,45.075001,214.199005,49.674999,25.169001,4.248500,106.150002,190.517609,110.003326,136.296143,4.436000,306.850006,32.310001,28.375000,26.980000,35.924999,,25.070000,2.858103,211.660004,109.642113,72.718231,16.042028,
2018-05-02,45.150002,213.932999,49.915001,25.070999,4.283000,106.389999,190.301880,110.011261,136.296143,4.438400,309.899994,32.299999,28.405001,26.865000,35.705002,,24.920000,2.869314,211.850006,109.574532,72.773354,16.146194,
2018-05-03,44.580002,210.348999,49.605000,24.575001,4.249000,107.099998,191.038940,110.809769,136.324402,4.383200,304.750000,31.830000,28.094999,26.500000,35.424999,,24.485001,2.888665,212.429993,109.718124,72.725128,16.159206,4.526500
2018-05-04,45.334999,215.173004,49.974998,24.957001,4.309500,107.029999,190.508606,110.861435,136.296143,4.459200,314.000000,32.500000,28.565001,26.879999,35.924999,,24.795000,2.878606,211.949997,109.659004,72.676895,16.248055,4.526500
2018-05-07,45.715000,217.141998,50.369999,24.965000,4.347500,107.480003,190.940048,110.861435,136.305573,4.487200,318.600006,32.849998,28.780001,26.980000,36.080002,,24.945000,2.888589,212.369995,109.675919,72.676895,16.356806,4.576500
2018-05-08,45.759998,217.598999,50.334999,25.006001,4.372500,107.489998,190.140091,110.631012,136.258469,4.496800,318.750000,33.099998,28.889999,27.080000,36.224998,,24.975000,2.892044,211.520004,109.532303,72.697556,16.398159,4.547500
2018-05-09,45.980000,218.554001,50.720001,25.075001,4.402500,108.010002,190.185028,110.154266,136.249039,4.508800,319.750000,33.169998,29.000000,27.075001,36.145000,,24.834999,2.890048,211.899994,109.557663,72.732010,16.450245,4.599000
2018-05-10,46.299999,220.843002,50.755001,25.582001,4.422500,108.010002,189.996262,110.901154,136.220779,4.550400,324.149994,33.529999,29.200001,27.275000,36.369999,,25.174999,2.890048,211.759995,109.582962,72.766457,16.546745,4.599000
2018-05-11,46.380001,221.009003,50.814999,25.465000,4.427500,107.849998,190.310852,110.531700,136.230209,4.547200,323.549988,33.544998,29.245001,27.334999,36.395000,,25.215000,2.890431,212.149994,109.625214,72.787132,16.543680,4.599000
2018-05-14,46.435001,221.214996,50.830002,25.504999,4.410500,107.370003,189.564804,109.947701,136.173676,4.552000,324.549988,33.575001,29.215000,27.395000,36.320000,,25.520000,2.873921,211.830002,109.388718,72.807823,16.430330,4.599000
2018-05-15,46.404999,221.013000,50.884998,25.195000,4.413500,106.339996,189.178314,110.106598,136.136017,4.543200,321.899994,33.500000,29.195000,27.485001,36.365002,,25.455000,2.865321,211.369995,109.194458,72.752693,16.343786,4.594000
2018-05-16,46.750000,222.953995,50.965000,25.614000,4.460500,106.570000,188.504196,110.019203,135.985291,4.582400,325.899994,33.825001,29.455000,27.650000,36.535000,,25.709999,2.873768,210.649994,109.202896,72.656204,16.352980,4.594000
2018-05-17,46.959999,223.871994,51.369999,25.400000,4.488500,106.529999,188.552124,109.626274,136.022980,4.594400,327.149994,33.950001,29.594999,27.780001,36.560001,,25.805000,2.860560,210.710007,109.076195,72.621758,16.294523,4.594000
2018-05-18,46.830002,223.436005,51.250000,25.171000,4.493000,106.959999,188.461868,110.353661,136.013550,4.584800,325.500000,33.939999,29.594999,27.660000,36.529999,,25.865000,2.860560,210.199997,109.194458,72.490822,16.270561,4.667500
2018-05-21,47.095001,224.546005,51.435001,25.261000,4.493000,106.900002,188.028763,110.868057,135.844009,4.584800,325.250000,33.939999,29.594999,27.660000,36.529999,,25.865000,2.860560,209.380005,109.388718,72.349541,16.419767,4.667500
2018-05-22,47.150002,224.878998,51.580002,25.427999,4.522000,106.839996,188.236328,110.659065,135.919342,4.617600,326.049988,34.180000,29.780001,27.805000,36.695000,,25.910000,2.875534,209.600006,109.143761,72.470139,16.477751,4.715500
2018-05-23,46.939999,224.666000,50.959999,25.326000,4.507000,107.669998,188.579193,111.852615,135.872284,4.598400,326.750000,34.060001,29.709999,27.575001,36.825001,,25.950001,2.923911,209.600006,109.143761,72.263397,16.666393,4.737500
2018-05-24,46.799999,224.453003,50.685001,25.156000,4.494000,108.480003,189.066406,112.186180,135.891098,4.582400,327.899994,34.055000,29.629999,27.370001,36.814999,,25.834999,2.941035,210.190002,109.278931,72.277168,16.612276,4.750000
2018-05-25,47.084999,226.242996,50.735001,25.568001,4.523000,108.959999,189.165680,112.941704,135.674438,4.619200,332.700012,34.380001,29.865000,27.495001,37.169998,,26.014999,2.971828,209.639999,109.312706,72.084213,16.790874,4.730000
2018-05-28,47.130001,226.791000,50.615002,25.587999,4.532500,108.849998,188.452835,112.941704,135.335312,4.622400,334.149994,34.494999,29.915001,27.459999,37.230000,,26.055000,3.000470,208.300003,109.397171,72.084213,16.848082,4.714000
2018-05-29,46.924999,226.449005,50.000000,25.403999,4.519000,109.879997,187.324997,114.251808,134.091919,4.600000,334.450012,34.345001,29.805000,27.295000,37.264999,,25.940001,3.045009,206.130005,109.523857,71.601830,16.889835,4.756500
2018-05-30,46.900002,225.854004,50.165001,25.132999,4.533500,108.709999,187.261826,113.946381,134.402756,4.594400,332.950012,34.330002,29.770000,27.275000,37.180000,,26.055000,3.002928,206.259995,109.008629,71.581154,16.916891,4.709000
2018-05-31,46.709999,225.386002,49.820000,25.139999,4.521500,108.849998,188.200226,114.002625,135.090393,4.585600,332.950012,34.220001,29.719999,27.094999,37.035000,,25.900000,3.020896,208.740005,109.143761,71.925720,16.926937,4.724000
2018-06-01,47.029999,226.695007,50.334999,25.441000,4.531000,108.309998,188.380661,113.054214,135.175186,4.616800,336.750000,34.395000,29.875000,27.340000,37.040001,,26.030001,2.997782,208.789993,109.304245,72.035980,16.913799,4.694000
2018-06-04,47.185001,227.431000,50.445000,25.672001,4.543000,107.860001,188.822815,113.114517,135.410690,4.632000,338.850006,34.535000,29.934999,27.424999,37.130001,,26.080000,2.983346,209.380005,109.236694,72.346100,16.971783,4.647500
2018-06-05,47.185001,227.653000,50.325001,25.559999,4.544500,108.180000,188.516037,112.813103,135.250549,4.628000,340.500000,34.660000,29.930000,27.344999,37.125000,,25.985001,2.985497,208.750000,109.490074,72.332298,17.086208,4.650500
2018-06-06,47.130001,227.278000,50.320000,25.577999,4.542500,107.650002,186.873871,111.832535,134.817230,4.629600,339.600006,34.724998,29.895000,27.375000,36.950001,,25.995001,2.929824,206.919998,109.033974,72.104881,16.935448,4.638000
2018-06-07,47.080002,227.186996,50.255001,25.348000,4.528500,106.980003,186.585114,111.796364,134.732437,4.616000,336.600006,34.540001,29.820000,27.400000,36.919998,,25.990000,2.924372,206.580002,108.814369,72.063545,16.874374,4.630500
2018-06-08,47.145000,228.009003,50.119999,25.233000,4.542500,107.570000,186.512955,112.358986,134.628830,4.620800,337.200012,34.645000,29.900000,27.389999,37.099998,,26.094999,2.956086,206.399994,108.924171,71.946388,16.981836,4.636000
2018-06-11,47.285000,228.570999,50.505001,25.219000,4.554000,107.419998,186.973099,112.326843,135.052734,4.638400,337.549988,34.674999,29.940001,27.504999,37.154999,,26.235001,2.936351,207.320007,108.772133,72.125572,16.947813,4.620000
2018-06-12,47.314999,228.973999,50.465000,25.253000,4.567000,107.309998,187.072357,112.089760,135.156357,4.645600,339.250000,34.720001,29.930000,27.410000,37.145000,,26.165001,2.935277,207.690002,108.865044,72.118675,16.933901,4.618500
2018-06-13,47.435001,229.662994,50.485001,25.264000,4.569500,107.400002,187.532532,112.399170,135.241119,4.654400,342.649994,34.919998,30.004999,27.459999,37.244999,,26.340000,2.948944,208.220001,108.873489,72.187599,16.900654,4.636500
2018-06-14,47.884998,231.673004,51.145000,25.365999,4.609500,109.260002,188.479919,112.708611,135.420090,4.696000,347.649994,35.244999,30.245001,27.719999,37.610001,,26.650000,2.991883,209.199997,109.228256,72.366760,17.074612,4.646500
2018-06-15,47.599998,230.809998,50.630001,24.905001,4.581500,107.260002,189.120560,113.440025,135.542557,4.662400,346.350006,35.009998,30.094999,27.455000,37.535000,,26.635000,3.016492,209.949997,109.439400,72.435692,17.102442,4.592500
2018-06-18,47.619999,231.350006,50.205002,24.672001,4.594800,107.330002,189.562683,113.624893,135.655594,4.660800,347.049988,35.107498,30.084999,27.362499,37.527500,,26.459999,3.008159,210.229996,109.447845,72.297852,17.044458,4.579000
2018-06-19,47.400002,230.660995,49.799999,24.471001,4.567500,107.290001,189.878494,114.734039,135.646164,4.632800,345.000000,34.877499,29.932501,27.242500,37.512501,,26.520000,3.034716,210.279999,109.456284,72.256508,17.026678,4.525000
2018-06-20,47.544998,231.574005,49.959999,24.691000,4.603500,107.139999,189.806305,114.296005,135.627319,4.652800,349.350006,35.117500,30.032499,27.307501,37.527500,,26.670000,3.018050,210.470001,109.549210,72.339188,17.100124,4.525000
2018-06-21,47.279999,230.304993,49.529999,24.280001,4.573300,106.410004,189.436371,113.914230,135.372986,4.620400,347.700012,34.887501,29.825001,27.037500,37.360001,,26.535000,3.010106,209.539993,109.591438,72.077324,17.120224,4.517000
2018-06-22,47.389999,230.061005,50.134998,24.421000,4.586800,106.320000,189.246872,113.817772,135.335312,4.631200,344.450012,34.720001,29.895000,27.147499,37.532501,,26.674999,3.006524,209.470001,109.549210,72.222054,17.185944,4.543800
2018-06-25,46.340000,224.759995,49.000000,23.849001,4.470000,105.540001,189.003281,114.074989,135.269379,4.523200,334.100006,33.692501,29.232500,26.517500,37.042500,,26.215000,3.006757,208.679993,109.557663,71.939491,17.041363,4.477300
2018-06-26,46.529999,226.134003,49.055000,23.917000,4.493300,105.260002,188.705475,114.356293,135.203445,4.549200,336.299988,33.904999,29.375000,26.587500,37.217499,,26.195000,3.008315,207.970001,109.262016,71.784439,17.170479,4.492500
2018-06-27,46.974998,228.542007,49.450001,23.846001,4.528000,105.389999,189.219833,115.425270,135.325897,4.586400,339.899994,34.240002,29.617500,26.787500,37.470001,,26.372499,3.050525,209.080002,109.346497,71.718971,17.223055,4.563800
2018-06-28,46.680000,226.886993,49.095001,23.694000,4.484500,105.190002,189.382217,115.899475,135.354156,4.552400,336.700012,33.957500,29.462500,26.559999,37.347500,,26.132500,3.057067,209.210007,109.143761,71.505325,17.194443,4.563800
2018-06-29,46.805000,227.546997,49.459999,24.017000,4.498500,104.489998,189.770248,114.930954,135.448364,4.573200,337.399994,34.130001,29.570000,26.597500,37.312500,,26.295000,3.037754,210.460007,109.245125,71.698296,17.206041,4.551000
2018-07-02,46.509998,226.363007,49.044998,23.761999,4.467300,104.489998,190.158188,115.505646,135.504868,4.541600,336.600006,33.827499,29.370001,26.367500,37.110001,,26.097500,3.046865,211.110001,109.228256,71.436424,17.093939,4.500000
2018-07-03,46.740002,227.283997,49.455002,23.930000,4.503000,104.959999,190.239410,115.200211,135.542557,4.561600,338.000000,33.980000,29.520000,26.497499,37.314999,,26.342501,3.046164,211.279999,109.270454,71.767204,17.292635,4.470500
2018-07-04,46.660000,226.563995,49.494999,23.759001,4.498000,105.150002,190.049942,114.914909,135.504868,4.553200,335.100006,33.849998,29.500000,26.434999,37.367500,,26.355000,3.047177,211.119995,109.253586,71.836128,17.282585,4.473800
2018-07-05,46.610001,226.057007,49.715000,23.650000,4.475800,104.809998,189.860428,114.991249,135.354156,4.544000,335.950012,33.755001,29.455000,26.495001,37.227501,,26.357500,3.048734,210.979996,109.270454,71.994637,17.202175,4.461500
2018-07-06,46.845001,227.595001,49.805000,23.850000,4.499500,103.949997,189.670959,114.565247,135.344742,4.568800,339.950012,33.907501,29.612499,26.602501,37.402500,,26.622499,3.038766,210.669998,109.464729,72.228935,17.309639,4.461500
2018-07-09,47.209999,229.442993,50.095001,24.160000,4.536800,104.570000,190.058945,114.545204,135.448364,4.607200,342.850006,34.235001,29.842501,26.807501,37.502499,,26.842501,3.026305,211.000000,109.523857,72.346100,17.303461,4.455000
2018-07-10,47.455002,230.843002,50.330002,24.143999,4.547300,104.209999,189.923615,114.211601,135.420090,4.625200,345.200012,34.525002,29.990000,26.907499,37.602501,,26.937500,3.027707,210.839996,109.549210,72.394325,17.274075,4.436300
2018-07-11,47.099998,229.917007,49.650002,23.841999,4.513000,103.629997,189.932632,114.629532,135.391846,4.591200,343.450012,34.332500,29.844999,26.602501,37.572498,,26.770000,3.037130,210.779999,109.532303,72.256508,17.257069,4.375000
2018-07-12,47.465000,231.720993,50.070000,24.191999,4.525500,104.010002,190.067947,114.734039,135.438934,4.620800,348.899994,34.685001,30.115000,26.670000,37.797501,,27.087500,3.047878,210.559998,109.707901,72.401222,17.287998,4.375000
2018-07-13,47.680000,233.141006,50.154999,24.254999,4.550800,103.709999,190.483032,114.967117,135.467209,4.647200,352.149994,34.967499,30.235001,26.830000,37.980000,,27.257500,3.060260,211.210007,109.809860,72.435692,17.345205,4.372500
2018-07-16,47.485001,231.895004,50.000000,23.990000,4.523000,103.110001,190.311584,114.541153,135.457779,4.620000,350.049988,34.805000,30.075001,26.674999,37.805000,,27.055000,3.031446,210.399994,109.750381,72.504593,17.192907,4.310000
2018-07-17,47.634998,232.764008,50.099998,24.209999,4.550000,102.389999,190.798859,115.192184,135.542557,4.637600,350.250000,34.875000,30.209999,26.799999,37.970001,,27.135000,3.041414,210.899994,109.826836,72.504593,17.150381,4.310000
2018-07-18,47.950001,234.610001,50.400002,24.222000,4.573000,102.559998,190.717606,116.245064,135.504868,4.668800,353.399994,35.250000,30.395000,26.950001,38.134998,,27.355000,3.046242,210.580002,109.869331,72.614876,17.118681,4.310000
2018-07-19,48.000000,234.917007,50.279999,24.042999,4.582500,102.180000,190.834885,116.920219,135.561401,4.670400,353.600006,35.185001,30.434999,26.955000,38.209999,,27.309999,3.062674,210.800003,109.852310,72.566628,17.223055,4.352500
2018-07-20,47.700001,232.860992,50.209999,24.216999,4.549500,102.199997,189.995789,115.602074,135.495453,4.649600,351.299988,35.000000,30.309999,26.674999,38.035000,,27.180000,3.003253,210.240005,109.614464,72.408127,17.076157,4.341500
2018-07-23,47.619999,232.445007,50.105000,24.030001,4.541500,101.879997,189.688965,115.111801,135.467209,4.638400,349.250000,34.930000,30.219999,26.775000,37.919998,,27.190001,2.969064,209.639999,109.478531,72.415016,17.011990,4.355000
2018-07-24,47.994999,234.264008,50.555000,24.478001,4.555500,102.110001,189.598785,114.709908,135.420090,4.679200,353.250000,35.115002,30.490000,27.055000,37.980000,,27.430000,2.973659,209.809998,109.597458,72.559731,17.083885,4.381500
2018-07-25,48.009998,234.929001,50.415001,24.621000,4.548000,102.529999,189.878494,114.934967,135.410690,4.683200,354.350006,35.220001,30.545000,26.995001,38.145000,,27.510000,2.997489,210.000000,109.690903,72.532158,17.209915,4.381500
2018-07-26,48.400002,236.455002,50.794998,24.708000,4.597000,102.519997,189.535614,114.661713,135.486038,4.717600,353.850006,35.529999,30.625000,27.315001,38.419998,,27.760000,2.982693,209.630005,109.767372,72.704445,17.274853,4.437500
2018-07-27,48.404999,236.046005,51.005001,24.820999,4.565500,102.410004,189.328064,114.902832,135.372986,4.718400,352.000000,35.330002,30.600000,27.315001,38.480000,,27.705000,2.988689,209.740005,109.818359,72.711327,17.156565,4.436500
2018-07-30,47.895000,232.789993,50.860001,24.607000,4.527000,101.779999,188.786713,114.625534,135.297638,4.667200,342.500000,34.590000,30.235001,27.165001,38.154999,,27.495001,2.964236,209.289993,109.631454,72.663086,17.101671,4.434000
2018-07-31,47.950001,233.548996,51.009998,24.610001,4.517500,101.820000,189.111542,115.043449,135.307083,4.675200,343.600006,34.599998,30.350000,27.230000,38.255001,,27.695000,2.981524,209.740005,109.639938,72.683777,17.315056,4.444000
2018-08-01,48.020000,234.255997,50.744999,24.615000,4.526000,101.709999,188.380661,114.653671,135.259964,4.676000,346.049988,34.700001,30.320000,27.225000,38.279999,,27.840000,2.965326,208.919998,109.563492,72.738914,17.237743,4.396500
2018-08-02,48.055000,235.166000,50.340000,24.289000,4.555500,101.779999,188.010742,115.529755,135.099823,4.677600,350.600006,34.820000,30.360001,27.139999,38.395000,,27.875000,2.982304,208.100006,109.588959,72.690666,17.376133,4.438000
2018-08-03,48.389999,237.104004,50.680000,24.614000,4.561000,102.339996,188.452835,115.955711,135.080978,4.710400,353.649994,35.009998,30.555000,27.285000,38.630001,,28.094999,2.997023,208.570007,109.818359,72.759583,17.536167,4.461500
2018-08-06,48.605000,238.921005,50.625000,24.548000,4.592000,101.989998,188.894974,116.863960,135.137512,4.726400,356.399994,35.235001,30.740000,27.320000,38.834999,,28.190001,3.020464,208.649994,109.928787,72.732010,17.574827,4.480000
2018-08-07,48.759998,239.451004,50.869999,24.775999,4.589000,101.870003,188.723587,116.518349,135.156357,4.748000,357.250000,35.439999,30.870001,27.500000,38.799999,,28.205000,2.997411,208.809998,109.869331,72.849159,17.528442,4.480000
2018-08-08,48.715000,239.313004,50.785000,24.622999,4.569500,101.580002,188.732559,117.113129,135.128082,4.740800,358.700012,35.455002,30.790001,27.465000,38.750000,,28.139999,2.988689,208.630005,109.988243,72.876732,17.502928,4.456000
2018-08-09,48.825001,240.080002,50.869999,24.735001,4.611500,102.209999,188.967163,117.442627,135.128082,4.758400,359.950012,35.669998,30.875000,27.480000,38.855000,,28.245001,3.008704,208.940002,110.047707,72.876732,17.540031,4.464000
2018-08-10,48.950001,241.828995,50.355000,24.504000,4.638000,103.540001,189.291992,118.857246,134.996216,4.762400,362.350006,35.884998,30.985001,27.420000,39.160000,,28.400000,3.082690,208.669998,110.090187,72.683777,17.620443,4.525000
2018-08-13,48.794998,241.167007,50.185001,24.131001,4.608500,102.089996,188.479919,118.965721,134.854904,4.744000,362.200012,35.810001,30.905001,27.275000,39.044998,,28.320000,3.079496,208.059998,110.005241,72.521820,17.557047,4.454000
2018-08-14,49.044998,242.746994,50.209999,24.233999,4.643500,102.680000,188.867920,119.118439,134.920853,4.767200,364.250000,35.985001,31.075001,27.375000,39.395000,,28.504999,3.088297,207.740005,110.005241,72.676895,17.662958,4.490000
2018-08-15,48.625000,241.533997,49.470001,23.667000,4.590000,101.290001,188.696487,119.978424,134.836060,4.720800,360.899994,35.619999,30.855000,27.014999,39.320000,,28.455000,3.112751,207.750000,110.056221,72.614876,17.700851,4.411500
2018-08-16,48.845001,242.725006,49.750000,23.879000,4.605000,100.790001,188.732559,119.375641,134.873734,4.744000,362.350006,35.759998,31.000000,27.209999,39.465000,,28.530001,3.085337,207.940002,109.979767,72.628647,17.801760,4.434000
2018-08-17,48.805000,242.091003,49.750000,23.667000,4.595500,100.669998,188.876938,119.548454,134.892578,4.731200,358.450012,35.570000,30.934999,27.195000,39.505001,,28.559999,3.097253,207.940002,110.039215,72.690666,17.854006,4.435000
2018-08-20,48.915001,242.597000,50.020000,23.893999,4.614000,101.040001,189.508545,119.556496,135.015045,4.750400,358.200012,35.720001,31.080000,27.295000,39.555000,,28.680000,3.109792,208.589996,110.039215,72.690666,17.949921,4.434000
2018-08-21,48.779999,241.776993,50.134998,24.063999,4.622000,100.470001,189.580750,118.600029,135.080978,4.742400,358.299988,35.685001,30.965000,27.250000,39.189999,,28.549999,3.072800,208.750000,109.945778,72.842285,17.704285,4.434000
2018-08-22,48.605000,240.287003,50.099998,24.028000,4.614500,100.430000,188.967163,118.206215,134.996216,4.725600,356.600006,35.570000,30.825001,27.190001,38.985001,,28.459999,3.063921,208.460007,109.809860,72.828499,17.570168,4.434000
2018-08-23,48.490002,239.897995,50.014999,23.865000,4.607500,100.089996,189.111542,119.074234,134.996216,4.713600,356.799988,35.584999,30.780001,27.020000,38.950001,,28.415001,3.076304,208.449997,109.784386,72.814705,17.556902,4.382500
2018-08-24,48.564999,240.348007,50.049999,24.052999,4.610500,101.110001,188.913010,118.817047,134.939682,4.724000,358.649994,35.865002,30.799999,27.040001,38.955002,,28.415001,3.066179,208.339996,109.767372,72.745796,17.503876,4.382500
2018-08-27,48.755001,241.102005,50.395000,24.375000,4.640500,100.900002,188.380661,118.817047,134.873734,4.748800,360.399994,35.994999,30.924999,27.209999,38.935001,,28.465000,3.040246,207.970001,109.555000,72.745796,17.487505,4.382500
2018-08-28,48.650002,240.479996,50.320000,24.177000,4.609500,100.480003,188.389709,118.198158,134.836060,4.729600,359.600006,35.880001,30.815001,27.120001,38.790001,,28.400000,3.014078,207.720001,109.563492,72.869843,17.483606,4.342500
2018-08-29,48.900002,242.179001,50.450001,24.281000,4.632500,100.199997,188.146072,116.811699,134.930267,4.756000,364.000000,36.244999,31.004999,27.260000,38.985001,,28.584999,3.009561,207.539993,109.393578,72.780258,17.653599,4.349000
2018-08-30,48.895000,242.514999,50.305000,23.879999,4.641500,100.309998,188.290451,117.233711,134.836060,4.745600,365.850006,36.294998,31.025000,27.160000,39.005001,,28.655001,3.038065,207.910004,109.571983,72.732010,17.589659,4.362500
2018-08-31,48.900002,242.768005,49.875000,23.913000,4.648500,100.750000,188.425797,117.587334,134.713623,4.744800,366.899994,36.345001,31.040001,27.075001,39.084999,,28.670000,3.061896,207.740005,109.538010,72.583839,17.638002,4.392500
2018-09-03,48.924999,243.466003,49.930000,23.907000,4.654000,100.639999,188.272400,118.290611,134.770126,4.751200,367.850006,36.455002,31.115000,27.070000,39.174999,,28.775000,3.036507,207.770004,109.453056,72.514923,17.561584,4.384000
2018-09-04,48.834999,243.576996,49.549999,23.723000,4.643000,100.430000,188.831848,118.487511,134.949112,4.733600,367.649994,36.494999,31.049999,26.934999,39.189999,,28.655001,3.031834,208.300003,109.274658,72.463249,17.558466,4.382500
2018-09-05,48.290001,241.216995,48.970001,23.228001,4.596000,100.330002,189.066406,117.981155,135.052734,4.679200,359.899994,35.790001,30.674999,26.660000,38.865002,,28.334999,3.019608,208.240005,109.172707,72.456345,17.457092,4.382500
2018-09-06,48.160000,240.667007,48.740002,23.209000,4.586000,100.489998,189.291992,117.772186,135.080978,4.665600,356.799988,35.740002,30.615000,26.575001,38.910000,,28.235001,3.024280,208.710007,109.266151,72.428780,17.491405,4.320000
2018-09-07,48.365002,242.158005,48.790001,23.351999,4.590500,100.720001,188.904022,117.129189,135.099823,4.688000,359.799988,35.994999,30.754999,26.629999,39.169998,,28.469999,3.010106,208.259995,109.266151,72.456345,17.419664,4.344500
2018-09-10,48.334999,241.643997,49.005001,23.025999,4.590000,100.459999,189.355164,116.385735,135.212860,4.676000,357.299988,35.855000,30.709999,26.625000,39.115002,,28.434999,3.008549,208.919998,109.223679,72.628647,17.410307,4.352500
2018-09-11,48.389999,242.136002,48.959999,22.931999,4.593500,100.309998,188.922043,116.413857,135.175186,4.678400,359.399994,35.955002,30.745001,26.535000,39.165001,,28.434999,3.004499,208.550003,109.249168,72.690666,17.457092,4.355000
2018-09-12,48.415001,241.852005,49.189999,23.101999,4.587500,100.589996,189.120560,116.084328,135.165756,4.684800,358.350006,35.985001,30.760000,26.600000,39.209999,,28.495001,2.990636,208.889999,109.376595,72.676895,17.456310,4.382500
2018-09-13,48.380001,241.548996,49.165001,23.200001,4.576000,100.320000,188.904022,115.650307,135.128082,4.684000,360.350006,36.049999,30.705000,26.684999,39.185001,,28.540001,2.992506,208.669998,109.410576,72.739517,17.412645,4.322500
2018-09-14,48.630001,242.658997,49.360001,23.422001,4.609500,99.910004,188.516037,115.417221,135.118668,4.707200,361.250000,36.264999,30.850000,26.920000,39.264999,,28.715000,2.973659,208.190002,109.368088,72.718475,17.382233,4.312500
2018-09-17,48.450001,241.292999,49.395000,23.114000,4.587500,100.209999,188.741592,114.979172,135.184586,4.689600,356.049988,35.970001,30.764999,26.965000,39.270000,,28.545000,2.971323,208.770004,109.266151,72.858780,17.409529,4.294000
2018-09-18,48.669998,242.093002,49.459999,23.274000,4.588000,99.889999,188.876938,114.581329,135.278809,4.708800,358.600006,36.220001,30.809999,27.195000,39.415001,,28.655001,2.941261,208.839996,109.300133,72.900864,17.415766,4.302500
2018-09-19,48.805000,242.455002,49.615002,23.559000,4.599500,100.290001,188.416779,114.155334,135.175186,4.723200,356.500000,36.180000,30.860001,27.420000,39.419998,,28.690001,2.920467,208.070007,109.300133,72.935928,17.290215,4.342500
2018-09-20,48.834999,242.460007,49.970001,23.542999,4.575000,99.750000,188.570160,113.460083,135.137512,4.727200,358.700012,36.139999,30.879999,27.469999,39.174999,,28.700001,2.917508,208.029999,109.385086,73.055168,17.155315,4.342500
2018-09-21,49.055000,243.332001,50.215000,23.785000,4.586500,99.209999,188.904022,114.967117,135.194016,4.747200,359.049988,36.244999,31.010000,27.600000,39.334999,,28.760000,2.913770,208.720001,109.521004,73.118309,17.213018,4.342500
2018-09-24,48.669998,241.248001,49.945000,23.434999,4.550000,99.309998,187.749084,114.259819,135.071579,4.708000,356.299988,36.064999,30.785000,27.420000,39.009998,,28.665001,2.903723,207.800003,109.087753,72.970993,16.974405,4.395000
2018-09-25,48.830002,241.729996,50.205002,23.517000,4.579000,99.440002,187.785156,113.966461,135.109238,4.724000,357.649994,36.240002,30.900000,27.504999,39.115002,,28.809999,2.896558,208.100006,108.994308,72.978012,17.000921,4.405000
2018-09-26,48.965000,242.182007,50.365002,23.716000,4.573000,98.949997,188.200226,113.898163,135.184586,4.740000,360.600006,36.424999,30.945000,27.540001,39.255001,,28.940001,2.906294,208.570007,109.096252,72.985023,17.012617,4.407500
2018-09-27,49.230000,243.761002,50.555000,23.919001,4.585500,98.709999,187.866379,114.726021,135.118668,4.766400,364.700012,36.630001,31.174999,27.680000,39.445000,,29.165001,2.938769,208.500000,109.062271,72.942932,17.082796,4.407500
2018-09-28,49.224998,244.563995,50.125000,23.900999,4.594500,99.889999,187.496429,115.449371,134.930267,4.768800,365.850006,36.830002,31.195000,27.594999,39.590000,,29.285000,2.962055,207.550003,109.317116,72.746536,17.103848,4.480000
2018-10-01,49.639999,246.774994,50.230000,23.965000,4.612500,99.959999,187.108429,115.288612,134.675934,4.802400,370.000000,37.139999,31.440001,27.844999,39.834999,,29.639999,2.958005,206.500000,109.351097,72.907875,17.244991,4.535000
2018-10-02,49.445000,246.479996,49.955002,23.743999,4.570500,101.580002,187.433273,115.983864,134.628830,4.779200,369.750000,37.029999,31.315001,27.820000,39.779999,,29.530001,2.966805,206.550003,109.453056,72.893837,17.081236,4.597500
2018-10-03,49.709999,247.910004,50.285000,23.782000,4.570500,101.260002,187.045288,115.272560,134.770126,4.779200,370.000000,37.029999,31.315001,27.820000,39.779999,,29.530001,2.966805,206.490005,109.317116,72.900864,17.139719,4.597500
2018-10-04,49.189999,245.526993,49.685001,23.093000,4.554500,101.610001,186.693390,114.372353,134.751282,4.741600,363.200012,36.630001,31.100000,27.735001,39.415001,,29.260000,2.897104,206.330002,109.045273,72.858780,16.787251,4.622500
2018-10-05,48.915001,244.279999,49.275002,22.846001,4.503000,101.599998,186.233231,113.665077,134.638229,4.711200,358.149994,36.320000,30.945000,27.600000,39.439999,,29.200001,2.887291,205.750000,108.985802,72.795647,16.817667,4.622500
2018-10-08,48.740002,243.972000,48.735001,22.882000,4.478500,100.489998,185.682816,113.902161,134.487534,4.693600,355.549988,35.939999,30.855000,27.514999,39.459999,,29.150000,2.883708,204.770004,109.096252,72.711472,16.973623,4.612500
2018-10-09,48.895000,245.050003,48.884998,22.931999,4.481500,100.879997,185.610641,113.604767,134.562897,4.708000,359.200012,36.090000,30.900000,27.495001,39.590000,,29.155001,2.898272,205.160004,109.011292,72.522079,17.058615,4.630000
2018-10-10,47.910000,239.779999,48.095001,22.389999,4.376000,100.349998,185.953522,112.780975,134.562897,4.611200,347.950012,34.970001,30.260000,27.165001,39.044998,,28.945000,2.884643,205.330002,108.943352,72.458946,16.912022,4.630000
2018-10-11,46.619999,232.606003,47.205002,21.969000,4.280000,102.500000,185.845230,113.343567,134.515793,4.487200,337.950012,33.935001,29.410000,26.430000,38.134998,,27.969999,2.902478,205.000000,108.951813,72.290596,16.621946,4.522500
2018-10-12,46.599998,232.744995,47.090000,22.426001,4.282000,102.599998,185.962524,113.584717,134.544052,4.503200,343.250000,34.285000,29.459999,26.350000,37.950001,,28.020000,2.905592,204.779999,108.994308,72.494011,16.363829,4.550000
2018-10-15,46.660000,232.776993,47.165001,22.326000,4.273500,103.059998,185.529434,113.673096,134.581741,4.500000,342.549988,34.195000,29.540001,26.434999,38.160000,,27.969999,2.894144,204.820007,109.019783,72.416870,16.416855,4.550000
2018-10-16,47.130001,234.682999,47.810001,22.688999,4.337500,103.190002,186.287338,113.190865,134.713623,4.546400,346.500000,34.595001,29.750000,26.709999,38.470001,,28.430000,2.894923,205.850006,109.079247,72.536102,16.525246,4.550000
2018-10-17,47.275002,235.957001,47.674999,22.599001,4.354000,103.519997,186.188126,113.918243,134.713623,4.560800,349.299988,34.814999,29.870001,26.725000,38.634998,,28.635000,2.912679,205.630005,109.266151,72.599228,16.679646,4.577500
2018-10-18,47.095001,235.315002,47.445000,22.191999,4.337500,103.790001,185.827194,114.267883,134.572327,4.532800,346.149994,34.450001,29.785000,26.610001,38.715000,,28.605000,2.913847,205.110001,109.419083,72.465958,16.770100,4.560000
2018-10-19,47.165001,235.908005,47.455002,22.393000,4.318500,103.940002,185.944489,114.545204,134.713623,4.536800,347.399994,34.445000,29.809999,26.580000,38.825001,,28.639999,2.906683,204.940002,109.232178,72.290596,16.817667,4.567500
2018-10-22,46.915001,234.563004,47.275002,22.589001,4.293500,103.629997,186.350525,115.007309,134.873734,4.528000,347.799988,34.285000,29.775000,26.434999,38.735001,,28.299999,2.906294,205.490005,109.155724,72.402832,16.799732,4.564000
2018-10-23,46.025002,229.925995,46.529999,22.084000,4.201000,104.570000,186.648300,115.626198,134.807800,4.440000,339.600006,33.400002,29.165001,25.955000,38.240002,,27.844999,2.926776,205.220001,109.155724,72.213440,16.551758,4.540000
2018-10-24,46.189999,231.382004,46.445000,22.063000,4.206500,104.970001,187.045288,116.429924,134.798386,4.448800,341.399994,33.564999,29.275000,25.834999,38.630001,,28.025000,2.947258,204.869995,109.147217,72.122246,16.858217,4.557500
2018-10-25,46.240002,231.457001,46.685001,22.242001,4.196500,105.260002,187.162567,116.960426,134.883163,4.457600,341.950012,33.720001,29.245001,25.945000,38.480000,,27.680000,2.950062,205.020004,109.002800,72.024040,16.985321,4.557500
2018-10-26,45.639999,228.022995,46.325001,21.891001,4.136000,105.980003,187.758072,117.486862,134.939682,4.395200,335.549988,33.095001,28.959999,25.620001,38.060001,,27.400000,2.962211,205.729996,108.977310,71.855713,16.839502,4.555000
2018-10-29,45.834999,228.694000,46.724998,21.879000,4.164500,105.099998,187.992706,117.603424,135.071579,4.419200,332.899994,33.090000,29.195000,25.844999,38.310001,,27.639999,2.952709,206.139999,108.960320,72.024040,16.971285,4.530000
2018-10-30,45.724998,227.776001,46.720001,21.816000,4.177000,104.779999,187.676910,118.210220,134.930267,4.412000,330.500000,32.884998,29.139999,25.780001,38.279999,,27.690001,2.946946,205.809998,108.977310,71.995979,17.113207,4.495000
2018-10-31,46.825001,233.897003,47.450001,22.290001,4.255000,104.510002,187.658844,117.619438,134.996216,4.511200,343.100006,34.020000,29.834999,26.260000,38.820000,,28.100000,2.948660,206.139999,109.028275,72.101219,17.087475,4.500000
2018-11-01,46.794998,233.597000,47.715000,22.792000,4.269000,105.269997,187.685898,115.746758,135.052734,4.516000,343.500000,34.000000,29.780001,26.305000,38.580002,,28.184999,2.927243,205.949997,109.019783,72.164337,16.999361,4.477500
2018-11-02,46.700001,232.201996,47.790001,23.014000,4.291500,105.339996,187.694946,115.304695,135.165756,4.517600,339.899994,34.130001,29.700001,26.305000,38.490002,,28.059999,2.905592,206.119995,109.028275,72.255531,16.823908,4.497500
2018-11-05,46.775002,233.061996,47.779999,23.058001,4.286500,105.019997,187.685898,114.894783,135.128082,4.522400,336.299988,33.980000,29.754999,26.360001,38.705002,,28.219999,2.904969,206.559998,108.977310,72.248512,17.020416,4.512500
2018-11-06,46.919998,234.264999,47.630001,23.003000,4.293000,104.589996,187.198669,114.235710,135.062134,4.536000,339.399994,34.205002,29.855000,26.475000,38.805000,,28.309999,2.899673,206.070007,109.045273,72.269554,17.085136,4.475000
2018-11-07,47.455002,237.177994,48.160000,23.205000,4.336500,104.120003,187.198669,113.733398,135.099823,4.582400,346.850006,34.810001,30.180000,26.635000,39.099998,,28.825001,2.904268,206.369995,109.045273,72.515060,17.220041,4.446500
2018-11-08,47.814999,240.039993,48.220001,23.103001,4.369000,104.339996,187.045288,113.797676,135.043304,4.611200,349.950012,35.180000,30.400000,26.850000,39.355000,,29.110001,2.897882,206.080002,109.053764,72.479973,17.273844,4.462500
2018-11-09,47.660000,239.304993,48.025002,22.648001,4.345000,103.839996,187.361099,115.107773,135.033890,4.587200,346.049988,34.919998,30.350000,26.680000,39.615002,,29.174999,2.934641,206.100006,109.087753,72.276566,17.441494,4.462500
2018-11-12,47.294998,237.255005,47.605000,22.507000,4.301500,104.169998,187.469345,116.735359,134.996216,4.552800,338.500000,34.404999,30.200001,26.510000,39.709999,,29.139999,2.986742,206.250000,109.062271,72.066132,17.565481,4.525000
2018-11-13,47.415001,237.475998,47.980000,22.863001,4.301500,103.769997,187.279877,115.119843,134.977371,4.563200,341.750000,34.520000,30.285000,26.559999,39.599998,,28.985001,2.958005,205.649994,108.858383,71.981964,17.567825,4.472500
2018-11-14,46.845001,233.964996,47.689999,22.705000,4.241000,103.440002,187.063324,115.449371,134.920853,4.510400,335.049988,33.939999,29.879999,26.295000,39.200001,,28.540001,2.961042,205.220001,108.671486,71.834648,17.488287,4.534000
2018-11-15,46.654999,233.169006,47.255001,23.080000,4.223500,104.260002,187.560394,118.156158,134.949112,4.500000,335.350006,33.775002,29.750000,26.150000,39.145000,,28.340000,2.969843,205.550003,108.790428,71.350655,17.367180,4.500000
2018-11-16,46.605000,233.162994,47.150002,22.941999,4.210000,104.169998,187.560394,117.594093,134.949112,4.492800,334.250000,33.735001,29.670000,26.105000,39.169998,,28.600000,2.946323,205.220001,108.442116,71.161263,17.286690,4.500000
2018-11-19,46.139999,230.522995,46.810001,22.785000,4.182500,103.940002,187.044128,117.610390,134.892578,4.454400,326.700012,33.035000,29.389999,25.915001,38.935001,,28.305000,2.941339,204.589996,108.136276,70.691307,17.335609,4.500000
2018-11-20,45.450001,226.873993,46.264999,22.476999,4.123500,104.480003,187.225281,118.054344,134.911407,4.398400,320.549988,32.459999,28.980000,25.610001,38.610001,,28.190001,2.969999,204.179993,108.076813,70.340591,17.251175,4.465000
2018-11-21,45.889999,228.358994,46.825001,22.895000,4.158500,104.739998,187.506042,118.188713,135.090393,4.429600,324.049988,32.740002,29.174999,25.850000,38.775002,,28.094999,2.955902,204.240005,108.136276,70.782509,17.419264,4.465000
2018-11-22,45.369999,225.106003,46.490002,22.607000,4.120000,104.769997,187.768707,117.455605,135.184586,4.386400,318.500000,32.355000,28.844999,25.575001,38.470001,,27.855000,2.962444,204.470001,108.170265,70.873680,17.256693,4.465000
2018-11-23,45.779999,227.628006,46.645000,22.702000,4.177000,105.000000,188.194397,118.270195,135.222275,4.419200,322.649994,32.709999,29.100000,25.795000,38.930000,,28.320000,2.987443,203.570007,108.289200,70.817566,17.429523,4.429000
2018-11-26,46.134998,229.022995,47.220001,22.914000,4.199000,104.870003,188.629166,117.952522,135.335312,4.449600,325.700012,33.029999,29.250000,26.014999,38.994999,,28.309999,2.977397,204.600006,108.221230,70.922798,17.424784,4.370000
2018-11-27,46.349998,230.964005,47.125000,23.069000,4.204000,104.570000,188.574829,118.644875,135.307083,4.474400,330.450012,33.330002,29.355000,26.180000,39.099998,,28.490000,2.992350,204.630005,108.306198,70.586098,17.512386,4.370000
2018-11-28,46.625000,232.955994,47.095001,23.226000,4.225500,104.709999,188.828415,118.583832,135.278809,4.500000,332.549988,33.665001,29.584999,26.170000,39.415001,,28.855000,2.989857,204.660004,108.204247,70.565056,17.629972,4.370000
2018-11-29,46.794998,234.460007,47.185001,23.371000,4.247500,104.769997,189.399048,118.710083,135.325897,4.521600,336.899994,34.029999,29.650000,26.215000,39.384998,,29.155001,2.967818,205.330002,108.212723,70.628181,17.509233,4.418500
2018-11-30,47.025002,236.095993,47.105000,23.289000,4.265000,104.889999,189.308472,119.088875,135.325897,4.541600,339.549988,34.200001,29.830000,26.295000,39.650002,,29.360001,2.987288,205.800003,108.357162,70.551025,17.562891,4.418500
2018-12-03,47.669998,239.348007,47.639999,23.785999,4.293500,105.790001,189.679825,119.333229,135.457779,4.596800,346.700012,34.685001,30.110001,26.625000,39.744999,,29.625000,2.991259,206.470001,108.314682,70.754440,17.627605,4.471500
2018-12-04,47.349998,238.031006,47.255001,23.726999,4.252000,106.190002,189.870041,119.972672,135.523712,4.568800,343.799988,34.605000,29.950001,26.285000,39.915001,,29.625000,3.039389,206.740005,108.314682,70.431778,17.693897,4.500000
2018-12-05,46.465000,233.037003,46.705002,23.406000,4.187000,106.070000,189.942505,119.940117,135.523712,4.492800,335.250000,33.935001,29.434999,25.950001,39.419998,,29.065001,3.045229,207.000000,108.042847,70.284462,17.513176,4.501500
2018-12-06,45.110001,226.117004,45.270000,22.606001,4.077500,106.239998,189.915329,120.705811,135.382431,4.366400,327.000000,32.970001,28.650000,25.209999,38.560001,,28.165001,3.079731,206.259995,108.042847,69.968826,17.334038,4.405500
2018-12-07,45.500000,227.748993,45.535000,22.836000,4.118000,106.400002,189.625504,120.494026,135.391846,4.402400,327.700012,33.115002,28.815001,25.290001,38.919998,,28.209999,3.054342,206.770004,108.102318,70.179260,17.683634,4.500000
2018-12-10,44.525002,222.621002,44.724998,22.184000,4.025500,106.669998,190.069290,122.905228,135.401260,4.312000,321.950012,32.560001,28.215000,24.735001,38.415001,,27.670000,3.087285,206.470001,107.906906,69.786438,17.357716,4.500000
2018-12-11,45.505001,228.516006,45.389999,22.636000,4.090500,106.860001,189.879105,122.856346,135.410690,4.397600,331.500000,33.365002,28.870001,25.205000,39.130001,,28.500000,3.101848,206.500000,108.110802,69.933739,17.609453,4.469000
2018-12-12,45.910000,229.822006,46.134998,23.066999,4.119500,106.709999,189.707016,121.145706,135.457779,4.436800,335.950012,33.689999,29.105000,25.504999,39.189999,,28.799999,3.075603,206.899994,108.093803,70.431778,17.566847,4.444500
2018-12-13,45.665001,228.468994,46.125000,23.031000,4.094500,106.489998,190.078354,121.227173,135.504868,4.410400,332.750000,33.474998,28.995001,25.375000,39.145000,,28.645000,3.064441,206.880005,108.306198,70.691307,17.504498,4.431000
2018-12-14,45.360001,226.811996,45.814999,22.948999,4.065000,106.779999,190.322922,122.298363,135.561401,4.388800,330.299988,33.250000,28.750000,25.309999,39.000000,,28.125000,3.092880,207.240005,108.645996,70.635193,17.553425,4.421000
2018-12-17,44.785000,223.410995,45.270000,22.733000,4.000500,106.610001,190.078354,122.078415,135.533142,4.320800,324.299988,32.639999,28.395000,25.075001,38.505001,,27.709999,3.090036,206.970001,108.476089,70.494896,17.304834,4.346500
2018-12-18,44.185001,219.996994,44.825001,22.598000,3.943000,106.820000,190.322922,122.123199,135.542557,4.266400,318.700012,32.185001,28.120001,24.844999,38.110001,,27.290001,3.104730,206.880005,108.510086,70.494896,17.144634,4.289000
2018-12-19,44.134998,219.218994,45.060001,22.627001,3.918500,106.910004,190.685196,122.123199,135.655594,4.254400,318.799988,32.180000,28.080000,24.735001,37.924999,,27.094999,3.110418,207.470001,108.561035,70.536995,17.051516,4.273000
2018-12-20,42.959999,212.414993,44.384998,22.318001,3.817500,107.230003,191.527573,122.599747,135.702698,4.147200,305.799988,31.129999,27.360001,24.139999,37.279999,,26.485001,3.144860,207.529999,108.391136,70.060013,16.834494,4.251500
2018-12-21,42.845001,212.240005,44.365002,22.351000,3.794000,107.349998,191.056549,122.037682,135.627319,4.135200,303.649994,31.110001,27.254999,23.990000,37.290001,,26.459999,3.118949,206.440002,108.374138,70.038963,16.795826,4.227500
2018-12-24,41.805000,205.203003,43.834999,22.100000,3.794000,107.709999,190.938812,122.461266,135.608505,4.135200,294.299988,31.110001,27.254999,23.990000,37.290001,,26.459999,3.118949,206.520004,108.348671,69.853088,16.428864,4.227500
2018-12-27,42.259998,208.912003,43.509998,22.177999,3.767500,108.620003,191.092804,122.611969,135.655594,4.082400,300.850006,30.615000,27.025000,23.540001,36.535000,,26.094999,3.136486,206.479996,108.527069,70.017929,16.246565,4.170500
2018-12-28,42.980000,212.654007,44.314999,22.464001,3.841000,108.660004,191.147125,122.465332,135.665009,4.164000,306.549988,31.365000,27.584999,24.075001,37.220001,,26.745001,3.110812,206.029999,108.467606,70.095093,16.379143,4.152000
2018-12-31,43.299999,214.253006,44.775002,22.659000,3.841000,109.019997,191.056549,121.813667,135.646164,4.164000,309.399994,31.365000,27.584999,24.075001,37.220001,,26.745001,3.110812,205.990005,108.501579,70.133667,16.486471,4.152000
2019-01-02,43.435001,215.677994,44.474998,22.587999,3.892500,110.160004,191.753967,124.200371,135.665009,4.194400,311.299988,31.570000,27.740000,24.230000,37.275002,,26.809999,3.164925,206.199997,108.739456,70.031944,16.354681,4.169000
2019-01-03,42.785000,211.326004,44.064999,22.136999,3.860000,110.080002,191.092804,124.909103,135.523712,4.141600,303.950012,31.055000,27.275000,24.115000,37.014999,,26.540001,3.195101,205.309998,108.603508,69.758385,16.368099,4.131000
2019-01-04,43.779999,215.761002,45.285000,22.780001,3.922500,109.440002,190.567429,123.084419,135.570816,4.228800,312.450012,31.615000,27.855000,24.780001,37.529999,,27.010000,3.156709,204.919998,108.340172,70.081055,16.575644,4.202500
2019-01-07,43.994999,217.451004,45.205002,22.677999,3.976500,109.260002,190.694244,122.632317,135.523712,4.256800,314.750000,31.860001,27.940001,24.905001,37.564999,,27.145000,3.147704,205.059998,108.051323,70.284462,16.610371,4.214500
2019-01-08,44.195000,218.003998,45.540001,22.732000,4.005000,109.209999,190.042145,122.579391,135.514297,4.272800,315.899994,31.905001,28.090000,24.995001,37.605000,,27.075001,3.143754,205.009995,108.034332,70.459839,16.842386,4.225000
2019-01-09,44.450001,219.388000,45.805000,23.084000,4.034000,108.879997,190.558395,122.139503,135.542557,4.298400,319.200012,32.174999,28.260000,25.075001,37.639999,,27.379999,3.097146,205.929993,108.289200,70.859657,16.805298,4.242000
2019-01-10,44.535000,219.753006,45.955002,23.167999,4.040500,108.839996,190.938812,122.147652,135.542557,4.316800,319.200012,32.200001,28.309999,25.250000,37.834999,,27.410000,3.101570,206.259995,108.306198,70.852654,16.953657,4.236500
2019-01-11,44.680000,220.707993,46.005001,23.254000,4.053500,109.349998,191.219574,121.797386,135.580246,4.328000,320.049988,32.294998,28.379999,25.315001,37.930000,,27.445000,3.114130,206.309998,108.391136,70.985901,17.128059,4.255500
2019-01-14,44.584999,220.220993,45.790001,23.090000,4.039500,109.370003,191.473190,121.125366,135.636765,4.312800,318.899994,32.150002,28.240000,25.235001,37.755001,,27.305000,3.102280,206.350006,108.467606,70.880707,17.147797,4.270500
2019-01-15,45.084999,223.143005,45.945000,23.386999,4.075000,109.949997,191.753967,122.334984,135.646164,4.364000,324.799988,32.650002,28.580000,25.540001,38.189999,,27.754999,3.111681,206.339996,108.696976,70.985901,17.320623,4.303500
2019-01-16,45.384998,224.809998,46.160000,23.669001,4.120500,110.419998,191.772079,121.186440,135.712128,4.396000,327.750000,32.805000,28.754999,25.684999,38.320000,,27.885000,3.108600,206.520004,108.875381,71.364693,17.368761,4.335000
2019-01-17,45.439999,225.276993,46.189999,23.611000,4.126000,110.349998,191.835510,120.477745,135.693283,4.398400,327.549988,32.845001,28.840000,25.540001,38.419998,,27.940001,3.117053,206.360001,108.800697,71.315582,17.448469,4.315500
2019-01-18,46.314999,229.820999,47.025002,23.959999,4.196000,109.860001,191.817337,120.241524,135.730957,4.475200,334.000000,33.369999,29.395000,26.000000,38.849998,,28.264999,3.105598,206.509995,108.988693,71.533043,17.593678,4.376500
2019-01-21,46.165001,229.182999,46.939999,23.804001,4.182500,109.550003,191.581879,120.379997,135.702698,4.462400,331.399994,33.275002,29.275000,25.924999,38.785000,,28.320000,3.105836,206.270004,109.022873,71.476936,17.581043,4.362500
2019-01-22,45.919998,227.936996,46.735001,23.639000,4.164500,109.690002,191.971344,120.135597,135.730957,4.440800,329.350006,33.180000,29.160000,25.754999,38.724998,,28.184999,3.124242,206.139999,109.005791,71.322594,17.576313,4.362500
2019-01-23,45.615002,226.067993,46.674999,23.608000,4.127500,109.699997,191.917038,119.092926,135.712128,4.408800,325.299988,32.950001,28.940001,25.639999,38.619999,,28.030001,3.119107,206.470001,109.082687,71.312088,17.521069,4.321000
2019-01-24,45.895000,227.565994,46.794998,23.997999,4.143000,110.010002,192.831802,119.773117,135.768631,4.442400,328.250000,33.029999,29.080000,25.910000,38.750000,,28.055000,3.148494,207.179993,109.373230,71.420807,17.662331,4.345000
2019-01-25,46.180000,228.759003,47.064999,24.198999,4.201000,110.809998,192.976715,118.253922,135.759216,4.471200,331.399994,33.174999,29.209999,26.059999,38.764999,,27.959999,3.121793,207.330002,109.415962,71.533043,17.783865,4.347500
2019-01-28,45.580002,225.345993,46.630001,23.834000,4.178000,110.779999,192.786530,118.400543,135.730957,4.418400,325.399994,32.680000,28.879999,25.760000,38.410000,,27.549999,3.116579,206.949997,109.339066,71.497963,17.812273,4.278500
2019-01-29,45.750000,225.772003,46.974998,23.914000,4.184500,111.410004,192.813690,118.738617,135.749786,4.434400,323.600006,32.709999,29.025000,25.875000,38.654999,,27.665001,3.115552,206.970001,109.364685,71.434845,18.023769,4.314000
2019-01-30,46.084999,227.876007,47.205002,24.077999,4.194000,111.660004,193.067322,119.426933,135.730957,4.463200,327.850006,33.080002,29.219999,25.975000,38.904999,,27.930000,3.122582,207.229996,109.407410,71.582146,18.185551,4.351000
2019-01-31,46.500000,230.699997,47.305000,24.546000,4.227500,112.190002,193.465820,119.565399,135.721542,4.504000,336.250000,33.439999,29.530001,26.080000,39.095001,,28.270000,3.139409,207.729996,109.903061,71.862717,18.235260,4.357500
2019-02-01,46.525002,231.110992,47.415001,24.347000,4.232500,111.680000,193.148788,119.589821,135.608505,4.507200,335.350006,33.415001,29.660000,26.059999,39.070000,,28.420000,3.117131,207.199997,109.954323,71.911812,17.957478,4.333000
2019-02-04,46.720001,232.348999,47.445000,24.547001,4.274500,111.839996,192.858978,119.565399,135.589661,4.528000,338.799988,33.650002,29.850000,26.075001,39.334999,,28.325001,3.110338,206.970001,109.885933,71.908310,18.183966,4.350500
2019-02-05,47.240002,234.462006,48.150002,24.778000,4.314000,112.070000,192.741241,120.982780,135.561401,4.575200,342.500000,34.044998,30.240000,26.344999,39.669998,,28.680000,3.141384,206.800003,110.321800,72.269554,18.270779,4.361500
2019-02-06,47.290001,235.065994,48.205002,24.705000,4.315000,112.129997,192.732193,121.047951,135.533142,4.577600,343.600006,33.985001,30.295000,26.370001,39.685001,,28.575001,3.149521,206.610001,110.279045,72.276566,18.329960,4.371000
2019-02-07,46.660000,232.022003,47.509998,24.253000,4.259000,112.220001,192.623474,121.011292,135.420090,4.516000,337.600006,33.619999,29.950001,25.915001,39.424999,,28.260000,3.166347,205.869995,110.253403,72.003014,18.400204,4.323500
2019-02-08,46.619999,232.117004,47.235001,24.153000,4.248500,112.830002,192.659729,121.650757,135.354156,4.508800,337.649994,33.709999,30.010000,25.719999,39.660000,,28.325001,3.193758,205.350006,110.210678,71.848701,18.482269,4.338000
2019-02-11,47.119999,235.171997,47.639999,24.402000,4.301000,112.889999,192.949554,122.123199,135.420090,4.557600,342.350006,34.075001,30.315001,26.004999,39.955002,,28.535000,3.202290,205.539993,110.185051,71.890778,18.591967,4.329000
2019-02-12,47.520000,237.309006,47.840000,24.497999,4.342000,112.620003,192.976715,121.618164,135.486038,4.593600,345.600006,34.320000,30.545000,26.254999,40.110001,,28.740000,3.174247,205.970001,110.321800,72.073166,18.401779,4.329000
2019-02-13,47.764999,238.636993,48.134998,24.407000,4.371000,113.190002,193.266556,121.638542,135.542557,4.612800,347.100006,34.470001,30.715000,26.395000,40.189999,,28.825001,3.179381,206.240005,110.424324,72.136269,18.464119,4.365000
2019-02-14,47.654999,237.880997,48.035000,24.266001,4.375500,113.050003,193.393356,122.823746,135.523712,4.601600,346.049988,34.459999,30.670000,26.309999,40.150002,,28.920000,3.194391,206.309998,110.381569,72.066132,18.467138,4.348500
2019-02-15,48.220001,240.645996,48.705002,24.443001,4.439000,113.550003,193.076355,122.237244,135.533142,4.654400,348.500000,34.785000,30.969999,26.684999,40.615002,,29.360001,3.202764,206.580002,110.492668,72.381783,18.626066,4.394000
2019-02-18,48.230000,240.561996,48.814999,24.410999,4.435000,114.040001,193.483932,121.357491,135.599091,4.656800,348.899994,34.840000,30.959999,26.709999,40.505001,,29.389999,3.191626,206.820007,110.578133,72.371262,18.559319,4.409500
2019-02-19,48.174999,240.061996,48.744999,24.433001,4.430500,114.790001,193.574493,120.697701,135.570816,4.645600,348.049988,34.779999,30.934999,26.709999,40.555000,,29.275000,3.191468,206.889999,110.680702,72.508041,18.602224,4.399000
2019-02-20,48.255001,240.104004,49.049999,24.705999,4.441000,115.070000,193.375244,120.241524,135.514297,4.664000,348.250000,34.750000,30.985001,26.855000,40.535000,,29.180000,3.169270,206.570007,110.569603,72.501030,18.440123,4.418000
2019-02-21,48.195000,239.977005,48.930000,24.507999,4.435000,114.230003,193.248444,120.086723,135.514297,4.656000,346.700012,34.779999,30.980000,26.730000,40.599998,,29.055000,3.155682,206.330002,110.561058,72.676384,18.459198,4.435500
2019-02-22,48.455002,241.348007,49.049999,24.868000,4.445500,114.089996,193.492996,120.355553,135.486038,4.684000,349.299988,35.084999,31.230000,26.785000,40.794998,,29.200001,3.173930,206.160004,110.595230,72.669365,18.668180,4.450000
2019-02-25,48.674999,242.718994,49.165001,25.167999,4.465500,113.699997,193.474884,120.119331,135.617920,4.708800,351.899994,35.205002,31.325001,26.915001,40.810001,,29.360001,3.154497,206.449997,110.535416,72.862267,18.532305,4.402000
2019-02-26,48.564999,241.496994,49.340000,24.971001,4.445500,113.510002,193.637909,118.718231,135.655594,4.691200,350.100006,35.055000,31.264999,26.875000,40.625000,,29.230000,3.163976,206.520004,110.680702,73.041130,18.485409,4.393500
2019-02-27,48.369999,240.218002,49.165001,24.770000,4.426000,112.930000,193.348083,117.887360,135.580246,4.672000,348.200012,34.955002,31.165001,26.745001,40.540001,,29.084999,3.139883,205.770004,110.672142,73.118309,18.312187,4.421500
2019-02-28,48.340000,240.360001,49.224998,24.488001,4.432500,112.320000,193.157867,117.732590,135.617920,4.664000,348.850006,35.070000,31.170000,26.629999,40.665001,,29.080000,3.115236,206.009995,110.655067,73.055168,18.464758,4.399000
2019-03-01,48.389999,240.589996,49.419998,24.483999,4.440500,111.370003,193.103516,118.147987,135.570816,4.667200,349.149994,35.080002,31.254999,26.610001,40.570000,,29.225000,3.105520,206.350006,110.749046,73.195457,18.237494,4.371000
2019-03-04,48.580002,241.854004,49.570000,24.597000,4.458500,110.550003,193.474884,118.783363,135.636765,4.688000,352.000000,35.165001,31.445000,26.635000,40.709999,,29.340000,3.133958,206.899994,110.885765,73.300674,18.330467,4.391500
2019-03-05,48.674999,242.382004,49.715000,24.961000,4.463500,110.489998,193.520172,118.970741,135.617920,4.703200,353.950012,35.294998,31.510000,26.625000,40.875000,,29.389999,3.134590,207.070007,110.757599,73.223526,18.544218,4.412500
2019-03-06,48.465000,240.893005,49.630001,24.909000,4.414500,110.519997,194.344376,119.459503,135.749786,4.682400,351.600006,35.080002,31.400000,26.465000,40.700001,,29.055000,3.151258,207.649994,110.680702,73.125320,18.483034,4.388500
2019-03-07,48.459999,240.813995,49.485001,24.687000,4.407000,111.370003,195.585251,120.233368,135.938171,4.679200,351.500000,35.150002,31.405001,26.370001,40.869999,,29.040001,3.196365,208.679993,110.937073,72.992035,18.629248,4.412000
2019-03-08,47.985001,238.492004,49.029999,24.316000,4.353000,112.400002,195.277313,120.885048,135.834564,4.625600,347.250000,34.805000,31.129999,26.049999,40.575001,,28.735001,3.195576,207.679993,110.783218,72.753571,18.499723,4.389000
2019-03-11,48.645000,242.367996,49.400002,24.790001,4.403500,111.860001,195.349777,120.331116,135.815735,4.690400,355.299988,35.275002,31.590000,26.424999,41.000000,,29.059999,3.198183,207.839996,110.808853,72.918404,18.624481,4.396000
2019-03-12,48.639999,242.789001,49.299999,24.827000,4.411000,111.739998,195.177643,120.599930,135.768631,4.696000,356.899994,35.310001,31.610001,26.430000,41.009998,,29.139999,3.190757,208.100006,111.107948,73.079720,18.727779,4.401500
2019-03-13,48.945000,244.203003,49.654999,24.739000,4.431500,112.500000,195.259201,119.524673,135.740402,4.715200,359.250000,35.549999,31.745001,26.584999,41.200001,,29.465000,3.194706,208.229996,111.227585,73.223526,18.831085,4.429000
2019-03-14,48.970001,244.184998,50.049999,24.655001,4.429000,111.419998,195.295425,118.828186,135.844009,4.717600,358.850006,35.555000,31.764999,26.514999,41.160000,,29.445000,3.172746,208.539993,111.407059,73.459915,18.833466,4.432000
2019-03-15,49.235001,245.181000,50.419998,24.976999,4.448000,111.809998,195.431274,118.962601,135.815735,4.739200,361.299988,35.744999,31.910000,26.674999,41.330002,,29.559999,3.180962,208.440002,111.441231,73.452782,18.795324,4.431500
2019-03-18,49.180000,244.623001,50.540001,25.122999,4.434500,111.900002,195.748260,119.606117,135.872284,4.739200,359.700012,35.700001,31.865000,26.745001,41.205002,,29.420000,3.187834,208.809998,111.526665,73.531296,18.719036,4.442000
2019-03-19,49.470001,246.332001,50.840000,25.243999,4.468000,111.889999,195.313522,119.101082,135.778046,4.767200,363.200012,35.930000,32.020000,26.969999,41.270000,,29.645000,3.173772,208.490005,111.637772,73.666916,18.754795,4.444500
2019-03-20,48.959999,243.365005,50.369999,24.966000,4.401500,111.430000,195.268234,119.850533,135.787460,4.713600,360.649994,35.535000,31.639999,26.620001,40.889999,,29.355000,3.186333,208.710007,111.475403,73.388542,18.619711,4.459000
2019-03-21,49.314999,245.964005,50.320000,25.063000,4.445500,111.739998,196.155869,122.286133,135.778046,4.748000,366.399994,35.990002,31.885000,26.775000,41.255001,,29.459999,3.214930,209.669998,111.731750,73.524155,18.901802,4.459000
2019-03-22,48.939999,244.401993,49.705002,24.726000,4.375000,113.010002,196.817093,121.288231,135.844009,4.708000,364.950012,35.820000,31.684999,26.570000,41.330002,,29.240000,3.278759,209.119995,111.791603,73.388542,18.954247,4.447500
2019-03-25,48.669998,242.748001,49.520000,24.687000,4.355000,113.610001,196.337006,121.752556,135.787460,4.677600,360.750000,35.610001,31.504999,26.340000,41.224998,,28.990000,3.277969,208.919998,111.663422,73.231506,18.950275,4.458500
2019-03-26,49.075001,244.785004,49.935001,24.787001,4.404500,113.209999,196.554398,121.324905,135.796890,4.723200,364.299988,35.994999,31.820000,26.590000,41.645000,,29.370001,3.279470,208.729996,111.731750,73.431366,19.075033,4.477000
2019-03-27,49.035000,244.205994,50.060001,24.676001,4.396000,113.220001,197.405792,121.715935,135.909943,4.712800,361.850006,35.834999,31.785000,26.615000,41.630001,,29.184999,3.312728,208.800003,112.056488,73.474190,19.133039,4.459000
2019-03-28,49.169998,245.363998,49.939999,24.726999,4.416000,111.669998,197.016327,122.954109,135.872284,4.727200,363.399994,36.040001,31.955000,26.570000,41.794998,,29.330000,3.335558,208.429993,112.073601,73.509880,19.239525,4.444500
2019-03-29,49.535000,247.380997,50.310001,25.108000,4.449000,112.220001,196.998215,123.235092,135.825150,4.766400,366.500000,36.279999,32.160000,26.745001,41.919998,,29.580000,3.329396,208.610001,112.073601,73.724014,19.296732,4.463000
2019-04-01,50.099998,250.182007,50.855000,25.474001,4.499000,112.029999,196.346054,121.744438,135.796890,4.822400,371.250000,36.584999,32.470001,27.184999,42.134998,,29.790001,3.302063,208.559998,112.167595,73.848907,19.266541,4.494000
2019-04-02,50.299999,251.343994,51.064999,25.478001,4.501000,112.180000,196.572479,122.668983,135.825150,4.836800,373.700012,36.680000,32.595001,27.245001,42.160000,,29.780001,3.310516,208.820007,112.270134,74.041634,19.330896,4.497500
2019-04-03,50.540001,252.074005,51.505001,25.712999,4.529000,111.620003,195.992844,121.276039,135.778046,4.861600,377.250000,36.759998,32.750000,27.420000,42.110001,,29.690001,3.267542,208.190002,112.124878,74.216507,19.433407,4.497000
2019-04-04,50.375000,251.483994,51.435001,25.688000,4.520000,111.650002,196.355103,122.029533,135.730957,4.850400,374.750000,36.590000,32.665001,27.405001,41.985001,,29.520000,3.277337,208.550003,112.082153,74.137993,19.325340,4.512500
2019-04-05,50.625000,253.016998,51.544998,25.916000,4.551500,111.980003,196.445709,122.599747,135.740402,4.875200,377.350006,36.790001,32.794998,27.500000,42.105000,,29.730000,3.280339,208.679993,112.150520,74.252174,19.346798,4.520000
2019-04-08,50.465000,252.057007,51.430000,25.781000,4.536000,112.029999,196.346054,122.290207,135.740402,4.859200,376.200012,36.645000,32.689999,27.400000,41.900002,,29.590000,3.265014,208.990005,112.141960,74.230774,19.214886,4.528500
2019-04-09,50.240002,251.024002,51.174999,25.761999,4.509000,112.510002,196.608749,122.351303,135.768631,4.844000,375.799988,36.619999,32.570000,27.215000,41.799999,,29.514999,3.274099,209.100006,112.201767,74.173668,19.120327,4.517000
2019-04-10,50.340000,251.565994,51.334999,25.908001,4.523000,112.949997,197.297073,122.233177,135.844009,4.863200,377.049988,36.689999,32.625000,27.275000,41.924999,,29.570000,3.279707,209.449997,112.406883,74.302147,19.233961,4.541500
2019-04-11,50.389999,252.041000,51.435001,25.608999,4.532000,111.730003,197.288055,122.106934,135.825150,4.865600,377.399994,36.639999,32.680000,27.280001,41.919998,,29.305000,3.267621,209.279999,112.355591,74.373520,19.231577,4.518000
2019-04-12,50.424999,251.951004,51.505001,25.730000,4.541000,111.059998,196.554398,121.345284,135.834564,4.868000,375.899994,36.529999,32.685001,27.285000,41.830002,,28.965000,3.227727,209.029999,112.218864,74.505569,19.127476,4.501500
2019-04-15,50.494999,252.223999,51.570000,25.565001,4.551500,110.809998,196.201141,121.341225,135.806305,4.870400,375.899994,36.584999,32.730000,27.325001,41.869999,,28.879999,3.228833,208.720001,112.261589,74.537704,19.140188,4.486000
2019-04-16,50.709999,253.214005,51.764999,25.771999,4.559500,109.760002,196.155869,121.557076,135.787460,4.889600,379.000000,36.715000,32.924999,27.434999,41.980000,,28.830000,3.217537,208.699997,112.372681,74.666168,18.975698,4.472000
2019-04-17,50.560001,252.225998,51.805000,25.826000,4.531000,109.669998,195.974716,121.646683,135.740402,4.879200,378.850006,36.439999,32.845001,27.430000,41.645000,,27.950001,3.223382,208.529999,112.304321,74.644753,18.684870,4.465000
2019-04-18,50.759998,253.397003,51.959999,25.936001,4.542500,110.230003,196.518143,122.261658,135.787460,4.892000,381.350006,36.555000,33.025002,27.510000,41.779999,,27.674999,3.245817,209.149994,112.603424,74.737518,18.861275,4.476000
2019-04-23,51.279999,256.837006,52.075001,25.920000,4.588500,110.059998,195.784515,122.884834,135.712128,4.929600,388.399994,37.119999,33.375000,27.565001,42.070000,,28.320000,3.248109,208.910004,112.526497,74.751823,18.925638,4.488500
2019-04-24,51.340000,257.654999,52.044998,25.716000,4.612000,110.820000,196.798950,123.271790,135.759216,4.934400,390.600006,37.340000,33.459999,27.385000,42.165001,,28.410000,3.274414,209.029999,112.876854,74.673317,19.102049,4.491500
2019-04-25,51.435001,258.454010,51.974998,25.670000,4.606500,111.589996,196.346054,123.605774,135.721542,4.939200,392.649994,37.505001,33.474998,27.355000,42.314999,,28.635000,3.288318,208.750000,112.757240,74.487724,19.160057,4.507000
2019-04-26,51.459999,258.164001,52.064999,25.795000,4.609000,112.129997,196.898560,123.589455,135.778046,4.940800,390.450012,37.584999,33.415001,27.230000,42.455002,,28.834999,3.297876,208.830002,112.834152,74.494873,19.226009,4.468500
2019-04-29,51.615002,259.181000,52.145000,25.792000,4.639000,111.370003,196.844208,123.475426,135.759216,4.954400,392.200012,37.720001,33.474998,27.344999,42.419998,,28.990000,3.282235,209.059998,112.808495,74.480583,19.175152,4.449500
2019-04-30,51.345001,257.149994,52.250000,25.601000,4.600500,111.379997,196.889526,122.677116,135.749786,4.927200,386.100006,37.529999,33.259998,27.295000,42.450001,,28.805000,3.274019,209.630005,112.893982,74.466324,19.055960,4.439500
2019-05-01,51.345001,257.149994,52.250000,25.601000,4.600500,111.379997,196.889526,122.473488,135.749786,4.927200,386.100006,37.529999,33.259998,27.295000,42.450001,,28.805000,3.274019,209.630005,112.893982,74.459160,19.055960,4.439500
2019-05-02,51.119999,256.001007,51.955002,25.569000,4.564000,110.410004,196.934784,122.180222,135.844009,4.905600,386.250000,37.380001,33.084999,27.209999,42.244999,,28.844999,3.278838,209.460007,112.791412,74.252174,19.149729,4.395500
2019-05-03,51.490002,258.011993,52.189999,25.879999,4.614000,111.220001,196.980087,121.410454,135.825150,4.944000,390.200012,37.685001,33.349998,27.379999,42.549999,,29.100000,3.289029,209.460007,112.851234,74.209351,19.249847,4.416000
2019-05-06,51.049999,256.191010,51.595001,25.285999,4.592000,111.120003,197.115936,121.410454,135.825150,4.893600,387.200012,37.415001,33.009998,27.070000,42.244999,,28.915001,3.302300,209.229996,112.868301,74.209351,19.190250,4.375500
2019-05-07,50.595001,254.119995,50.970001,24.954000,4.563000,111.559998,197.306137,122.929657,135.872284,4.847200,383.149994,37.099998,32.764999,26.780001,42.139999,,28.865000,3.321101,209.360001,112.876854,73.909576,19.078209,4.358000
2019-05-08,50.415001,253.121002,51.009998,24.908001,4.536500,111.199997,197.315216,123.263641,135.796890,4.832800,381.350006,37.029999,32.645000,26.610001,41.950001,,28.815001,3.322366,209.160004,112.731598,73.745407,18.997952,4.354000
2019-05-09,49.555000,248.727005,50.294998,24.052000,4.455000,111.180000,196.943832,123.483551,135.796890,4.744000,372.899994,36.474998,32.110001,26.065001,41.505001,,28.450001,3.314387,208.460007,112.475235,73.445648,18.817577,4.301000
2019-05-10,49.450001,247.550995,50.395000,24.156000,4.453000,111.339996,197.152176,123.377678,135.778046,4.739200,369.799988,36.325001,32.014999,25.980000,41.535000,,28.275000,3.317625,208.389999,112.475235,73.581261,18.916107,4.326500
2019-05-13,49.105000,246.419998,49.814999,23.639999,4.405500,112.269997,197.115936,124.526237,135.740402,4.693600,365.500000,36.125000,31.770000,25.740000,41.575001,,28.200001,3.334768,208.570007,112.466675,73.338585,18.951073,4.301000
2019-05-14,49.735001,249.725998,50.349998,24.084999,4.456500,112.300003,197.170288,124.681023,135.665009,4.761600,370.399994,36.665001,32.189999,26.090000,42.090000,,28.465000,3.326552,208.160004,112.449577,73.574104,19.149729,4.380000
2019-05-15,49.939999,250.421005,50.639999,24.082001,4.472500,112.430000,197.360504,125.426369,135.683853,4.776000,374.149994,36.799999,32.360001,26.155001,42.160000,,28.455000,3.343300,208.000000,112.586327,73.559837,19.255413,4.406000
2019-05-16,50.634998,254.300003,51.275002,24.208000,4.527500,111.760002,197.798416,126.065895,135.740402,4.836000,380.750000,37.485001,32.785000,26.385000,42.799999,,28.945000,3.346538,208.389999,112.723045,73.788246,19.468054,4.439000
2019-05-17,50.500000,253.863007,51.084999,23.729000,4.496500,111.110001,197.934799,126.717751,135.721542,4.811200,379.799988,37.465000,32.709999,26.299999,42.730000,,28.924999,3.359968,208.479996,112.740128,73.888176,19.372719,4.422500
2019-05-20,49.980000,250.947998,50.650002,23.545000,4.434000,111.120003,197.543854,126.721886,135.693283,4.756000,370.700012,37.025002,32.345001,25.985001,42.605000,,28.660000,3.355859,208.179993,112.671783,73.745407,19.292601,4.424000
2019-05-21,50.279999,252.470993,50.980000,23.743000,4.472500,110.930000,197.671127,126.140121,135.721542,4.792000,373.399994,37.270000,32.560001,26.195000,42.814999,,28.969999,3.348355,208.279999,112.517960,73.909576,19.410372,4.429000
2019-05-22,50.220001,252.257996,50.935001,23.763000,4.454500,111.169998,197.862061,127.584183,135.740402,4.788800,372.899994,37.299999,32.570000,26.000000,42.805000,,28.965000,3.363128,208.729996,112.423935,73.823929,19.360704,4.384000
2019-05-23,49.544998,248.613007,50.240002,23.466999,4.391500,111.910004,198.125687,128.079285,135.759216,4.717600,366.299988,36.855000,32.145000,25.615000,42.680000,,28.915001,3.405944,208.339996,112.329964,73.517006,19.283787,4.327500
2019-05-24,49.605000,248.292007,50.549999,23.365000,4.388000,111.389999,198.598434,127.955498,135.853409,4.722400,365.549988,36.860001,32.150002,25.709999,42.709999,,29.055000,3.393146,208.910004,112.389801,73.652641,19.360704,4.327500
2019-05-27,49.735001,248.813995,50.685001,23.488001,4.407500,111.589996,198.453003,127.955498,135.740402,4.736000,365.149994,36.980000,32.230000,25.820000,42.825001,,29.115000,3.410605,208.830002,112.475235,73.652641,19.379126,4.361500
2019-05-28,49.700001,248.839996,50.500000,23.527000,4.404500,111.180000,198.443878,128.533142,135.702698,4.738400,366.399994,37.029999,32.235001,25.709999,42.674999,,29.035000,3.422454,208.929993,112.449577,73.588402,19.347086,4.377500
2019-05-29,49.115002,245.667007,49.880001,23.562000,4.353000,111.889999,198.898453,129.543991,135.759216,4.687200,362.049988,36.520000,31.790001,25.455000,42.285000,,28.500000,3.467009,209.240005,112.381218,73.388542,19.167620,4.401500
2019-05-30,49.230000,246.205002,50.174999,23.861000,4.362500,112.339996,198.843903,129.457336,135.749786,4.701600,363.250000,36.695000,31.889999,25.520000,42.360001,,28.584999,3.463453,209.220001,112.432503,73.438499,19.084305,4.399500
2019-05-31,48.895000,244.384003,49.724998,23.924999,4.324500,113.379997,199.198517,130.059708,135.749786,4.668800,360.000000,36.540001,31.629999,25.285000,42.340000,,28.469999,3.498054,209.619995,112.517960,73.224373,19.060266,4.350500
2019-06-03,48.645000,242.223007,49.895000,24.068001,4.299000,114.320000,199.462128,130.509445,135.749786,4.646400,353.350006,36.264999,31.430000,25.200001,42.380001,,28.535000,3.505085,209.899994,112.432503,73.124428,19.032228,4.280000
2019-06-04,48.955002,244.317001,50.189999,23.923000,4.341500,114.199997,199.934860,129.824524,135.834564,4.673600,354.750000,36.244999,31.620001,25.600000,42.404999,,28.605000,3.476014,210.330002,112.577782,73.381393,18.912855,4.280500
2019-06-05,49.285000,246.397995,50.340000,23.771000,4.361000,114.739998,200.353073,129.783264,135.862823,4.700000,357.899994,36.770000,31.815001,25.584999,42.785000,,28.825001,3.458240,210.619995,112.970856,73.524155,19.112345,4.223000
2019-06-06,49.435001,247.313995,50.369999,23.679001,4.348500,115.029999,200.634888,129.919449,135.825150,4.703200,359.000000,36.985001,31.969999,25.565001,42.970001,,28.910000,3.470010,210.350006,113.056343,73.652641,19.153204,4.199500
2019-06-07,49.880001,249.878998,50.814999,23.847000,4.373000,115.129997,201.434921,130.014313,135.947632,4.743200,366.000000,37.465000,32.294998,25.709999,43.259998,,29.084999,3.465192,211.160004,113.261406,73.909576,19.214087,4.212000
2019-06-10,50.349998,252.608002,51.029999,24.111000,4.373000,114.059998,200.807648,129.981339,135.900513,4.743200,373.750000,37.465000,32.294998,25.709999,43.259998,,29.084999,3.465192,210.889999,113.304123,74.009514,19.176439,4.212000
2019-06-11,50.294998,251.664001,51.294998,24.297001,4.406000,113.879997,201.134933,129.366562,135.938171,4.788800,371.850006,37.575001,32.645000,26.065001,43.174999,,29.325001,3.437938,211.130005,113.372505,74.102295,19.167620,4.218500
2019-06-12,50.105000,250.878006,51.150002,24.083000,4.388000,114.580002,200.716705,129.647110,135.862823,4.771200,369.899994,37.619999,32.525002,25.830000,43.250000,,29.320000,3.435568,210.259995,113.329773,73.859627,19.146797,4.234000
2019-06-13,50.305000,252.274002,51.139999,24.107000,4.421500,115.459999,201.116730,130.377411,135.909943,4.785600,372.149994,37.750000,32.639999,25.870001,43.360001,,29.420000,3.468149,210.399994,113.261406,73.966675,19.313438,4.260000
2019-06-14,50.400002,253.559998,50.955002,24.087999,4.431500,116.870003,201.762192,131.450134,135.928772,4.796000,373.100006,37.900002,32.715000,25.870001,43.639999,,29.500000,3.496242,210.350006,113.440849,73.895302,19.446430,4.307000
2019-06-17,50.430000,253.899994,50.900002,24.037001,4.420000,115.940002,201.471298,131.903992,135.966446,4.799200,375.250000,37.849998,32.740002,25.855000,43.580002,,29.490000,3.496083,210.389999,113.406685,73.984528,19.494497,4.293500
2019-06-18,51.180000,257.423004,51.735001,24.670000,4.484000,117.029999,203.380463,132.374329,136.098328,4.877600,383.149994,38.424999,33.275002,26.264999,43.970001,,29.955000,3.535220,213.619995,114.175774,74.487724,19.670753,4.339000
2019-06-19,51.095001,256.414001,51.755001,24.646999,4.480000,116.529999,202.944077,131.103561,136.107758,4.867200,380.600006,38.285000,33.125000,26.330000,43.884998,,30.080000,3.505767,213.710007,114.133057,74.594795,19.515324,4.311000
2019-06-20,51.270000,257.174011,52.014999,25.035999,4.496500,119.290001,203.271362,131.615173,136.088898,4.891200,382.649994,38.610001,33.320000,26.315001,44.070000,,30.135000,3.527297,214.889999,114.628670,74.858887,19.645109,4.345000
2019-06-21,51.255001,257.746002,51.820000,24.915001,4.476500,119.769997,202.344070,130.756989,136.041824,4.886400,383.399994,38.509998,33.310001,26.260000,43.945000,,29.915001,3.477754,214.279999,114.551765,74.858887,19.411173,4.331000
2019-06-24,50.895000,255.483994,51.669998,24.757999,4.424000,120.669998,202.634964,130.872498,136.088898,4.847200,380.250000,38.230000,33.070000,26.020000,43.755001,,29.780001,3.468070,214.309998,114.517593,74.851746,19.276579,4.306000
2019-06-25,50.689999,254.108002,51.599998,24.646000,4.407000,121.889999,203.098618,131.268616,136.013550,4.827200,376.549988,38.060001,32.915001,26.040001,43.764999,,29.830000,3.485438,213.830002,114.509056,74.666168,19.312635,4.355500
2019-06-26,50.514999,253.057999,51.459999,24.754000,4.391000,120.570000,202.807724,131.140656,136.051239,4.816800,375.899994,37.764999,32.820000,26.105000,43.365002,,29.400000,3.466309,213.699997,114.295418,74.716141,18.877605,4.372500
2019-06-27,50.590000,253.134003,51.455002,24.868000,4.409500,120.120003,202.798615,131.367615,136.070053,4.823200,376.000000,37.709999,32.799999,26.225000,43.220001,,29.549999,3.478635,213.809998,114.389412,74.851746,18.884014,4.367500
2019-06-28,50.799999,254.188004,51.794998,24.851000,4.466500,120.500000,203.216812,131.111786,136.060654,4.844000,376.600006,37.834999,32.889999,26.355000,43.340000,,29.559999,3.486158,214.289993,114.432137,75.008766,19.009798,4.375500
2019-07-01,51.500000,258.386993,52.240002,25.329000,4.515000,119.480003,204.144135,131.813232,136.201965,4.920800,384.700012,38.410000,33.340000,26.775000,43.755001,,30.025000,3.507367,215.160004,114.731239,75.180061,19.006592,4.327500
2019-07-02,51.590000,258.463989,52.419998,25.277000,4.520500,120.470001,204.544144,132.687881,136.249039,4.923200,384.399994,38.580002,33.439999,26.790001,44.014999,,30.049999,3.523776,215.190002,114.782501,75.230026,19.299812,4.289500
2019-07-03,52.099998,261.420013,52.834999,25.240999,4.570500,122.139999,205.771469,133.294388,136.352676,4.965600,389.149994,39.060001,33.840000,27.040001,44.615002,,30.424999,3.555710,216.940002,115.004692,75.458443,19.641111,4.328500
2019-07-04,52.220001,262.210999,52.919998,25.393999,4.587500,121.849998,205.635071,133.182968,136.296143,4.978400,391.000000,39.160000,33.924999,27.094999,44.705002,,30.535000,3.564034,216.770004,115.141426,75.444160,19.737244,4.341500
2019-07-05,52.130001,261.936005,52.560001,25.282000,4.574000,121.239998,204.816849,132.939560,136.220779,4.966400,389.549988,38.990002,33.805000,27.059999,44.544998,,30.450001,3.523215,216.979996,114.979057,75.326393,19.673151,4.375000
2019-07-08,52.029999,261.630005,52.480000,25.129999,4.562500,121.019997,204.335037,133.149979,136.201965,4.960800,387.950012,39.000000,33.724998,26.980000,44.575001,,30.120001,3.547866,216.529999,114.979057,75.262146,19.671547,4.364000
2019-07-09,51.959999,261.651001,52.230000,25.051001,4.536000,121.150002,204.316849,133.438812,136.154846,4.955200,389.450012,39.035000,33.680000,26.830000,44.595001,,30.205000,3.535141,216.419998,114.816704,75.208618,19.732435,4.365000
2019-07-10,52.020000,262.110992,52.134998,25.170000,4.539500,121.529999,203.835022,133.133484,136.183136,4.963200,391.850006,39.139999,33.705002,26.865000,44.669998,,30.190001,3.512810,216.539993,114.697029,75.230026,19.767691,4.420000
2019-07-11,52.105000,262.864014,52.064999,25.125000,4.537000,121.830002,203.580475,132.143280,136.192520,4.969600,394.149994,39.224998,33.750000,26.895000,44.599998,,30.120001,3.485038,216.360001,114.677795,75.244308,19.659533,4.436500
2019-07-12,52.200001,263.576996,52.075001,25.089001,4.567500,121.639999,202.853134,131.734833,136.145432,4.978400,394.100006,39.189999,33.865002,26.995001,44.580002,,29.850000,3.451022,216.130005,114.669197,75.155090,19.657927,4.457500
2019-07-15,52.275002,263.845001,52.200001,25.219999,4.563500,121.849998,203.871384,132.543472,136.230209,4.995200,395.000000,39.334999,33.895000,27.055000,44.639999,,29.895000,3.473833,216.970001,114.832436,75.208618,19.664341,4.445000
2019-07-16,52.450001,264.867004,52.345001,25.364000,4.582500,122.080002,204.035019,133.315018,136.277298,5.012800,396.649994,39.445000,34.025002,27.065001,44.730000,,29.930000,3.468550,217.100006,114.969925,75.165794,19.650723,4.444500
2019-07-17,52.154999,263.112000,52.139999,25.208000,4.553500,123.129997,204.444122,133.579086,136.277298,4.987200,394.399994,39.334999,33.834999,26.889999,44.674999,,29.950001,3.500485,217.369995,115.107414,75.015915,19.613869,4.406000
2019-07-18,51.875000,261.601013,52.020000,25.191999,4.520500,123.330002,204.880508,133.158234,136.220779,4.958400,390.750000,39.125000,33.700001,26.745001,44.520000,,29.915001,3.502486,218.089996,115.090218,74.816055,19.556984,4.357500
2019-07-19,52.244999,263.622009,52.090000,25.330000,4.559500,123.680000,205.080505,133.199524,136.258469,4.992800,394.649994,39.424999,33.930000,26.950001,44.720001,,30.004999,3.513771,218.880005,115.296410,74.944519,19.544971,4.381000
2019-07-22,52.029999,262.079987,52.139999,25.264000,4.542500,123.540001,204.907776,133.513062,136.286728,4.978400,393.250000,39.250000,33.764999,26.965000,44.459999,,29.870001,3.528737,218.479996,115.433907,75.037323,19.387142,4.389500
2019-07-23,52.555000,264.615997,52.665001,25.341999,4.577000,123.730003,205.307800,133.739975,136.249039,5.021600,397.000000,39.474998,34.029999,27.260000,44.680000,,30.055000,3.529218,218.610001,115.631531,75.130104,19.500906,4.395000
2019-07-24,52.755001,266.138000,52.724998,25.403000,4.612000,124.099998,205.907822,133.244904,136.315002,5.039200,400.049988,39.590000,34.165001,27.410000,44.744999,,30.035000,3.533379,219.529999,115.897858,75.287132,19.623478,4.435500
2019-07-25,52.665001,266.028992,52.400002,25.219000,4.619500,123.570000,205.653259,133.145844,136.305573,5.024800,398.500000,39.520000,34.095001,27.295000,44.709999,,30.094999,3.518253,219.550003,115.940826,75.469139,19.544167,4.409000
2019-07-26,52.965000,268.151001,52.615002,25.264000,4.639500,123.910004,205.580536,134.230942,136.267899,5.054400,403.200012,39.775002,34.314999,27.375000,45.035000,,30.195000,3.538982,220.059998,115.975197,75.444160,19.576212,4.395000
2019-07-29,52.855000,267.588989,52.619999,25.149000,4.621000,123.839996,205.844162,136.038086,136.230209,5.038400,400.350006,39.674999,34.310001,27.320000,45.150002,,30.080000,3.530658,220.020004,116.104095,75.344231,19.635504,4.391500
2019-07-30,52.544998,266.816010,51.924999,25.002001,4.602000,124.440002,205.771469,136.764236,136.239639,5.004800,399.750000,39.584999,34.075001,27.020000,44.915001,,30.115000,3.528338,219.690002,115.923645,75.144379,19.585827,4.388000
2019-07-31,52.650002,267.257996,52.035000,24.990999,4.642000,124.610001,206.480576,136.434158,136.324402,5.016800,400.799988,39.514999,34.115002,27.020000,44.875000,,30.264999,3.554189,220.440002,115.966606,75.065880,19.603458,4.415000
2019-08-01,52.959999,268.691986,52.310001,25.066000,4.655000,124.360001,206.398743,138.043259,136.296143,5.042400,404.399994,39.855000,34.305000,27.190001,45.195000,,30.445000,3.629264,219.979996,116.052528,75.072990,19.569004,4.375000
2019-08-02,51.320000,259.505005,50.980000,24.042999,4.494000,126.349998,206.935135,139.264526,136.230209,4.877600,386.299988,38.669998,33.209999,26.315001,44.555000,,29.934999,3.663840,219.660004,115.820534,74.866005,19.504911,4.309000
2019-08-05,49.974998,253.102997,49.794998,23.114000,4.378500,126.809998,207.053299,139.982437,136.267899,4.748000,373.549988,37.705002,32.299999,25.620001,43.794998,,29.379999,3.690732,219.600006,115.717438,74.523407,19.053066,4.273500
2019-08-06,49.654999,251.162003,49.494999,23.181999,4.357000,127.800003,207.553345,140.262970,136.333847,4.723200,371.700012,37.560001,32.130001,25.450001,43.669998,,29.174999,3.729469,220.490005,115.777557,74.673317,19.065075,4.255500
2019-08-07,49.775002,251.326004,49.599998,23.132000,4.367000,130.179993,208.598801,141.121170,136.418625,4.731200,373.399994,37.755001,32.150002,25.485001,43.950001,,29.200001,3.798702,221.320007,116.035355,74.744682,19.096315,4.192000
2019-08-08,50.845001,257.308014,50.529999,23.617001,4.455500,129.720001,207.862457,140.353714,136.315002,4.831200,382.950012,38.665001,32.875000,25.865000,44.730000,,29.785000,3.714183,220.600006,116.232971,74.951668,19.446430,4.273000
2019-08-09,50.500000,255.873993,50.055000,23.382999,4.428500,130.250000,206.807846,141.599777,136.032394,4.798400,379.850006,38.520000,32.660000,25.540001,44.634998,,29.780001,3.772609,219.639999,116.198593,74.823189,19.434408,4.299000
2019-08-12,50.209999,254.335999,49.889999,23.132999,4.395500,130.320007,207.298782,141.979355,136.117157,4.768800,378.549988,38.345001,32.470001,25.389999,44.395000,,29.760000,3.794219,220.279999,116.232971,74.680428,19.368713,4.273000
2019-08-13,50.735001,257.595001,50.189999,23.476000,4.430000,130.449997,207.998779,141.876175,136.154846,4.821600,384.750000,38.645000,32.830002,25.635000,44.785000,,30.040001,3.819911,221.330002,116.507896,74.866005,19.379929,4.307000
2019-08-14,50.020000,254.132004,49.389999,23.056000,4.358000,132.149994,208.871582,142.755020,136.258469,4.739200,379.600006,38.310001,32.360001,25.135000,44.389999,,29.745001,3.906031,221.740005,116.361824,74.573372,19.321445,4.278000
2019-08-15,49.915001,253.223999,49.310001,23.132999,4.337500,132.740005,210.098877,142.507431,136.390335,4.734400,377.399994,38.215000,32.314999,25.125000,44.500000,,29.615000,3.943087,223.649994,116.568047,74.609070,19.419985,4.299000
2019-08-16,50.634998,257.141998,49.919998,23.472000,4.403500,132.210007,209.535217,142.037094,136.315002,4.801600,383.450012,38.740002,32.794998,25.535000,45.020000,,30.040001,3.933723,223.089996,116.473534,74.741096,19.749477,4.294500
2019-08-19,51.235001,260.656006,50.445000,23.652000,4.458500,131.399994,209.071579,141.839066,136.315002,4.856800,390.100006,39.185001,33.230000,25.820000,45.435001,,30.280001,3.903629,222.380005,116.421974,74.965950,19.844067,4.287000
2019-08-20,51.090000,260.110992,50.125000,23.670000,4.442000,131.630005,209.935242,142.111389,136.380905,4.843200,389.850006,39.160000,33.099998,25.674999,45.314999,,30.290001,3.916035,223.089996,116.645378,75.015915,19.806877,4.285000
2019-08-21,51.320000,260.674011,50.715000,23.792999,4.464500,131.589996,209.780716,142.045349,136.277298,4.868000,391.100006,39.389999,33.275002,25.760000,45.384998,,30.365000,3.917876,222.759995,116.533669,75.322830,19.827896,4.302000
2019-08-22,51.115002,260.002014,50.474998,23.570000,4.456000,131.470001,209.207932,140.617783,136.324402,4.851200,388.250000,39.125000,33.115002,25.775000,45.264999,,30.180000,3.898747,222.679993,116.473534,75.429893,19.775349,4.289000
2019-08-23,50.384998,255.358002,50.075001,23.225000,4.400500,133.050003,209.389771,140.898331,136.324402,4.771200,379.899994,38.639999,32.595001,25.334999,44.855000,,29.740000,3.903949,222.669998,116.602417,75.451294,19.726032,4.235500
2019-08-26,50.415001,255.227005,50.115002,23.294001,4.398500,133.880005,209.553436,140.898331,136.286728,4.784000,380.399994,38.650002,32.619999,25.469999,45.020000,,29.785000,3.939966,222.740005,116.636772,75.451294,19.677526,4.281000
2019-08-27,50.685001,256.592987,50.485001,23.416000,4.405000,135.020004,210.317062,141.257309,136.465698,4.804000,382.750000,38.935001,32.834999,25.480000,45.305000,,29.985001,3.981825,223.910004,116.611000,75.458443,19.835981,4.280000
2019-08-28,50.740002,257.208008,50.330002,23.434000,4.407500,134.699997,210.935303,142.045349,136.475143,4.809600,383.149994,38.875000,32.855000,25.504999,45.285000,,29.950001,4.007115,224.199997,116.585243,75.465569,19.790710,4.327000
2019-08-29,51.435001,261.325012,50.895000,23.688000,4.449000,135.009995,210.771667,142.028854,136.559891,4.809600,390.450012,39.480000,33.294998,25.834999,45.610001,,30.180000,3.971740,224.169998,116.568047,75.658272,19.896616,4.362500
2019-08-30,51.759998,262.825989,51.275002,23.983000,4.481000,135.070007,210.698898,142.181503,136.559891,4.909600,390.850006,39.599998,33.459999,26.070000,45.924999,,30.375000,4.006476,223.380005,116.628181,75.722534,20.079323,4.364500
2019-09-02,51.820000,262.812012,51.369999,24.024000,4.485500,135.149994,210.617096,143.580200,136.616425,4.911200,391.250000,39.619999,33.485001,26.055000,45.930000,,30.410000,4.018483,223.169998,116.619583,75.743935,20.031622,4.357000
2019-09-03,51.680000,261.938995,51.305000,23.971001,4.453500,137.110001,211.198914,144.161911,136.691772,4.898400,389.750000,39.660000,33.400002,26.020000,46.095001,,30.270000,4.060902,223.789993,116.404778,75.651131,20.160975,4.357000
2019-09-04,51.959999,262.903992,51.755001,24.232000,4.477000,136.259995,210.853439,142.655945,136.654099,4.925600,390.899994,39.799999,33.610001,26.264999,46.220001,,30.205000,4.004395,223.970001,116.370430,75.693977,20.306496,4.407000
2019-09-05,52.570000,266.808014,52.150002,24.500999,4.526000,133.710007,209.317032,139.792633,136.550491,4.984800,398.700012,40.105000,34.070000,26.655001,46.180000,,30.405001,3.921317,223.110001,116.026741,75.815323,20.194931,4.413000
2019-09-06,52.599998,266.976013,52.272999,24.627001,4.543500,133.729996,210.098877,140.461029,136.635269,4.991200,398.700012,40.230000,34.119999,26.730000,46.365002,,30.525000,3.951411,223.910004,116.112686,75.786751,20.265270,4.385000
2019-09-09,52.634998,266.959991,52.174999,24.658001,4.544000,131.779999,209.444336,139.128357,136.569321,4.991200,398.700012,39.764999,34.025002,26.985001,45.910000,,30.145000,3.902829,223.020004,115.829124,75.722534,20.160164,4.417000
2019-09-10,52.404999,265.109009,52.244999,24.562000,4.548000,131.619995,208.707947,138.691040,136.531647,4.970400,393.399994,38.994999,33.750000,27.260000,45.485001,,29.875000,3.871775,222.000000,115.700256,75.565498,20.001715,4.439500
2019-09-11,53.125000,269.101990,52.654999,24.912001,4.622500,131.929993,209.153397,138.323822,136.559891,5.040000,401.100006,39.360001,34.209999,27.719999,45.930000,,30.420000,3.852406,222.389999,115.579964,75.522652,20.163399,4.450000
2019-09-12,53.224998,269.760986,52.794998,24.999001,4.629000,132.410004,209.198853,137.993744,136.305573,5.052800,402.649994,39.590000,34.235001,27.690001,46.080002,,30.430000,3.809667,223.559998,115.872078,75.956459,20.186037,4.405500
2019-09-13,53.250000,269.217987,52.915001,25.096001,4.651000,130.960007,207.917007,135.666733,136.249039,5.056000,399.850006,39.395000,34.230000,27.875000,45.900002,,30.350000,3.729389,222.020004,115.614334,75.956459,20.121359,4.421000
2019-09-16,53.244999,269.531006,52.625000,25.136000,4.666000,132.660004,208.453369,136.137115,136.371521,5.060800,399.850006,39.305000,34.240002,27.840000,45.915001,,30.440001,3.764846,223.229996,115.726044,75.934586,20.172295,4.575500
2019-09-17,53.090000,268.562012,52.610001,24.878000,4.639000,132.139999,207.998779,135.918411,136.324402,5.037600,398.450012,39.375000,34.165001,27.600000,45.955002,,30.379999,3.783416,222.580002,115.433907,75.825294,20.257179,4.507000
2019-09-18,53.005001,268.070007,52.590000,24.820999,4.622000,132.529999,208.898834,136.380508,136.371521,5.028800,398.399994,39.355000,34.115002,27.530001,45.915001,,30.330000,3.809987,223.029999,115.365166,75.876289,20.224035,4.473000
2019-09-19,53.470001,270.585999,52.959999,24.900999,4.668000,131.610001,208.562469,136.033936,136.333847,5.067200,402.700012,39.680000,34.369999,27.780001,46.310001,,30.639999,3.809667,222.759995,115.451065,75.912735,20.333981,4.479500
2019-09-20,53.560001,270.859985,53.084999,25.014999,4.672000,132.610001,208.580658,136.091705,136.324402,5.073600,401.600006,39.654999,34.404999,27.865000,46.465000,,30.924999,3.837520,222.639999,115.425293,75.803421,20.394617,4.495500
2019-09-23,53.235001,269.377991,52.720001,24.927000,4.652000,134.529999,209.844376,137.610031,136.390335,5.048800,398.700012,39.560001,34.244999,27.590000,46.494999,,30.764999,3.893065,223.330002,115.605743,75.650406,20.371170,4.508000
2019-09-24,53.195000,269.136993,52.625000,24.750000,4.636500,134.690002,210.107986,137.539902,136.324402,5.040800,397.200012,39.555000,34.200001,27.525000,46.660000,,30.820000,3.906511,223.619995,115.683067,75.635834,20.384106,4.494500
2019-09-25,53.099998,268.739014,52.349998,24.707001,4.628500,134.300003,209.753433,138.315552,136.343262,5.029600,395.399994,39.305000,34.139999,27.575001,46.599998,,30.605000,3.902829,223.949997,115.597130,75.358948,20.469807,4.485500
2019-09-26,53.189999,268.683990,52.744999,24.757000,4.632000,134.080002,209.717087,138.513596,136.286728,5.044800,396.350006,39.584999,34.205002,27.570000,46.814999,,30.415001,3.912993,223.039993,115.794754,75.373528,20.635532,4.463000
2019-09-27,53.369999,269.894012,52.990002,24.829000,4.627500,132.289993,209.698868,138.967438,136.371521,5.053600,397.750000,39.625000,34.334999,27.584999,46.709999,,30.520000,3.907231,222.850006,115.717438,75.366226,20.710718,4.465000
2019-09-30,53.459999,270.519989,53.154999,24.766001,4.624500,130.729996,209.744354,139.206741,136.428009,5.058400,397.649994,39.700001,34.445000,27.620001,46.834999,,30.600000,3.922438,222.179993,115.811935,75.388084,20.762453,4.447000
2019-10-01,52.985001,268.203003,52.424999,24.528000,4.608000,131.800003,209.371597,140.436249,136.409180,5.016000,396.450012,39.340000,34.080002,27.410000,46.509998,,30.334999,3.951091,221.710007,115.949409,75.402672,20.553070,4.437000
2019-10-02,51.580002,260.654999,51.014999,24.167999,4.485000,133.160004,209.062500,140.312500,136.371521,4.886400,385.649994,38.310001,33.139999,26.709999,45.634998,,29.660000,3.961016,221.279999,115.683067,75.125778,20.371975,4.402000
2019-10-03,51.540001,260.395996,50.990002,24.340000,4.485000,133.460007,209.717087,139.743134,136.362076,4.886400,386.149994,38.310001,33.139999,26.709999,45.634998,,29.660000,3.961016,221.330002,115.708832,74.936317,20.537706,4.402000
2019-10-04,52.279999,264.906006,51.459999,24.481001,4.529000,133.070007,209.826141,141.050995,136.343262,4.955200,394.149994,39.095001,33.639999,26.900000,46.314999,,30.145000,3.987828,221.830002,115.794754,74.907173,20.639574,4.429000
2019-10-07,52.520000,266.183990,51.840000,24.445999,4.555500,132.539993,209.507980,140.700333,136.343262,4.971200,396.149994,39.244999,33.790001,27.049999,46.445000,,30.299999,3.977823,221.520004,115.708832,74.848877,20.671911,4.422500
2019-10-08,51.820000,261.975006,51.205002,24.288000,4.504000,133.360001,210.026154,142.375412,136.352676,4.911200,390.450012,38.674999,33.365002,26.655001,46.119999,,29.855000,4.002635,221.949997,115.837730,74.652115,20.567625,4.424000
2019-10-09,51.970001,262.848999,51.419998,24.384001,4.510000,133.300003,209.253387,141.682236,136.267899,4.925600,391.850006,38.799999,33.439999,26.719999,46.180000,,29.905001,3.951012,221.550003,115.674484,74.958168,20.578943,4.445000
2019-10-10,52.375000,265.056000,51.860001,24.601999,4.525000,131.830002,208.189728,139.586334,136.258469,4.964000,395.450012,38.994999,33.685001,26.965000,46.259998,,30.045000,3.881699,220.740005,115.373734,75.016464,20.574093,4.415500
2019-10-11,53.110001,268.431000,52.915001,25.000999,4.610000,129.949997,207.880615,134.643539,136.277298,5.040000,400.549988,39.400002,34.250000,27.540001,46.415001,,30.410000,3.819590,220.610001,115.425293,75.293365,20.722845,4.441500
2019-10-14,52.834999,266.953003,52.665001,24.844000,4.575000,131.449997,208.044250,136.141251,136.192520,5.014400,399.350006,39.189999,34.084999,27.370001,46.185001,,30.245001,3.854167,221.110001,115.494041,75.264229,20.580561,4.440500
2019-10-15,53.290001,268.941986,53.230000,24.971001,4.612000,130.289993,207.726059,133.859634,136.239639,5.048800,402.549988,39.314999,34.360001,27.745001,46.244999,,30.600000,3.819991,221.210007,115.365166,75.475533,20.621790,4.437500
2019-10-16,53.084999,267.843994,53.160000,24.968000,4.601500,130.559998,207.380615,133.092209,136.201965,5.033600,400.899994,39.084999,34.195000,27.730000,46.075001,,30.535000,3.800781,221.020004,115.348000,75.446381,20.689695,4.417500
2019-10-17,52.884998,266.984009,53.130001,24.986000,4.599500,130.449997,207.880615,132.786911,136.173676,5.020800,399.500000,38.970001,34.139999,27.510000,46.040001,,30.535000,3.783575,221.440002,115.339394,75.482803,20.679996,4.390500
2019-10-18,52.705002,265.848999,52.945000,24.872000,4.585000,130.009995,207.453308,132.720901,136.183136,5.002400,396.799988,38.805000,33.970001,27.410000,45.915001,,30.415001,3.779173,220.889999,115.330811,75.460953,20.596725,4.400500
2019-10-21,52.985001,267.010010,53.314999,24.913000,4.627000,129.339996,206.616913,131.219086,136.088898,5.026400,398.600006,38.805000,34.134998,27.680000,46.044998,,30.360001,3.738113,220.350006,115.210503,75.541100,20.768921,4.377000
2019-10-22,53.105000,267.657013,53.395000,25.101000,4.617000,129.300003,207.316971,131.631668,136.173676,5.041600,398.750000,38.884998,34.285000,27.764999,46.075001,,30.610001,3.755162,220.699997,115.356567,75.613968,20.861086,4.398000
2019-10-23,53.095001,267.382996,53.419998,25.062000,4.629500,130.440002,207.480606,132.621872,136.126587,5.042400,397.399994,38.599998,34.195000,27.855000,46.035000,,30.605000,3.787896,220.500000,115.468269,75.573898,20.885340,4.416500
2019-10-24,53.419998,268.953003,53.755001,25.247000,4.643500,131.259995,207.707901,133.166489,136.183136,5.070400,402.350006,39.044998,34.435001,27.915001,46.099998,,30.715000,3.793579,220.990005,115.545593,75.395386,20.937899,4.454500
2019-10-25,53.634998,270.313995,53.889999,25.353001,4.673000,132.029999,207.371536,132.778656,136.088898,5.089600,405.450012,39.185001,34.689999,28.075001,46.070000,,30.834999,3.772931,220.669998,115.519814,75.329803,20.835215,4.480500
2019-10-28,53.799999,271.256012,54.000000,25.527000,4.684500,130.460007,206.562393,131.813232,136.060654,5.107200,409.250000,39.285000,34.810001,28.235001,45.945000,,31.035000,3.717304,220.300003,115.408119,75.373528,20.782671,4.462500
2019-10-29,53.810001,271.562988,53.924999,25.379999,4.690000,130.080002,206.798752,131.813232,136.088898,5.104800,407.500000,39.334999,34.814999,28.290001,45.990002,,31.350000,3.723947,220.619995,115.382324,75.307938,20.813393,4.473000
2019-10-30,53.665001,270.600006,54.014999,25.290001,4.663500,130.419998,206.880600,132.324799,136.041824,5.091200,405.600006,39.389999,34.660000,28.120001,46.134998,,31.395000,3.745957,220.570007,115.399529,75.220497,20.767307,4.463500
2019-10-31,53.389999,269.109009,53.700001,25.114000,4.639500,131.610001,207.616943,132.605362,136.145432,5.062400,405.350006,39.230000,34.535000,27.910000,46.000000,,31.299999,3.806545,221.369995,115.571335,75.300644,20.755989,4.425000
2019-11-01,53.865002,271.550995,54.080002,25.476999,4.695500,131.320007,207.053299,132.258804,136.060654,5.108000,407.750000,39.384998,34.834999,28.180000,46.110001,,31.570000,3.777331,220.529999,115.579964,75.490097,20.708290,4.454000
2019-11-04,54.360001,274.027008,54.639999,25.841999,4.728000,131.139999,206.689651,132.073135,136.098328,5.156800,412.750000,39.474998,35.174999,28.590000,46.125000,,31.635000,3.749718,220.759995,115.519814,75.570251,20.801260,4.522000
2019-11-05,54.639999,275.598999,54.735001,26.110001,4.770500,129.910004,206.253265,131.780197,136.051239,5.188800,416.399994,39.404999,35.369999,28.895000,45.945000,,31.520000,3.728909,220.809998,115.511238,75.621262,20.687275,4.549000
2019-11-06,54.625000,275.404999,54.875000,26.141001,4.752000,130.490005,206.262390,131.961746,136.088898,5.188000,414.850006,39.470001,35.345001,28.889999,46.154999,,31.565001,3.746918,221.139999,115.476852,75.562958,20.682417,4.538000
2019-11-07,55.080002,277.846985,55.049999,26.325001,4.788500,128.800003,205.071411,131.590378,135.947632,5.230400,419.500000,39.744999,35.645000,29.165001,46.375000,,31.700001,3.697535,219.850006,115.184731,75.664986,20.640387,4.529500
2019-11-08,54.980000,277.487000,54.889999,26.165001,4.783500,129.179993,204.880508,132.168030,135.938171,5.218400,418.500000,39.740002,35.605000,29.094999,46.305000,,31.910000,3.710501,219.660004,115.167519,75.635834,20.519926,4.514500
2019-11-11,54.880001,276.843994,54.865002,25.888000,4.776000,128.009995,204.371414,131.078796,135.872284,5.204000,417.950012,39.794998,35.505001,29.030001,46.220001,,31.905001,3.679207,219.089996,115.090218,75.584831,20.427761,4.477500
2019-11-12,55.250000,279.152008,55.105000,25.879000,4.801000,127.980003,204.562332,131.210815,135.966446,5.235200,422.049988,40.014999,35.735001,29.280001,46.310001,,32.099998,3.693693,219.449997,115.107414,75.584831,20.444736,4.475000
2019-11-13,55.125000,278.571991,54.974998,25.625999,4.782500,129.070007,204.889587,131.829712,135.919342,5.218400,421.000000,40.075001,35.654999,29.010000,46.455002,,32.150002,3.740916,219.339996,115.141769,75.541100,20.409981,4.478500
2019-11-14,55.005001,278.421997,54.770000,25.597000,4.784000,129.699997,204.869751,132.116058,135.900513,5.208800,419.350006,40.060001,35.605000,28.840000,46.404999,,31.980000,3.779573,219.279999,115.262062,75.439095,20.464674,4.475500
2019-11-15,55.255001,279.769989,54.985001,25.806999,4.799000,128.820007,205.307266,131.769424,135.891098,5.236000,421.799988,40.174999,35.744999,28.950001,46.445000,,32.294998,3.755722,219.570007,115.193329,75.431816,20.534632,4.469000
2019-11-18,55.180000,279.420013,54.965000,25.725000,4.787500,128.919998,205.416626,131.285034,135.947632,5.232800,420.649994,40.195000,35.705002,28.895000,46.590000,,32.470001,3.755322,220.050003,115.167519,75.533821,20.662331,4.415000
2019-11-19,55.180000,279.390991,54.875000,25.683001,4.786500,129.029999,205.352798,131.869659,135.919342,5.226400,421.899994,40.285000,35.740002,28.830000,46.599998,,32.520000,3.779093,219.470001,115.081635,75.541100,20.696495,4.396000
2019-11-20,55.110001,279.362000,54.639999,25.684999,4.796000,128.729996,205.361938,132.316528,135.947632,5.221600,421.700012,40.380001,35.674999,28.709999,46.669998,,32.590000,3.814148,219.759995,114.978508,75.504684,20.642807,4.421000
2019-11-21,54.855000,277.838013,54.435001,25.471001,4.754000,128.729996,205.070267,132.341583,135.919342,5.194400,418.250000,40.049999,35.494999,28.650000,46.514999,,32.540001,3.802943,219.500000,114.823853,75.446381,20.475248,4.429500
2019-11-22,55.110001,279.156006,54.750000,25.610001,4.781500,128.979996,205.671829,133.168442,135.938171,5.220000,419.549988,40.110001,35.669998,28.830000,46.490002,,32.820000,3.826315,219.649994,115.073029,75.533821,20.419132,4.455000
2019-11-25,55.674999,282.138000,55.259998,25.910000,4.838500,128.509995,205.680969,132.379181,135.975891,5.276000,425.899994,40.560001,36.125000,29.135000,46.834999,,33.259998,3.842882,219.520004,115.193329,75.715996,20.611902,4.447500
2019-11-26,55.750000,282.717987,55.320000,25.733999,4.865500,128.750000,206.082047,133.268661,135.975891,5.276000,426.899994,40.785000,36.200001,29.010000,46.939999,,33.299999,3.861850,219.479996,115.442497,75.927299,20.737974,4.445500
2019-11-27,56.009998,283.993988,55.430000,25.844999,4.884500,128.339996,205.781219,132.429291,135.938171,5.302400,429.799988,41.005001,36.395000,29.155001,47.169998,,33.404999,3.854407,219.210007,115.339394,75.992889,20.858353,4.445000
2019-11-28,55.990002,284.164001,55.389999,25.816000,4.881000,128.380005,205.361938,132.187073,135.928772,5.300000,430.149994,40.915001,36.375000,29.080000,47.165001,,33.445000,3.846323,219.229996,115.313622,76.102180,20.842903,4.429500
2019-11-29,55.740002,283.420990,55.154999,25.517000,4.858500,128.970001,205.234344,131.865509,135.900513,5.276800,428.649994,40.799999,36.244999,28.930000,47.014999,,33.285000,3.835198,219.740005,115.330811,76.167770,20.836393,4.386000
2019-12-02,54.860001,278.759003,54.255001,25.296000,4.785000,128.210007,204.012894,131.472946,135.872284,5.194400,419.250000,40.049999,35.660000,28.540001,46.345001,,32.834999,3.773329,218.589996,115.047234,76.058464,20.452477,4.356000
2019-12-03,54.360001,275.434998,53.915001,25.080000,4.754000,129.580002,205.179657,132.032547,135.900513,5.150400,414.200012,39.895000,35.340000,28.264999,46.230000,,32.755001,3.852886,219.660004,115.193329,75.934586,20.416691,4.357500
2019-12-04,55.040001,279.046997,54.500000,25.395000,4.821500,128.979996,204.851501,130.278595,135.919342,5.213600,420.450012,40.310001,35.770000,28.695000,46.580002,,33.119999,3.795341,219.289993,115.184731,76.043892,20.543579,4.385000
2019-12-05,54.884998,278.114990,54.474998,25.448000,4.817000,129.259995,204.286346,129.581146,135.872284,5.200000,418.799988,40.244999,35.665001,28.584999,46.459999,,33.049999,3.781334,218.490005,115.047234,76.171394,20.495583,4.404500
2019-12-06,55.779999,283.131989,55.145000,25.709999,4.889500,128.199997,204.176971,129.610367,135.900513,5.281600,426.200012,40.755001,36.275002,29.055000,47.075001,,33.509998,3.783975,218.679993,115.219093,76.236992,20.783524,4.426500
2019-12-09,55.580002,282.145996,54.985001,25.671000,4.873000,128.119995,204.796799,129.309708,135.938171,5.265600,425.649994,40.529999,36.139999,28.969999,46.805000,,33.349998,3.784855,219.300003,115.305031,76.306221,20.668024,4.411500
2019-12-10,55.375000,280.907013,54.900002,25.622000,4.859000,128.029999,204.696564,128.942215,135.975891,5.248800,423.799988,40.400002,36.044998,28.855000,46.595001,,33.169998,3.770528,219.440002,115.399529,76.277077,20.620846,4.422000
2019-12-11,55.380001,280.769012,54.965000,25.830000,4.839000,128.800003,205.371048,129.226196,135.985291,5.256000,423.850006,40.419998,36.095001,28.870001,46.575001,,33.264999,3.799582,219.899994,115.468269,76.371788,20.450848,4.410000
2019-12-12,55.634998,282.333008,55.195000,26.229000,4.852500,128.119995,204.705658,128.975586,135.900513,5.287200,425.700012,40.389999,36.255001,29.040001,46.580002,,33.400002,3.720162,219.429993,115.313622,76.473793,20.134443,4.437000
2019-12-13,55.735001,282.216003,55.724998,26.288000,4.862500,128.750000,205.407532,127.610016,135.994705,5.300800,427.049988,40.424999,36.349998,29.215000,46.424999,,33.330002,3.782131,220.600006,115.571335,76.677849,20.010813,4.453000
2019-12-16,56.310001,285.013000,56.490002,26.577999,4.917000,128.429993,205.015564,127.129768,135.966446,5.352800,432.200012,40.805000,36.709999,29.549999,46.674999,,33.759998,3.728505,220.000000,115.717438,76.787132,20.084827,4.489500
2019-12-17,56.134998,284.446991,56.080002,26.684000,4.888500,128.470001,205.225220,129.109268,135.975891,5.341600,431.299988,40.750000,36.575001,29.309999,46.630001,,33.724998,3.724941,220.229996,115.665886,76.739777,20.053917,4.500000
2019-12-18,56.279999,285.673004,56.130001,26.857000,4.909500,128.720001,204.477783,129.176071,135.957031,5.360800,434.100006,40.810001,36.660000,29.355000,46.730000,,33.759998,3.702016,220.000000,115.545593,76.765282,20.113297,4.505000
2019-12-19,56.360001,286.080994,56.209999,26.913000,4.925500,128.960007,204.167877,129.894394,135.957031,5.365600,435.149994,40.865002,36.685001,29.465000,46.820000,,33.855000,3.704852,219.639999,115.519814,76.838135,20.246691,4.516500
2019-12-20,56.884998,289.352997,56.645000,27.099001,4.984000,129.380005,204.295486,129.593704,135.938171,5.416800,439.899994,41.400002,37.075001,29.674999,47.290001,,34.340000,3.721134,219.710007,115.657280,76.918289,20.428888,4.533000
2019-12-23,56.840000,289.087006,56.560001,27.046000,4.974000,129.759995,204.277252,130.875778,135.919342,5.407200,440.399994,41.395000,37.070000,29.570000,47.119999,,34.334999,3.724536,219.639999,115.683067,76.991173,20.350803,4.520500
2019-12-24,56.840000,289.382996,56.700001,27.079000,4.974000,130.460007,204.149643,130.420547,135.928772,5.407200,440.700012,41.395000,37.070000,29.570000,47.119999,,34.334999,3.724536,219.520004,115.579964,76.976585,20.381714,4.520500
2019-12-27,56.779999,288.634003,56.845001,27.183001,4.961000,131.520004,204.669189,129.631287,135.966446,5.405600,441.799988,41.340000,36.994999,29.465000,46.985001,,34.119999,3.718218,220.039993,115.622910,77.042168,20.430519,4.547000
2019-12-30,56.209999,285.584015,56.279999,27.000000,4.957000,131.119995,203.557144,128.775146,135.853409,5.398400,435.850006,41.244999,36.935001,29.375000,46.959999,,34.029999,3.676419,219.190002,115.382324,77.005745,20.358128,4.555500
2019-12-31,56.110001,284.933990,56.169998,26.878000,4.957000,131.470001,203.821472,128.507874,135.853409,5.398400,434.750000,41.244999,36.935001,29.375000,46.959999,,34.029999,3.676419,219.419998,115.322205,76.940155,20.377645,4.555500
2020-01-02,56.715000,287.768005,56.900002,27.402000,4.937500,132.570007,204.140533,129.042450,135.853409,5.411200,441.500000,41.205002,37.005001,29.520000,46.935001,,33.814999,3.701206,219.509995,115.631531,77.129601,20.411812,4.520000
2020-01-03,56.685001,288.084991,56.674999,27.224001,4.938500,134.539993,204.833267,130.370438,135.853409,5.405600,442.350006,41.264999,37.000000,29.360001,47.049999,,33.930000,3.747947,220.399994,115.786148,77.115036,20.485828,4.548500
2020-01-06,56.529999,287.393005,56.445000,26.965000,4.923000,135.449997,204.733017,129.635437,135.881668,5.386400,442.200012,41.105000,36.880001,29.264999,46.955002,,33.700001,3.738631,220.539993,115.691643,76.940155,20.468748,4.558500
2020-01-07,56.900002,289.410004,56.619999,27.090000,4.949500,136.710007,204.933533,130.086487,135.891098,5.419200,446.500000,41.355000,37.150002,29.450001,47.134998,,33.945000,3.749324,220.169998,115.674484,77.027588,20.447596,4.567000
2020-01-08,57.080002,290.492004,56.689999,27.146000,4.962000,136.979996,204.550720,130.353760,135.881668,5.440000,447.950012,41.584999,37.244999,29.514999,47.349998,,34.110001,3.749324,219.759995,115.511238,76.969299,20.481764,4.547000
2020-01-09,57.465000,293.045013,56.820000,27.489000,4.978500,135.460007,204.286346,129.894394,135.815735,5.476000,454.350006,41.930000,37.564999,29.635000,47.445000,,34.505001,3.710441,219.440002,115.399529,77.173332,20.477690,4.528000
2020-01-10,57.419998,293.028992,56.709999,27.594000,4.958500,136.199997,204.359268,130.712906,135.853409,5.472000,454.750000,41.919998,37.544998,29.559999,47.419998,,34.404999,3.763986,220.080002,115.287819,77.100441,20.420750,4.543000
2020-01-13,57.375000,292.621002,56.634998,27.808001,4.960500,135.199997,203.867096,131.109634,135.815735,5.471200,454.600006,41.875000,37.570000,29.450001,47.415001,,34.299999,3.737173,219.500000,115.210503,77.129601,20.599699,4.505500
2020-01-14,57.584999,293.752014,56.775002,27.754999,4.980500,134.570007,203.921753,131.239105,135.825150,5.488800,456.600006,42.075001,37.775002,29.559999,47.525002,,34.375000,3.761880,219.839996,115.219093,77.100441,20.617592,4.528000
2020-01-15,57.610001,293.850006,56.834999,27.612000,4.992500,134.869995,204.268127,131.247406,135.749786,5.484800,456.100006,42.255001,37.799999,29.455000,47.740002,,34.805000,3.777514,219.910004,115.442497,77.107758,20.764004,4.495500
2020-01-16,57.845001,295.283997,56.945000,27.788000,5.015000,135.149994,204.049362,130.637711,135.768631,5.508800,457.399994,42.555000,37.980000,29.500000,47.974998,,34.830002,3.769575,219.669998,115.524124,77.260757,20.955149,4.491000
2020-01-17,58.299999,297.957001,57.490002,27.964001,5.042000,136.240005,204.377502,130.946747,135.778046,5.553600,461.950012,43.000000,38.305000,29.660000,48.415001,,35.169998,3.757829,220.080002,115.550003,77.304497,21.131653,4.491500
2020-01-20,58.375000,298.369995,57.419998,27.961000,5.044000,136.669998,204.386597,131.272491,135.778046,5.556800,464.000000,43.084999,38.330002,29.695000,48.514999,,35.115002,3.769899,220.289993,115.636314,77.348221,21.072273,4.500500
2020-01-21,58.294998,298.182007,57.285000,27.507999,5.027000,136.169998,204.924423,131.264160,135.730957,5.539200,464.399994,43.180000,38.255001,29.610001,48.540001,,35.220001,3.796956,220.300003,115.877922,77.275345,21.101553,4.469500
2020-01-22,58.400002,298.808014,57.220001,27.639999,5.030000,136.210007,205.097595,130.462311,135.749786,5.547200,467.100006,43.384998,38.360001,29.645000,48.730000,,35.125000,3.811697,220.360001,115.877922,77.213409,21.161747,4.451500
2020-01-23,58.185001,297.972992,56.830002,27.236000,5.012000,137.690002,206.018234,131.322601,135.730957,5.525600,466.350006,43.294998,38.185001,29.580000,48.790001,,35.029999,3.872452,220.789993,115.964233,77.056732,21.188591,4.436500
2020-01-24,58.470001,299.058014,57.340000,27.454000,5.017000,138.399994,206.309906,131.882187,135.749786,5.552000,469.299988,43.605000,38.365002,29.705000,49.020000,,34.875000,3.894161,221.080002,116.085045,77.027588,21.351267,4.394500
2020-01-27,57.230000,292.967010,56.020000,26.365000,4.923500,139.380005,207.266983,132.834381,135.881668,5.427200,455.899994,42.939999,37.549999,29.170000,48.580002,,34.415001,3.950865,222.179993,116.171349,76.670540,21.069830,4.325500
2020-01-28,57.834999,296.265991,56.525002,26.681000,4.970000,138.300003,206.875046,133.247818,135.891098,5.477600,463.049988,43.314999,37.884998,29.340000,48.889999,,34.730000,3.933448,222.100006,115.964233,76.808998,21.168253,4.349500
2020-01-29,58.000000,297.096008,56.775002,26.787001,4.970500,138.539993,207.668030,133.335495,135.881668,5.498400,464.649994,43.424999,38.020000,29.280001,48.945000,,34.825001,3.954429,222.789993,116.249001,76.962021,21.193468,4.320500
2020-01-30,57.349998,293.546997,56.154999,26.125999,4.910000,139.229996,207.795670,133.026443,135.881668,5.427200,460.850006,43.150002,37.619999,28.834999,48.665001,,34.259998,3.980999,223.070007,116.309418,76.772552,21.059261,4.272500
2020-01-31,56.689999,290.820007,55.470001,25.621000,4.841500,138.929993,208.679810,132.445953,135.975891,5.360800,457.399994,42.715000,37.134998,28.495001,48.369999,,33.674999,3.975976,223.559998,116.430244,76.648682,20.823381,4.245500
2020-02-03,57.049999,292.652008,55.595001,26.011000,4.860000,138.369995,208.078232,134.154007,135.957031,5.390400,462.950012,43.005001,37.330002,28.575001,48.549999,,34.005001,3.975652,223.199997,116.464729,76.714264,20.876253,4.187500
2020-02-04,58.080002,297.894012,56.564999,26.861000,4.954000,136.520004,208.069122,133.318787,135.938171,5.503200,473.700012,43.785000,37.974998,29.094999,48.900002,,34.695000,3.945357,223.089996,116.430244,77.034889,21.130026,4.221500
2020-02-05,58.610001,300.531006,57.255001,27.004999,5.008000,137.500000,207.303436,133.310440,135.919342,5.547200,476.799988,43.865002,38.259998,29.490000,49.230000,,35.270000,3.924295,222.800003,116.309418,77.093170,21.213797,4.258500
2020-02-06,59.049999,303.247009,57.514999,27.136000,5.028000,138.169998,207.266983,133.794891,135.872284,5.593600,482.200012,44.165001,38.584999,29.825001,49.500000,,35.540001,3.928993,222.740005,116.283524,77.151466,21.243086,4.265000
2020-02-07,59.025002,303.527008,57.355000,26.825001,5.002000,138.740005,207.503967,134.688568,135.928772,5.577600,484.500000,44.275002,38.529999,29.725000,49.590000,,35.400002,3.989019,222.899994,116.223129,77.187897,21.295954,4.280000
2020-02-10,59.165001,304.563995,57.395000,26.927999,5.010000,140.000000,208.187607,134.922424,135.909943,5.599200,486.950012,44.584999,38.619999,29.730000,49.770000,,35.529999,4.024984,222.910004,116.482010,77.085892,21.509871,4.263000
2020-02-11,59.605000,306.842010,57.889999,27.308001,5.058000,139.130005,207.941498,134.387848,135.872284,5.643200,492.299988,44.799999,38.845001,29.969999,49.950001,,35.744999,4.005139,222.309998,116.421608,77.340912,21.584707,4.266500
2020-02-12,59.945000,308.522003,58.285000,27.657000,5.086000,139.710007,208.005280,133.602753,135.919342,5.691200,494.649994,44.875000,39.025002,30.205000,50.020000,,35.880001,3.985049,222.649994,116.395721,77.377357,21.708334,4.313000
2020-02-13,60.160000,310.192993,58.275002,27.563999,5.115000,140.839996,207.877686,132.892853,135.938171,5.704800,497.799988,45.244999,39.180000,30.170000,50.310001,,35.935001,4.008945,222.860001,116.369835,77.377357,21.818346,4.349500
2020-02-14,60.160000,310.319000,58.174999,27.556999,5.123000,141.559998,208.242294,133.502563,135.900513,5.703200,498.350006,45.320000,39.154999,29.980000,50.430000,,35.869999,4.045641,223.039993,116.533775,77.421074,22.018919,4.358000
2020-02-17,60.345001,311.492004,58.349998,27.736000,5.124000,141.649994,208.296997,133.640335,135.891098,5.724000,500.600006,45.540001,39.334999,30.025000,50.590000,,36.000000,4.047503,223.199997,116.602837,77.537674,22.072132,4.374000
2020-02-18,59.950001,309.446991,58.099998,27.379000,5.095000,143.729996,207.987091,133.920151,135.900513,5.682400,497.799988,45.424999,39.130001,29.785000,50.590000,,35.825001,4.089951,222.929993,116.499268,77.428360,22.023827,4.389500
2020-02-19,60.564999,312.833008,58.584999,27.676001,5.137000,144.240005,208.415482,134.504807,135.853409,5.743200,506.100006,45.974998,39.465000,29.920000,50.840000,,36.154999,4.078934,222.839996,116.706390,77.479370,21.960800,4.433500
2020-02-20,59.904999,309.082001,58.119999,27.195000,5.096000,145.880005,208.752731,135.824478,135.919342,5.667200,496.799988,45.235001,38.994999,29.600000,50.310001,,35.775002,4.122839,223.570007,116.749512,77.515793,21.874016,4.446000
2020-02-21,59.529999,307.088989,57.775002,27.054001,5.069000,146.559998,208.461044,135.306641,135.872284,5.636000,492.350006,45.119999,38.779999,29.379999,50.150002,,35.705002,4.132073,223.300003,116.637352,77.413795,21.962431,4.394000
2020-02-24,57.544998,297.376007,55.595001,25.962000,4.897000,149.449997,208.670700,136.776627,135.881668,5.448000,471.350006,43.924999,37.369999,28.355000,49.380001,,34.685001,4.200603,222.889999,116.542427,76.750694,21.643152,4.308500
2020-02-25,56.590000,292.351990,54.634998,25.947001,4.813000,146.910004,208.843872,136.300568,135.900513,5.367200,464.200012,43.244999,36.750000,27.965000,48.764999,,34.125000,4.207895,222.850006,116.309418,76.466515,21.306677,4.282500
2020-02-26,56.395000,290.260010,54.680000,26.114000,4.781500,145.929993,208.515762,137.018860,135.909943,5.340000,464.350006,43.075001,36.680000,27.945000,48.584999,,33.970001,4.192827,222.220001,116.223129,76.408226,21.172415,4.264500
2020-02-27,53.945000,276.722992,52.700001,25.166000,4.571500,145.960007,208.515762,138.371918,135.891098,5.123200,442.200012,41.404999,35.160000,26.825001,46.755001,,32.950001,4.196066,221.500000,115.929710,75.650406,20.256321,4.138000
2020-02-28,51.785000,264.671997,50.805000,24.450001,4.378000,140.130005,207.157593,140.635345,135.646164,4.919200,426.750000,39.355000,33.825001,25.865000,44.544998,,31.260000,4.273832,220.589996,115.265236,74.761429,19.254274,4.045000
2020-03-02,52.369999,269.002014,50.904999,24.639999,4.414000,138.639999,208.634247,141.600052,135.909943,4.972000,435.250000,40.240002,34.230000,25.900000,45.230000,,31.850000,4.232195,220.820007,115.489594,74.746864,19.201881,4.065000
2020-03-03,52.970001,272.290009,51.735001,25.101999,4.449000,142.300003,210.548416,142.188904,135.514297,5.012800,441.149994,41.029999,34.575001,25.980000,45.740002,,32.090000,4.242725,222.220001,116.292137,75.599411,19.559639,4.112500
2020-03-04,53.430000,274.436005,52.435001,25.181000,4.483000,143.070007,210.211151,142.414398,135.900513,5.056000,442.450012,41.465000,34.860001,26.309999,46.275002,,33.115002,4.280313,222.539993,116.119568,75.730560,20.021370,4.131500
2020-03-05,53.040001,273.705994,51.490002,25.035999,4.412500,143.899994,209.873886,141.554123,135.872284,5.024800,443.350006,41.505001,34.680000,26.049999,46.419998,,33.055000,4.266218,221.199997,116.007378,75.169487,19.854359,4.092000
2020-03-06,50.820000,260.442993,49.660000,23.879999,4.235000,142.910004,210.192902,142.606506,135.768631,4.806400,420.899994,39.865002,33.264999,25.059999,44.935001,,31.775000,4.462899,219.740005,115.567276,73.602852,19.156857,3.934500
2020-03-09,47.720001,245.065002,45.959999,22.209999,3.908000,141.199997,209.272293,143.057526,135.486038,4.468800,400.149994,37.750000,31.235001,22.900000,42.695000,,30.275000,4.628635,214.259995,113.884506,70.316544,18.185095,3.723000
2020-03-10,47.180000,242.826996,45.480000,22.658001,3.872000,141.610001,208.442810,144.068161,135.608505,4.467200,398.799988,37.279999,31.155001,23.045000,42.400002,,30.275000,4.581652,215.600006,113.194130,70.250992,17.806051,3.831000
2020-03-11,47.264999,245.492996,45.049999,22.645000,3.840500,141.830002,209.299622,142.740128,135.533142,4.478400,404.200012,37.220001,31.290001,23.055000,42.314999,,30.500000,4.419965,215.309998,113.323601,69.995949,17.574364,3.838000
2020-03-12,43.044998,226.399994,39.884998,20.069000,3.413000,137.979996,202.281052,145.863892,135.467209,4.060000,374.299988,34.294998,28.770000,20.510000,38.584999,,28.405001,4.208219,206.070007,111.071281,65.527321,16.114681,3.718000
2020-03-13,43.755001,229.091003,40.535000,21.323999,3.452500,136.869995,202.618317,147.329727,133.573792,4.124000,378.850006,34.700001,29.165001,20.754999,38.910000,,28.705000,4.248882,207.220001,110.821007,65.847420,16.081934,3.715500
2020-03-16,42.400002,223.429993,38.490002,19.770000,3.307000,131.279999,200.540085,148.870697,134.299149,4.007200,374.299988,33.785000,28.670000,20.209999,38.529999,,28.139999,4.313039,199.389999,107.222473,62.430359,15.001289,3.567500
2020-03-17,43.209999,227.561996,39.625000,20.337999,3.285000,135.660004,198.644135,151.668701,134.421600,4.044000,379.600006,34.355000,28.860001,20.674999,39.535000,,28.850000,4.414782,200.389999,106.290482,61.678471,14.501904,3.586500
2020-03-18,41.650002,219.162994,37.730000,19.200001,3.117500,133.410004,195.207779,152.240829,132.791962,3.879200,369.299988,33.125000,27.825001,19.910000,38.270000,,28.180000,4.173872,197.399994,101.276695,57.680714,13.599729,3.477500
2020-03-19,42.365002,222.578995,39.075001,19.171000,3.165000,133.910004,199.491867,154.015686,134.252045,3.955600,384.149994,33.869999,28.535000,20.290001,38.970001,,28.620001,4.171765,199.800003,103.468597,59.184525,13.299279,3.591000
2020-03-20,42.625000,222.001007,39.680000,20.018999,3.236500,134.880005,202.226364,154.817505,134.647675,3.988400,380.950012,33.650002,28.545000,20.395000,38.599998,,28.455000,4.360345,201.470001,106.230072,61.417896,13.504763,3.636000
2020-03-23,40.195000,207.569000,38.134998,18.895000,3.070500,139.449997,201.907333,161.545227,135.184586,3.756000,363.049988,31.830000,26.715000,19.577999,36.275002,,26.725000,4.572741,203.000000,105.582855,59.928986,12.900584,3.598500
2020-03-24,43.564999,225.266006,41.525002,20.239000,3.363500,146.649994,200.722397,156.696762,134.704193,4.076000,391.799988,34.195000,28.790001,21.334999,38.404999,,28.260000,4.495787,200.789993,107.351929,62.735592,13.589906,3.716500
2020-03-25,44.785000,231.432999,42.740002,20.819000,3.492500,144.830002,201.360428,156.508835,134.958527,4.196800,395.250000,35.095001,29.750000,21.815001,39.299999,,28.985001,4.615025,202.250000,107.093025,63.837395,14.736038,3.714000
2020-03-26,45.580002,235.029999,43.700001,21.142000,3.573000,143.529999,204.705658,152.437119,135.194016,4.284800,395.750000,35.924999,30.320000,22.230000,40.299999,,29.370001,4.486066,205.750000,108.827576,65.564545,14.761418,3.626500
2020-03-27,44.490002,229.639999,42.299999,20.054001,3.463000,142.360001,205.790359,149.881302,135.438934,4.173600,387.899994,35.294998,29.610001,21.844999,39.799999,,29.295000,4.564803,209.820007,108.318428,64.246857,14.700024,3.557000
2020-03-30,45.450001,235.492996,42.865002,20.334999,3.493500,142.210007,205.316391,151.084045,135.438934,4.248000,399.049988,36.070000,30.315001,21.965000,40.535000,,30.315001,4.674970,210.000000,108.793060,64.767960,14.677098,3.529500
2020-03-31,46.139999,239.470993,43.580002,20.896999,3.563500,142.190002,204.204315,150.094315,135.344742,4.323200,407.799988,36.520000,30.860001,22.115000,41.044998,,30.750000,4.583272,208.429993,108.534164,65.519875,14.896500,3.554000
2020-04-01,44.189999,228.608002,42.244999,20.158001,3.407500,140.610001,203.994705,151.581024,135.128082,4.149600,392.500000,34.939999,29.764999,21.270000,39.505001,,30.065001,4.693114,206.839996,107.904213,64.849861,14.013158,3.482500
2020-04-02,44.590000,230.382996,42.494999,20.674999,3.420500,144.000000,203.584503,151.585190,135.146927,4.176000,392.299988,34.849998,29.995001,21.340000,40.025002,,30.280001,4.713690,206.869995,107.722992,65.125313,14.090113,3.564000
2020-04-03,44.430000,230.880997,42.070000,20.549000,3.349000,145.270004,203.311050,153.689972,135.080978,4.165600,393.250000,34.759998,29.934999,21.094999,39.959999,,30.514999,4.756299,207.720001,107.912849,64.991302,13.835506,3.602000
2020-04-06,46.294998,241.020004,43.764999,21.424999,3.492000,147.759995,203.593643,152.378647,135.062134,4.338400,410.000000,36.230000,31.165001,22.129999,41.424999,,31.485001,4.695869,207.050003,108.421982,66.193604,14.596869,3.636500
2020-04-07,47.700001,249.606995,44.490002,21.809000,3.646000,147.529999,201.788864,150.307297,134.911407,4.476800,422.450012,37.075001,32.110001,22.834999,42.419998,,32.000000,4.597205,206.059998,108.551437,66.956680,15.310752,3.676500
2020-04-08,47.695000,249.548996,44.445000,21.693001,3.661500,147.139999,201.606537,149.722626,134.883163,4.469600,423.250000,37.000000,31.985001,22.684999,42.349998,,31.799999,4.627987,206.559998,108.939758,67.172585,15.437640,3.652500
2020-04-09,48.660000,254.968002,45.110001,21.906000,3.796500,149.110001,202.518021,149.505478,134.902008,4.555200,422.799988,37.430000,32.529999,23.059999,43.340000,,32.365002,4.597043,207.130005,111.390564,70.250916,16.377468,3.661500
2020-04-14,49.040001,257.080994,45.340000,22.063999,3.798500,153.479996,201.460693,148.043839,134.883163,4.596000,441.100006,38.334999,32.680000,23.030001,43.619999,,32.985001,4.533859,207.339996,111.045364,70.336525,16.101580,3.606500
2020-04-15,48.189999,253.955002,43.875000,21.559000,3.670000,152.830002,201.788864,149.730972,134.619400,4.507200,441.200012,37.935001,32.169998,22.434999,42.990002,,32.924999,4.660551,206.929993,110.657036,68.966721,15.494129,3.565500
2020-04-16,48.695000,257.285004,44.040001,21.959999,3.681000,154.490005,202.235474,151.180115,134.657104,4.547200,453.700012,38.685001,32.490002,22.504999,43.445000,,33.740002,4.753869,206.880005,110.631149,68.639153,15.397527,3.593500
2020-04-17,49.435001,260.825012,45.270000,22.143000,3.779500,151.009995,202.536285,150.549515,134.751282,4.616000,452.250000,39.005001,33.064999,22.865000,43.794998,,34.174999,4.754193,207.470001,110.691566,69.152847,15.835514,3.598000
2020-04-20,49.785000,262.842987,45.575001,22.245001,3.813500,151.059998,201.351334,150.724884,134.581741,4.657600,456.500000,39.410000,33.195000,22.975000,44.200001,,34.955002,4.700405,206.039993,110.518997,68.825279,15.636574,3.587000
2020-04-21,47.845001,251.447998,44.014999,21.434000,3.668000,150.029999,200.503616,153.698303,134.515793,4.484800,434.549988,37.619999,31.885000,22.075001,42.669998,,33.709999,4.809762,204.570007,110.087502,67.745811,15.024213,3.480000
2020-04-22,48.910000,257.626007,44.834999,22.128000,3.742000,152.669998,199.719757,152.474701,134.402756,4.577600,447.100006,38.665001,32.650002,22.455000,43.584999,,34.410000,4.759863,203.619995,110.708832,68.780609,15.251805,3.521500
2020-04-23,49.570000,261.148987,45.189999,22.337000,3.825500,155.279999,200.849991,151.593536,134.638229,4.644000,454.549988,39.145000,33.084999,22.920000,43.889999,,34.755001,4.775739,205.119995,111.157555,69.182610,15.403258,3.554000
2020-04-24,49.090000,258.562012,44.730000,21.899000,3.791500,153.839996,201.816193,152.420425,134.694778,4.594400,449.750000,38.750000,32.794998,22.650000,43.485001,,34.615002,4.783840,206.619995,111.459602,69.078384,15.179764,3.500000
2020-04-27,50.224998,265.100006,45.599998,22.341000,3.911500,153.490005,202.317520,150.745789,134.798386,4.708000,460.200012,39.674999,33.474998,23.195000,44.090000,,35.220001,4.726327,206.759995,111.847931,69.271942,15.556344,3.442000
2020-04-28,50.580002,265.777008,46.365002,22.552000,3.982500,152.429993,202.773270,150.758316,134.930267,4.741600,454.299988,39.605000,33.724998,23.639999,44.500000,,34.825001,4.743661,207.250000,111.683960,69.204948,16.096666,3.466000
2020-04-29,51.549999,270.147003,47.205002,22.948000,4.112500,152.380005,203.174301,151.171768,134.939682,4.828000,463.100006,40.270000,34.255001,24.320000,44.660000,,34.674999,4.751277,207.440002,111.873802,69.204948,16.330811,3.476000
2020-04-30,50.514999,265.835999,46.205002,22.667000,4.022000,150.850006,204.204315,149.350952,135.099823,4.755200,461.350006,39.665001,33.650002,23.570000,43.555000,,34.410000,4.685338,209.520004,112.339821,68.899727,15.942763,3.494500
2020-05-01,50.514999,265.835999,46.205002,22.667000,4.022000,150.850006,204.204315,149.718460,135.099823,4.755200,461.350006,39.665001,33.650002,23.570000,43.555000,,34.410000,4.685338,209.520004,112.339821,68.542374,15.942763,3.494500
2020-05-04,48.939999,257.804993,44.610001,21.795000,3.849500,151.470001,203.940002,151.017197,135.015045,4.583200,451.350006,38.910000,32.685001,22.520000,42.595001,,33.619999,4.661037,208.039993,111.770271,68.080811,15.233792,3.491500
2020-05-05,50.485001,266.601013,45.599998,22.327000,3.991500,152.029999,203.648315,150.432571,135.005630,4.736000,465.700012,40.090000,33.639999,23.254999,43.695000,,34.674999,4.656987,208.000000,111.709854,68.311600,15.747915,3.610000
2020-05-06,50.285000,265.312988,45.389999,22.239000,3.946000,151.839996,202.463348,151.033936,134.873734,4.704800,469.799988,40.305000,33.535000,23.055000,43.485001,,34.880001,4.583272,206.649994,111.312897,68.218536,15.481030,3.562500
2020-05-07,50.834999,267.894989,45.959999,22.395000,4.011000,153.059998,203.074051,152.328522,134.930267,4.752800,473.700012,40.494999,33.860001,23.235001,43.755001,,34.785000,4.643702,207.009995,111.563164,68.557251,15.741366,3.632500
2020-05-08,51.110001,268.776001,46.439999,22.766001,4.069500,153.020004,203.365738,152.328522,135.043304,4.788800,476.200012,40.669998,34.044998,23.485001,43.935001,,34.715000,4.613892,207.029999,111.563164,68.557251,15.870716,3.614000
2020-05-11,51.299999,270.265991,46.160000,22.716999,4.070000,152.270004,202.982910,151.606049,134.986786,4.805600,482.049988,41.064999,34.209999,23.565001,44.020000,,34.985001,4.596232,206.669998,111.347420,68.840164,15.880546,3.601000
2020-05-12,51.165001,269.342010,46.275002,22.847000,4.051500,152.360001,203.219879,151.831573,134.920853,4.799200,482.100006,41.224998,34.165001,23.450001,43.834999,,35.165001,4.583272,206.339996,111.347420,68.974159,15.268995,3.558000
2020-05-13,50.000000,262.011993,45.384998,22.618999,3.900500,153.509995,203.575378,153.639816,135.024475,4.688000,471.299988,40.555000,33.349998,22.795000,43.169998,,34.730000,4.650507,207.050003,110.924553,68.616829,14.841648,3.532500
2020-05-14,49.404999,259.882996,44.470001,22.375000,3.840500,155.690002,203.608658,154.429321,134.977371,4.638400,466.450012,40.200001,33.049999,22.434999,42.715000,,34.580002,4.734103,206.399994,110.898666,68.095703,14.559176,3.563500
2020-05-15,49.825001,261.839996,44.615002,22.268999,3.901500,156.330002,203.298538,155.036072,134.911407,4.656000,467.799988,40.330002,33.235001,22.535000,43.000000,,34.685001,4.694735,206.309998,110.864166,67.745811,14.586486,3.585500
2020-05-18,51.549999,271.651001,46.455002,22.940001,4.083500,154.660004,203.380646,153.241058,134.996216,4.827200,482.750000,41.384998,34.465000,23.410000,44.080002,,35.490002,4.574037,206.740005,111.252480,68.959267,15.397491,3.656500
2020-05-19,51.355000,270.901001,46.174999,22.966999,4.072000,154.339996,203.854996,152.777573,135.052734,4.809600,483.799988,41.125000,34.320000,23.334999,43.695000,,34.779999,4.541635,207.449997,110.941818,68.899727,15.359422,3.636000
2020-05-20,51.529999,271.066986,46.630001,23.051001,4.114500,154.270004,204.019196,152.427841,135.090393,4.824800,485.750000,41.294998,34.490002,23.469999,43.689999,,34.959999,4.515875,208.229996,111.166206,69.242180,15.299841,3.642500
2020-05-21,51.025002,269.191986,46.195000,22.729000,4.089500,153.300003,204.347610,153.620300,135.052734,4.780000,482.350006,40.845001,34.224998,23.184999,43.160000,,34.514999,4.590563,208.399994,111.649460,69.085831,15.235290,3.614000
2020-05-22,51.180000,269.927002,46.174999,22.476000,4.112000,154.220001,204.365814,154.121704,135.090393,4.796800,483.450012,41.084999,34.230000,23.174999,43.369999,,34.650002,4.620534,208.500000,111.632195,69.190071,15.275013,3.611000
2020-05-25,52.115002,274.950012,47.084999,22.816999,4.217000,154.039993,204.429688,154.121704,135.062134,4.867200,492.299988,41.785000,34.884998,23.580000,43.970001,,35.259998,4.621830,208.509995,112.089546,69.190071,15.595272,3.630500
2020-05-26,52.180000,274.110992,47.404999,22.955000,4.227500,151.440002,203.946213,151.635651,135.099823,4.873600,484.399994,41.125000,34.814999,23.885000,43.830002,,34.770000,4.529809,208.720001,111.882439,69.971725,15.808782,3.614000
2020-05-27,52.060001,272.772003,47.575001,22.757000,4.244000,150.190002,204.393204,153.569717,135.165756,4.861600,474.250000,40.275002,34.685001,24.240000,43.674999,,34.119999,4.531428,209.320007,112.124069,70.656639,15.962708,3.583000
2020-05-28,52.785000,276.167999,48.340000,22.708000,4.307500,150.940002,204.940552,152.280350,135.194016,4.924000,482.350006,41.230000,35.070000,24.445000,44.200001,,35.150002,4.477965,210.259995,112.400223,71.140549,15.969333,3.561000
2020-05-29,51.770000,271.041992,47.520000,22.438999,4.202000,151.169998,205.004379,152.094971,135.156357,4.830400,476.000000,40.805000,34.369999,23.725000,43.715000,,34.619999,4.452529,210.589996,112.451988,71.095871,15.773199,3.542500
2020-06-01,52.540001,274.404999,48.365002,23.115000,4.202000,151.830002,204.721603,150.531723,135.184586,4.830400,483.950012,40.805000,34.369999,23.725000,43.715000,,34.619999,4.452529,210.190002,112.434723,71.363884,16.112494,3.542500
2020-06-02,52.680000,274.200989,48.805000,23.593000,4.308500,150.449997,204.739853,149.819595,135.241119,4.932000,480.549988,41.095001,34.875000,24.275000,43.939999,,34.680000,4.406681,210.970001,113.099228,71.892441,16.339247,3.589000
2020-06-03,53.500000,277.963013,50.115002,24.111000,4.408000,146.500000,203.736389,148.016174,135.137512,5.012000,484.799988,41.134998,35.424999,24.735001,44.160000,,34.685001,4.319682,210.320007,113.289062,72.592247,16.825850,3.566500
2020-06-04,53.040001,275.632996,49.790001,23.655001,4.355500,146.649994,204.356720,147.775986,135.212860,4.960800,480.299988,40.654999,35.029999,24.540001,43.639999,,34.125000,4.250664,211.529999,113.686035,72.897453,16.633858,3.557000
2020-06-05,54.474998,284.082001,51.000000,24.371000,4.529500,143.929993,204.064804,144.847534,135.259964,5.106400,488.399994,40.950001,35.990002,25.600000,44.415001,,34.735001,4.140012,211.570007,114.738838,73.712654,17.487066,3.601000
2020-06-08,54.514999,284.640015,50.855000,24.197001,4.552500,145.229996,204.776352,145.846161,135.203445,5.113600,489.000000,40.845001,35.930000,25.670000,44.389999,,34.705002,4.214698,212.089996,114.212440,73.805702,17.554924,3.589500
2020-06-09,54.115002,282.946991,50.255001,24.061001,4.463000,146.690002,204.037445,145.787125,135.212860,5.083200,493.450012,41.080002,35.654999,25.254999,44.145000,,34.535000,4.268162,211.610001,113.668747,73.031464,17.265284,3.571000
2020-06-10,53.865002,281.664001,50.105000,24.159000,4.399000,146.619995,203.763763,146.107391,135.184586,5.054400,498.649994,41.465000,35.549999,24.995001,43.950001,,34.560001,4.307530,211.130005,113.504814,72.882576,16.835777,3.591500
2020-06-11,51.930000,271.054993,48.014999,23.417999,4.173000,148.550003,204.949661,148.412247,135.241119,4.871200,488.399994,40.740002,34.285000,23.745001,42.910000,,33.450001,4.361444,211.490005,113.470291,71.795670,15.994984,3.551500
2020-06-12,51.895000,269.975006,48.185001,23.665001,4.195500,149.350006,205.442276,149.676331,135.269379,4.872800,482.899994,40.549999,34.275002,23.930000,42.985001,,33.404999,4.416729,211.869995,113.694649,71.944557,16.254004,3.576500
2020-06-15,51.535000,267.832001,48.035000,23.264999,4.201500,148.190002,205.661194,149.381393,135.325897,4.831200,480.299988,40.389999,33.970001,23.605000,42.625000,,32.980000,4.417873,211.919998,113.668747,72.212570,16.348351,3.531500
2020-06-16,53.299999,277.893005,49.404999,23.795000,4.364000,148.660004,206.007843,148.391190,135.316483,4.984800,496.217010,41.480000,35.044998,24.395000,43.630001,,34.029999,4.331675,212.460007,113.815468,73.012848,16.979773,3.557000
2020-06-17,53.570000,278.966003,49.834999,23.996000,4.355000,149.179993,205.788940,149.238129,135.354156,5.022400,501.700012,42.119999,35.270000,24.514999,43.779999,,34.480000,4.345905,212.410004,113.824097,73.024017,16.878809,3.578500
2020-06-18,53.355000,278.032013,49.470001,24.062000,4.339000,148.899994,206.044327,150.801361,135.325897,4.997600,500.799988,41.970001,35.060001,24.270000,43.685001,,34.334999,4.396610,213.039993,113.694649,72.629463,16.721577,3.590500
2020-06-19,53.790001,280.412994,49.759998,24.259001,4.367500,150.839996,206.281525,151.496628,135.391846,5.040000,506.899994,42.470001,35.380001,24.350000,44.044998,,34.720001,4.407242,213.399994,113.927658,72.599678,16.652885,3.638500
2020-06-22,53.125000,276.145996,49.419998,24.200001,4.303000,151.460007,206.874466,150.839294,135.410690,4.972800,503.200012,42.299999,34.924999,24.010000,43.509998,,34.255001,4.413130,214.020004,113.703293,72.287003,16.254004,3.619500
2020-06-23,53.610001,278.871002,50.095001,24.443001,4.332500,151.169998,206.737640,149.448807,135.420090,5.019200,509.899994,42.740002,35.259998,24.290001,43.615002,,34.615002,4.340671,214.449997,113.668747,72.666672,16.229179,3.603500
2020-06-24,52.209999,271.571014,48.610001,24.061001,4.219500,151.919998,207.011276,150.889862,135.391846,4.899200,500.100006,41.955002,34.419998,23.555000,42.720001,,33.720001,4.398900,214.850006,113.625610,72.212570,15.714438,3.567500
2020-06-25,52.470001,271.529999,48.994999,24.146999,4.226500,152.039993,206.993057,151.361801,135.391846,4.913600,500.799988,42.145000,34.450001,23.590000,42.860001,,33.849998,4.462853,214.820007,113.634239,72.138115,15.860918,3.536500
2020-06-26,52.220001,270.708008,48.910000,24.047001,4.219500,152.520004,207.139023,152.684845,135.410690,4.896800,498.700012,42.145000,34.290001,23.475000,42.869999,,33.855000,4.486244,214.779999,113.616974,72.048790,15.968508,3.543000
2020-06-29,52.290001,270.996002,49.040001,24.016001,4.244000,152.740005,207.075165,153.502319,135.438934,4.898400,495.500000,41.880001,34.320000,23.635000,42.974998,,33.880001,4.470213,215.029999,113.625610,72.220016,15.928774,3.576000
2020-06-30,52.700001,274.053009,49.084999,24.035000,4.266500,153.800003,207.139023,152.082321,135.448364,4.932800,504.399994,42.404999,34.549999,23.740000,43.244999,,33.924999,4.459582,215.339996,114.108871,72.495445,16.100084,3.614000
2020-07-01,53.025002,276.384003,49.154999,24.167999,4.265500,151.720001,206.308899,150.674973,135.410690,4.960000,510.799988,42.814999,34.794998,23.600000,43.314999,,34.294998,4.426542,214.610001,113.729164,72.577354,16.262285,3.626000
2020-07-02,53.845001,280.264008,50.150002,24.829000,4.329500,153.369995,207.139023,150.603333,135.410690,5.040800,519.000000,43.549999,35.314999,24.004999,43.799999,,34.785000,4.435538,215.240005,114.186546,72.767189,16.510548,3.658000
2020-07-03,53.494999,278.498993,49.755001,24.995001,4.287500,153.080002,206.938324,150.805588,135.420090,5.016000,518.099976,43.415001,35.064999,23.719999,43.505001,,34.615002,4.437992,215.190002,114.039856,72.599678,16.373173,3.658500
2020-07-06,54.180000,281.785004,50.540001,25.693001,4.344500,152.979996,207.129898,150.085052,135.410690,5.090400,528.200012,44.145000,35.525002,24.059999,43.730000,,34.935001,4.380090,215.399994,114.134750,72.845352,16.440205,3.679000
2020-07-07,54.145000,282.042999,50.220001,25.513000,4.324000,153.960007,207.111618,149.271866,135.420090,5.076800,531.900024,44.314999,35.455002,23.834999,43.660000,,34.790001,4.416237,215.389999,114.221054,72.689011,16.191114,3.707000
2020-07-08,53.535000,278.351013,49.900002,25.617001,4.253500,154.940002,207.376160,149.474091,135.410690,5.028800,525.000000,44.029999,35.020000,23.469999,43.255001,,34.340000,4.424416,215.270004,114.272835,72.581078,15.945333,3.704000
2020-07-09,53.345001,277.498993,49.520000,25.812000,4.212500,154.529999,207.522156,149.474091,135.410690,5.013600,529.200012,44.139999,34.919998,23.219999,42.955002,,34.145000,4.481336,215.440002,114.307373,72.428452,15.721887,3.706500
2020-07-10,53.810001,280.019989,49.935001,25.690001,4.269500,154.119995,207.494781,149.208633,135.438934,5.054400,533.900024,44.470001,35.154999,23.575001,43.384998,,34.169998,4.514867,215.199997,114.290100,72.421021,15.875814,3.707000
2020-07-13,54.634998,285.048004,50.465000,25.975000,4.302000,154.119995,206.929199,149.120163,135.344742,5.124800,547.900024,45.384998,35.584999,23.844999,43.645000,,34.680000,4.450914,214.880005,114.186546,72.733688,15.928774,3.686500
2020-07-14,53.619999,278.783997,50.130001,25.332001,4.226500,153.839996,207.312332,150.519058,135.372986,5.026400,522.500000,43.720001,34.959999,23.684999,43.310001,,34.290001,4.486244,215.660004,114.419540,72.510353,15.795544,3.662500
2020-07-15,54.445000,282.987000,50.869999,25.451000,4.343000,153.580002,207.467392,149.533081,135.363586,5.094400,525.700012,44.160000,35.560001,24.070000,43.820000,,35.134998,4.445352,216.199997,114.669800,72.986801,15.894850,3.650000
2020-07-16,54.099998,281.243011,50.674999,25.070999,4.336500,153.110001,207.731949,149.743774,135.438934,5.065600,518.200012,43.689999,35.290001,24.080000,43.605000,,34.860001,4.474467,216.300003,114.804909,73.053795,15.738440,3.666000
2020-07-17,54.290001,282.368011,50.755001,25.209999,4.338000,153.550003,207.348816,150.460068,135.391846,5.084800,522.799988,44.154999,35.424999,24.045000,43.945000,,35.275002,4.461709,216.210007,114.778923,72.964470,15.708646,3.655000
2020-07-20,54.575001,283.556000,51.110001,25.475000,4.342000,153.770004,208.087723,149.187576,135.448364,5.113600,531.200012,44.814999,35.560001,23.985001,44.029999,,35.470001,4.457620,217.270004,115.194908,73.366478,15.591141,3.636000
2020-07-21,54.930000,285.645996,51.299999,25.804001,4.393000,155.199997,208.288422,148.210007,135.476608,5.148000,533.799988,44.880001,35.830002,24.065001,44.180000,,35.365002,4.451404,217.960007,115.454903,73.552612,15.734305,3.682500
2020-07-22,54.310001,282.468994,50.820000,25.379999,4.342500,155.860001,208.598541,148.424896,135.570816,5.091200,526.500000,44.360001,35.404999,23.754999,43.715000,,35.055000,4.432268,218.350006,115.411575,73.500481,15.714438,3.658000
2020-07-23,54.424999,283.300995,50.860001,25.402000,4.367500,158.320007,208.689789,148.370117,135.542557,5.097600,525.299988,44.424999,35.470001,23.850000,44.025002,,35.150002,4.446169,218.600006,115.385559,73.723816,15.687136,3.690500
2020-07-24,53.375000,277.709991,49.974998,24.959000,4.304500,158.270004,208.151566,147.763367,135.457779,5.003200,508.899994,43.125000,34.750000,23.320000,43.365002,,34.349998,4.444044,218.279999,115.229576,73.545158,15.460383,3.669500
2020-07-27,53.025002,275.003998,49.845001,25.010000,4.265500,159.639999,208.662430,146.811096,135.495453,4.978400,504.799988,42.970001,34.455002,23.084999,43.154999,,34.125000,4.412640,218.720001,115.576241,73.574928,15.241907,3.645500
2020-07-28,53.389999,277.028992,50.014999,25.135000,4.305500,161.550003,208.680679,146.094742,135.476608,4.996000,510.799988,43.485001,34.610001,23.184999,43.439999,,34.474998,4.413784,218.809998,115.680237,73.359032,15.558859,3.673500
2020-07-29,53.259998,276.506989,49.994999,25.212000,4.304500,161.210007,208.708008,145.736618,135.542557,5.006400,508.700012,43.419998,34.605000,22.969999,43.255001,,34.540001,4.394974,219.100006,115.463577,73.403694,15.761610,3.674500
2020-07-30,52.730000,275.217987,48.919998,24.884001,4.273000,160.169998,209.319214,145.589111,135.570816,4.956800,508.399994,43.174999,34.290001,22.545000,42.915001,,34.150002,4.430795,219.320007,115.272888,72.957024,15.730996,3.635500
2020-07-31,52.560001,275.274994,48.404999,24.785000,4.220000,161.990005,208.917877,144.384064,135.504868,4.930400,515.200012,43.105000,34.099998,22.145000,42.599998,,33.770000,4.410513,219.160004,115.394234,73.061256,15.566307,3.651000
2020-08-03,53.705002,281.686005,49.410000,25.135000,4.315500,162.729996,208.808365,145.319458,135.486038,5.034400,529.400024,44.075001,34.875000,22.629999,43.235001,,34.625000,4.411820,219.220001,115.472260,73.448364,15.655686,3.739000
2020-08-04,53.730000,281.380005,49.355000,25.246000,4.335500,164.309998,209.611145,145.488037,135.533142,5.037600,528.299988,44.000000,34.825001,22.900000,43.325001,,34.365002,4.438482,220.210007,115.602226,73.604698,15.847678,3.755500
2020-08-05,53.660000,280.678009,49.564999,25.500000,4.356000,166.880005,208.945221,144.274460,135.476608,5.043200,525.599976,43.845001,34.855000,22.865000,42.994999,,34.044998,4.362262,219.630005,115.463577,73.932266,15.745888,3.782000
2020-08-06,53.680000,281.606995,49.224998,25.400000,4.365500,168.000000,209.529037,144.813812,135.514297,5.045600,529.200012,43.814999,34.884998,22.764999,42.794998,,33.814999,4.427687,220.500000,115.879570,73.924828,15.769890,3.790000
2020-08-07,54.139999,284.895996,49.389999,25.326000,4.401500,167.639999,209.437820,145.302582,135.533142,5.078400,536.000000,44.330002,35.215000,22.770000,43.320000,,34.255001,4.408877,220.639999,115.870888,73.999275,15.913882,3.763000
2020-08-10,54.285000,285.799011,49.560001,25.233000,4.457000,167.639999,209.583771,144.796967,135.570816,5.095200,527.299988,43.775002,35.369999,23.184999,43.400002,,34.070000,4.394648,221.559998,116.052895,74.140709,16.160494,3.792000
2020-08-11,54.740002,287.877014,50.404999,25.483000,4.493500,160.149994,208.926971,143.937408,135.495453,5.146400,528.599976,43.590000,35.740002,23.610001,43.355000,,34.220001,4.316463,221.089996,115.957558,74.163055,16.143118,3.753000
2020-08-12,55.005001,287.519989,50.994999,25.570000,4.477500,159.520004,208.580322,143.962662,135.486038,5.167200,530.599976,43.950001,35.865002,23.700001,43.669998,,34.430000,4.278844,220.570007,115.940224,74.334282,16.053741,3.727500
2020-08-13,54.869999,286.936005,50.730000,25.408001,4.464500,159.529999,207.932632,143.692993,135.429535,5.143200,534.799988,44.244999,35.735001,23.389999,43.435001,,34.285000,4.268212,219.639999,115.740891,74.423615,15.973521,3.748000
2020-08-14,54.680000,286.575989,50.084999,25.357000,4.449500,159.339996,207.896149,143.423340,135.467209,5.122400,531.500000,44.020000,35.645000,23.334999,43.435001,,34.285000,4.228957,219.619995,115.602226,74.051376,15.920967,3.774000
2020-08-17,54.715000,286.217987,50.264999,25.517000,4.451000,161.089996,208.534714,143.802536,135.542557,5.133600,534.000000,44.415001,35.709999,23.330000,43.599998,,34.465000,4.228138,219.910004,115.610893,74.140709,15.886767,3.803500
2020-08-18,54.520000,285.177002,49.980000,25.301001,4.418000,162.440002,208.671524,142.378357,135.504868,5.113600,535.900024,44.494999,35.520000,23.129999,43.314999,,34.240002,4.204912,219.630005,115.628242,74.118370,15.685733,3.808500
2020-08-19,54.830002,286.760010,50.330002,25.371000,4.436500,160.089996,209.018188,142.942978,135.542557,5.137600,540.200012,44.770000,35.740002,23.235001,43.430000,,34.430000,4.235499,219.949997,115.827553,74.267281,15.637352,3.817000
2020-08-20,54.599998,286.057007,49.799999,24.957001,4.418500,159.339996,209.145905,143.381210,135.542557,5.111200,541.700012,44.834999,35.590000,23.004999,43.349998,,34.244999,4.261343,219.949997,115.957558,74.200264,15.845895,3.806000
2020-08-21,54.924999,288.640991,49.750000,25.412001,4.416000,159.449997,209.118530,144.249176,135.523712,5.144000,550.400024,45.205002,35.904999,22.975000,43.340000,,34.189999,4.309103,219.580002,115.931572,74.222603,15.850895,3.796000
2020-08-24,55.430000,291.140991,50.500000,25.635000,4.452500,158.740005,208.999954,144.384064,135.533142,5.192800,552.400024,45.180000,36.279999,23.315001,43.610001,,34.215000,4.301251,220.089996,116.026894,74.431053,15.916797,3.822500
2020-08-25,55.470001,291.794006,50.360001,25.819000,4.436500,157.309998,207.686356,143.119965,135.420090,5.197600,555.599976,45.270000,36.264999,23.254999,43.575001,,34.285000,4.237134,218.970001,115.558868,74.475716,15.948496,3.827500
2020-08-26,55.884998,293.825989,50.755001,25.955000,4.465500,159.419998,207.960022,142.412094,135.438934,5.238400,565.599976,45.884998,36.540001,23.275000,43.639999,,34.150002,4.225194,219.279999,115.437584,74.505508,15.985199,3.847000
2020-08-27,56.279999,297.380005,50.455002,25.809999,4.472000,158.589996,207.658951,142.074951,135.438934,5.264800,573.200012,46.279999,36.759998,23.264999,43.840000,,34.535000,4.182340,219.130005,115.515549,74.445938,16.061947,3.854500
2020-08-28,55.840000,294.777008,50.195000,25.900999,4.451000,159.490005,207.658951,140.764526,135.438934,5.229600,567.200012,45.834999,36.505001,23.219999,43.450001,,34.049999,4.150936,218.860001,115.619560,74.431053,15.974352,3.861500
2020-08-31,55.625000,294.138000,49.805000,25.174000,4.426500,159.619995,207.294083,140.764526,135.438934,5.203200,567.599976,45.904999,36.365002,23.125000,43.264999,,34.240002,4.153062,218.509995,115.515549,74.431053,15.846729,3.845500
2020-09-01,55.820000,295.118988,49.705002,25.608000,4.442000,160.199997,207.658951,140.119873,135.486038,5.225600,575.900024,46.290001,36.395000,22.980000,43.110001,,33.955002,4.154535,218.399994,115.550224,74.632072,15.869251,3.871000
2020-09-02,56.810001,301.209991,50.514999,25.792000,4.501000,159.160004,208.735413,142.028625,135.514297,5.302400,583.500000,46.849998,37.134998,23.379999,44.049999,,34.685001,4.267066,219.210007,115.914223,74.758614,16.110321,3.876000
2020-09-03,55.759998,295.266998,49.820000,25.400999,4.420500,157.830002,208.872208,142.673309,135.495453,5.202400,564.200012,45.505001,36.509998,23.125000,43.575001,,34.224998,4.299289,219.119995,116.061554,74.565056,16.149527,3.818500
2020-09-04,54.584999,287.630005,49.320000,25.311001,4.356500,158.039993,208.525589,142.766006,135.476608,5.102400,542.200012,43.945000,35.759998,23.100000,42.990002,,33.365002,4.251202,218.389999,115.740891,74.460838,15.890939,3.836000
2020-09-07,55.360001,292.048004,50.105000,25.403000,4.439000,158.250000,208.251907,142.690125,135.448364,5.177600,547.900024,44.674999,36.209999,23.350000,43.400002,,34.005001,4.197061,218.000000,116.009552,74.736282,16.188736,3.839500
2020-09-08,54.404999,286.042999,49.494999,25.253000,4.370500,158.389999,208.662430,144.561005,135.438934,5.090400,536.200012,43.770000,35.650002,23.055000,42.775002,,33.555000,4.261343,217.880005,115.905571,74.609741,15.948496,3.785000
2020-09-09,54.990002,289.027008,50.305000,25.344000,4.379000,159.589996,208.370514,144.611557,135.438934,5.151200,541.099976,44.439999,35.994999,23.215000,43.360001,,33.990002,4.226830,218.070007,115.775536,74.743736,15.998543,3.807000
2020-09-10,54.799999,287.872009,50.014999,25.215000,4.373000,159.820007,208.069473,146.048401,135.448364,5.128800,542.900024,44.389999,35.840000,23.100000,43.134998,,33.715000,4.172036,217.839996,115.610893,74.691605,15.856734,3.795500
2020-09-11,54.419998,284.593994,50.084999,25.302000,4.355000,159.710007,208.790131,147.527405,135.486038,5.097600,530.400024,43.755001,35.665001,23.120001,43.080002,,33.639999,4.249893,218.460007,115.948875,74.650673,15.768311,3.803000
2020-09-14,54.875000,287.480988,50.150002,25.535000,4.395500,159.929993,208.990799,146.461349,135.495453,5.139200,537.500000,44.285000,35.895000,23.355000,43.325001,,33.950001,4.231246,218.910004,115.940224,74.676720,15.952663,3.804000
2020-09-15,55.330002,289.700989,50.509998,25.900999,4.442500,159.699997,209.155014,146.566681,135.533142,5.192000,544.900024,44.935001,36.259998,23.415001,43.700001,,34.330002,4.226666,219.279999,116.026894,74.728836,16.223772,3.805500
2020-09-16,55.500000,290.475006,50.775002,26.023001,4.480500,161.190002,209.291855,145.134094,135.542557,5.206400,544.000000,45.005001,36.384998,23.504999,43.900002,,34.450001,4.250383,219.960007,115.992210,74.743736,16.335546,3.834500
2020-09-17,54.794998,286.088989,50.505001,25.739000,4.452500,159.559998,209.446930,145.622833,135.561401,5.144000,528.299988,44.220001,36.005001,23.389999,43.514999,,34.279999,4.246949,219.660004,116.009552,74.633125,16.218765,3.832500
2020-09-18,54.294998,282.552002,50.200001,25.642000,4.440500,159.529999,209.273605,145.471130,135.542557,5.112800,518.799988,43.904999,35.645000,23.195000,43.145000,,34.169998,4.217998,219.580002,116.052895,74.640701,15.881760,3.853000
2020-09-21,53.130001,276.980988,48.599998,25.205999,4.318000,156.110001,209.893936,147.679092,135.580246,5.002400,515.099976,43.529999,34.834999,22.525000,42.529999,,33.525002,4.295200,219.559998,115.914223,73.875580,15.468012,3.799500
2020-09-22,53.794998,281.500000,48.665001,25.221001,4.330500,157.300003,209.966888,148.075180,135.617920,5.051200,528.400024,44.169998,35.209999,22.655001,42.865002,,33.645000,4.289148,219.570007,115.905571,73.860428,15.533076,3.810500
2020-09-23,54.235001,283.815002,48.970001,25.218000,4.372500,155.550003,210.094604,147.788620,135.636765,5.085600,532.799988,44.555000,35.685001,22.889999,43.110001,,33.919998,4.292420,219.559998,115.905571,73.951355,15.482197,3.818000
2020-09-24,53.619999,280.122009,48.470001,24.944000,4.298000,155.229996,209.957809,148.336411,135.589661,5.025600,529.299988,44.160000,35.240002,22.625000,42.680000,,33.485001,4.329385,218.960007,115.593567,73.557411,15.302850,3.800000
2020-09-25,54.000000,282.798004,48.445000,24.875999,4.335000,155.570007,209.966888,148.728287,135.589661,5.049600,535.000000,44.544998,35.435001,22.629999,42.935001,,33.759998,4.345087,218.820007,115.593567,73.178650,15.435476,3.830000
2020-09-28,55.119999,288.967987,49.549999,25.246000,4.441500,155.669998,210.048996,146.886917,135.561401,5.158400,545.900024,45.264999,36.099998,23.150000,43.715000,,34.279999,4.319735,218.679993,115.671547,73.724075,15.863407,3.815000
2020-09-29,54.639999,286.272003,49.169998,25.080000,4.394500,156.199997,210.322678,147.038635,135.608505,5.120800,544.799988,45.240002,35.834999,22.900000,43.404999,,34.009998,4.301415,219.009995,115.740891,73.761955,15.542254,3.751000
2020-09-30,54.959999,289.205994,49.130001,25.490000,4.430000,156.029999,209.875671,145.757675,135.551971,5.160000,550.200012,45.549999,36.040001,22.875000,43.555000,,34.270000,4.244986,218.669998,115.974884,73.814972,15.703247,3.766500
2020-10-01,55.084999,289.674988,49.255001,25.635000,4.440000,157.550003,210.085495,146.136902,135.599091,5.168000,553.700012,45.845001,36.139999,22.805000,43.625000,,34.230000,4.243677,218.699997,116.000877,74.049820,15.815863,3.733000
2020-10-02,54.889999,287.804993,49.395000,25.610001,4.462000,157.669998,210.404770,145.589111,135.636765,5.152800,546.000000,45.450001,35.994999,22.809999,43.555000,,34.000000,4.253490,219.050003,116.130898,74.083908,15.991872,3.768000
2020-10-05,55.244999,289.657013,49.790001,25.597000,4.523000,157.460007,210.030762,144.645294,135.617920,5.185600,546.500000,45.520000,36.180000,23.080000,43.785000,,34.290001,4.165166,219.139999,116.269562,74.413445,16.152031,3.805000
2020-10-06,55.400002,290.631989,49.820000,25.799999,4.575000,157.139999,210.176712,144.561005,135.617920,5.206400,545.500000,45.439999,36.220001,23.299999,43.834999,,34.240002,4.131636,219.520004,116.356209,74.557365,16.235455,3.830000
2020-10-07,55.500000,291.209991,49.759998,26.042000,4.590000,155.529999,209.985138,144.999252,135.665009,5.220800,548.000000,45.680000,36.264999,23.350000,43.750000,,34.349998,4.156169,219.410004,116.252213,74.614197,16.089470,3.828000
2020-10-08,55.939999,293.704987,50.090000,26.146000,4.628500,155.679993,210.514236,144.999252,135.674438,5.264800,552.000000,46.044998,36.555000,23.535000,44.035000,,34.689999,4.172036,220.369995,116.269562,74.617981,16.251299,3.854000
2020-10-09,56.195000,295.325012,50.395000,26.327999,4.653000,157.860001,210.842651,144.105957,135.683853,5.287200,556.400024,46.305000,36.785000,23.475000,44.115002,,34.825001,4.140141,220.869995,116.512207,74.708878,16.197079,3.902000
2020-10-12,56.950001,300.776001,50.820000,26.527000,4.697000,157.699997,211.161926,143.334854,135.730957,5.354400,574.000000,47.220001,37.294998,23.504999,44.544998,,35.110001,4.153062,221.199997,116.763535,74.822502,16.251299,3.876000
2020-10-13,57.145000,302.149994,50.465000,26.532000,4.676500,156.240005,211.335236,144.759018,135.730957,5.364800,584.299988,47.650002,37.395000,23.420000,44.570000,,35.049999,4.200823,221.000000,116.720207,74.788429,16.089470,3.882000
2020-10-14,56.904999,300.213013,50.389999,26.548000,4.688500,157.380005,211.517670,144.358765,135.740402,5.347200,577.500000,47.415001,37.264999,23.389999,44.500000,,34.950001,4.222904,221.240005,116.763535,74.701302,15.999379,3.891000
2020-10-15,56.285000,297.862000,49.369999,26.205999,4.641000,157.639999,211.672775,145.605972,135.702698,5.288000,569.700012,46.825001,36.875000,23.150000,44.130001,,34.480000,4.253982,221.000000,116.754883,74.239197,16.059439,3.933500
2020-10-16,56.825001,300.701996,50.049999,26.361000,4.688000,157.080002,212.028519,145.344742,135.768631,5.336000,573.200012,47.174999,37.174999,23.405001,44.355000,,34.875000,4.211455,221.699997,116.988876,74.504349,15.920967,3.932500
2020-10-19,56.250000,296.431000,49.919998,26.254999,4.666500,156.820007,211.855209,144.333450,135.721542,5.289600,564.400024,46.630001,36.845001,23.285000,43.930000,,34.564999,4.170564,221.520004,117.058212,74.606628,15.669047,3.921500
2020-10-20,55.660000,292.977997,49.759998,26.299000,4.622500,156.520004,211.371735,144.535721,135.712128,5.240000,554.500000,45.880001,36.455002,23.105000,43.424999,,34.134998,4.135398,221.649994,116.824211,74.527069,15.685733,3.918500
2020-10-21,55.380001,291.972992,49.105000,26.367001,4.578000,157.169998,211.043335,142.201401,135.712128,5.219200,554.400024,45.634998,36.325001,23.025000,43.294998,,33.785000,4.099250,221.330002,116.754883,74.508141,15.558102,3.928500
2020-10-22,55.404999,292.083008,49.044998,26.371000,4.585000,155.789993,210.641953,142.386780,135.683853,5.219200,551.799988,45.505001,36.345001,23.110001,43.345001,,33.994999,4.079622,220.619995,116.850204,74.610397,15.679060,3.935500
2020-10-23,55.650002,293.497009,49.389999,26.340000,4.625000,155.369995,210.897385,142.850266,135.693283,5.232000,551.400024,45.400002,36.435001,23.180000,43.505001,,34.205002,4.066454,221.339996,116.910858,74.799782,15.759140,3.900500
2020-10-26,54.759998,288.395996,48.505001,26.191000,4.538500,156.199997,210.997726,143.608704,135.730957,5.161600,546.299988,45.020000,35.814999,22.825001,43.040001,,33.764999,4.130981,221.429993,116.720207,74.527069,15.475524,3.889000
2020-10-27,54.740002,289.036987,48.070000,26.298000,4.515000,156.300003,211.590652,143.263214,135.759216,5.162400,550.500000,45.270000,35.825001,22.575001,43.110001,,33.855000,4.154208,221.779999,116.954185,74.500557,15.415462,3.906500
2020-10-28,53.584999,282.623993,46.634998,25.905001,4.438500,155.259995,211.371735,144.392456,135.712128,5.051200,538.700012,44.400002,35.000000,22.075001,42.330002,,33.115002,4.188885,220.470001,116.434212,73.784683,15.075953,3.864000
2020-10-29,53.919998,284.945007,46.610001,26.179001,4.461500,155.259995,211.937317,144.754822,135.796890,5.086400,546.700012,44.779999,35.325001,22.170000,42.525002,,32.974998,4.188065,220.949997,116.607559,73.708923,15.242786,3.854500
2020-10-30,53.514999,282.231995,46.669998,25.914000,4.447000,156.380005,211.727493,143.709854,135.768631,5.042400,535.599976,44.189999,35.020000,22.170000,42.404999,,32.820000,4.162222,220.770004,116.572884,73.716499,15.221931,3.856500
2020-11-02,54.270000,286.503998,47.410000,26.236000,4.501000,157.570007,211.937317,144.594711,135.778046,5.120800,536.500000,44.525002,35.610001,22.674999,43.090000,,33.349998,4.185774,220.559998,116.893532,74.102852,15.525571,3.876000
2020-11-03,55.189999,290.691986,48.514999,26.257000,4.576000,157.460007,211.928223,142.133972,135.778046,5.192800,544.299988,45.139999,36.169998,23.059999,43.630001,,33.924999,4.105793,220.779999,117.023537,74.640701,15.789169,3.874000
2020-11-04,56.415001,298.139008,49.505001,27.073000,4.653000,157.210007,212.265701,144.392456,135.806305,5.320000,566.200012,47.000000,37.075001,23.305000,44.240002,,35.549999,4.218324,220.779999,117.162209,74.898262,16.042755,3.881000
2020-11-05,56.805000,299.864990,49.974998,27.225000,4.686000,159.389999,212.293060,142.926117,135.815735,5.345600,575.099976,47.509998,37.255001,23.295000,44.115002,,35.310001,4.166802,221.149994,117.560860,75.451271,15.961842,3.900000
2020-11-06,56.505001,297.274994,49.884998,27.198000,4.666500,159.119995,212.156265,141.725220,135.825150,5.324800,570.799988,47.195000,36.990002,23.129999,43.965000,,35.070000,4.112989,221.279999,117.482841,75.390671,15.805020,3.853500
2020-11-09,58.465000,307.807007,51.939999,27.985001,4.882000,152.020004,210.468628,140.823517,135.683853,5.496800,580.799988,47.570000,38.384998,24.445000,44.895000,,35.650002,4.025155,221.029999,117.422188,76.178505,16.665045,3.868000
2020-11-10,57.720001,301.553986,52.424999,27.421000,4.846500,154.369995,210.277054,139.942871,135.693283,5.431200,555.500000,45.794998,37.875000,24.790001,44.630001,,35.259998,4.026710,221.419998,117.318184,76.019424,16.896112,3.912000
2020-11-11,58.474998,305.946014,53.014999,27.596001,4.873500,153.509995,210.605484,140.043991,135.693283,5.507200,566.400024,46.645000,38.285000,24.985001,45.169998,,35.709999,4.043964,221.979996,117.482841,76.019424,17.062109,3.943500
2020-11-12,58.000000,303.417999,52.560001,27.684000,4.845000,154.009995,211.133911,141.429749,135.721542,5.466400,567.500000,46.674999,37.924999,24.559999,44.820000,,35.500000,4.077005,222.419998,117.474190,75.943695,16.836720,3.934500
2020-11-13,57.970001,303.401001,52.570000,27.613001,4.858500,154.960007,211.425858,141.251602,135.730957,5.459200,564.200012,46.480000,37.930000,24.730000,44.880001,,35.625000,4.101048,222.660004,117.508842,75.966400,16.901329,3.928000
2020-11-16,58.860001,308.438995,53.209999,28.083000,4.969000,154.960007,211.580933,140.844421,135.768631,5.544800,570.799988,46.674999,38.474998,25.235001,45.244999,,35.724998,4.085511,223.259995,117.716866,76.345177,17.203377,3.918000
2020-11-17,58.665001,306.734009,53.110001,27.913000,4.928000,154.089996,211.872879,140.522110,135.749786,5.528800,569.000000,46.535000,38.314999,25.264999,45.040001,,35.279999,4.102193,222.860001,117.708199,76.413353,17.255394,3.899500
2020-11-18,58.794998,307.033997,53.340000,27.990000,4.974500,153.539993,211.754303,140.106445,135.778046,5.545600,568.400024,46.500000,38.465000,25.360001,44.980000,,35.145000,4.107429,222.850006,117.864174,76.458809,17.325037,3.943500
2020-11-19,58.279999,302.852997,52.935001,27.945000,4.924500,152.169998,211.918503,140.950455,135.749786,5.500000,568.400024,46.535000,38.060001,25.010000,44.445000,,34.665001,4.141940,222.559998,117.803497,76.428505,16.955864,3.901000
2020-11-20,58.529999,304.011993,53.224998,28.094999,4.941000,153.029999,212.110092,140.377899,135.815735,5.524800,570.000000,46.740002,38.185001,25.200001,44.625000,,34.895000,4.150773,222.929993,117.881523,76.511833,17.024664,3.915000
2020-11-23,58.455002,302.876007,53.099998,28.257999,5.022000,150.289993,212.128326,140.237946,135.796890,5.530400,563.400024,46.389999,38.040001,25.500000,44.410000,,34.665001,4.157805,223.350006,117.829521,76.731529,17.174850,3.932000
2020-11-24,59.299999,307.964996,53.645000,28.464001,5.091000,147.179993,212.000626,139.389679,135.815735,5.602400,569.700012,46.474998,38.520000,25.959999,44.570000,,34.794998,4.114789,223.919998,117.959518,76.928490,17.278887,3.942500
2020-11-25,59.150002,306.963013,53.630001,28.309999,5.047000,147.369995,212.046219,139.241226,135.787460,5.591200,573.799988,46.555000,38.384998,25.709999,44.360001,,34.435001,4.099577,223.979996,118.054848,77.057266,17.088432,3.934500
2020-11-26,59.240002,307.246002,53.535000,28.424000,5.039000,147.320007,212.274323,139.885941,135.815735,5.599200,577.200012,46.889999,38.395000,25.639999,44.430000,,34.619999,4.099086,224.110001,118.054848,77.026955,17.094301,3.937500
2020-11-27,59.209999,306.760986,53.685001,28.518000,5.045000,144.850006,212.256058,139.979202,135.796890,5.603200,579.099976,47.174999,38.395000,25.700001,44.325001,,34.715000,4.096633,224.330002,118.028839,77.155762,16.985231,3.925000
2020-11-30,58.580002,303.701996,53.200001,27.868000,4.986500,144.350006,211.900253,139.928284,135.759216,5.534400,572.599976,46.935001,38.029999,25.264999,43.970001,,34.730000,4.100395,224.169998,117.959518,77.102707,16.804001,3.919500
2020-12-01,59.165001,307.144989,53.584999,28.152000,5.024000,145.660004,211.143021,138.236053,135.721542,5.584000,581.599976,47.250000,38.355000,25.584999,44.174999,,34.959999,4.010762,223.970001,117.881523,77.337547,16.873638,3.897500
2020-12-02,58.845001,305.492004,53.555000,28.108999,4.992000,146.429993,211.243362,138.846756,135.712128,5.556800,579.599976,46.669998,38.165001,25.605000,43.845001,,34.840000,3.963410,224.139999,117.716866,77.413300,16.742750,3.884500
2020-12-03,58.849998,305.011993,53.514999,28.318001,5.041000,145.919998,211.790756,137.540512,135.759216,5.566400,579.200012,46.695000,38.084999,25.719999,43.720001,,34.685001,3.956867,225.000000,118.054848,77.534508,16.844276,3.822500
2020-12-04,59.154999,306.675995,53.895000,28.520000,5.081000,146.360001,211.571808,137.247849,135.730957,5.601600,581.000000,46.764999,38.264999,26.065001,43.770000,,34.904999,3.918103,224.830002,118.089508,77.845100,17.005369,3.843000
2020-12-07,59.169998,307.010010,53.740002,28.622999,5.093000,148.860001,212.173981,138.990997,135.768631,5.604000,584.700012,47.049999,38.264999,25.885000,43.810001,,34.869999,3.962265,225.350006,118.288849,77.761780,16.940763,3.834000
2020-12-08,59.355000,307.867004,53.855000,28.608000,5.110000,149.509995,212.593628,139.203049,135.787460,5.617600,584.700012,47.174999,38.474998,25.900000,43.919998,,35.130001,3.985082,225.460007,118.375519,77.648140,16.973486,3.824500
2020-12-09,59.485001,308.355988,54.000000,28.617001,5.149000,148.199997,212.584518,138.647430,135.806305,5.625600,587.000000,47.349998,38.514999,26.125000,44.025002,,35.139999,3.980830,225.279999,118.358177,77.754204,16.814070,3.848000
2020-12-10,59.119999,306.019012,53.855000,28.695999,5.105000,146.809998,212.566269,139.754456,135.815735,5.604800,578.200012,46.840000,38.235001,25.985001,43.785000,,35.070000,3.973887,225.210007,118.280159,77.496635,16.792255,3.905500
2020-12-11,58.730000,303.585999,53.355000,28.596001,5.097000,147.470001,212.903839,141.043793,135.844009,5.568000,571.700012,46.549999,37.974998,25.674999,43.720001,16.430000,34.810001,4.026636,225.190002,118.418839,77.208778,16.757013,3.886000
2020-12-14,59.044998,305.294006,53.570000,28.455999,5.130000,145.710007,212.839981,139.792618,135.806305,5.592800,580.700012,47.145000,38.154999,25.875000,43.895000,16.719999,34.869999,4.000261,225.500000,118.436188,77.451172,16.777992,3.874000
2020-12-15,59.009998,304.423004,53.740002,28.506001,5.142000,147.259995,212.958572,138.460831,135.796890,5.592000,579.400024,47.035000,38.060001,25.889999,43.715000,16.875999,34.619999,3.992844,225.839996,118.392830,77.322411,16.835884,3.903500
2020-12-16,59.400002,306.932007,54.189999,28.702999,5.171000,147.669998,212.292587,137.828888,135.749786,5.632800,585.299988,47.380001,38.310001,26.045000,43.930000,16.878000,34.845001,3.967294,225.289993,118.236839,77.572395,17.020466,3.909000
2020-12-17,59.419998,305.833008,54.264999,28.721001,5.181000,149.289993,212.383789,136.738861,135.759216,5.630400,585.000000,47.724998,38.334999,25.900000,43.910000,16.848000,34.750000,3.943393,225.639999,118.288849,77.632996,16.989428,3.929500
2020-12-18,59.285000,305.084015,54.134998,28.757999,5.207000,149.199997,212.173981,137.671951,135.730957,5.632800,584.900024,47.755001,38.209999,25.825001,43.924999,16.812000,34.794998,3.928144,225.100006,118.288849,77.686035,16.814070,3.967000
2020-12-21,58.630001,302.303986,52.875000,28.346001,5.133000,149.139999,212.256058,139.330322,135.683853,5.577600,579.400024,47.595001,37.810001,25.230000,43.320000,16.493999,34.294998,3.941332,224.279999,118.124168,77.110298,16.457487,3.937000
2020-12-22,59.160000,305.450012,53.514999,28.231001,5.196000,148.500000,212.438538,139.351471,135.730957,5.614400,585.200012,47.884998,38.205002,25.400000,43.575001,16.525999,34.645000,3.973639,224.880005,118.306152,77.519356,16.663048,3.953000
2020-12-23,59.400002,306.298004,54.049999,28.518000,5.250000,148.740005,211.672150,137.294495,135.674438,5.644800,586.000000,48.005001,38.250000,25.620001,43.674999,16.582001,34.685001,3.923199,224.720001,118.098183,77.504204,16.798124,3.976500
2020-12-24,59.435001,306.135010,54.185001,28.507000,5.250000,149.000000,211.936768,136.713440,135.655594,5.644800,585.900024,48.005001,38.250000,25.620001,43.674999,16.582001,34.685001,3.923199,224.770004,118.228165,77.708755,16.726812,3.976500
2020-12-28,59.759998,308.381012,54.590000,28.511999,5.266000,149.070007,212.137466,136.713440,135.702698,5.679200,591.400024,48.205002,38.535000,25.740000,43.830002,16.780001,34.735001,3.931605,225.550003,118.193520,77.708755,16.890417,3.929000
2020-12-29,59.805000,308.046997,54.869999,28.773001,5.220000,148.990005,212.283432,137.570175,135.693283,5.687200,592.400024,48.080002,38.654999,25.700001,43.910000,16.629999,34.904999,3.934161,225.679993,118.418839,77.822388,16.870281,3.949000
2020-12-30,59.665001,307.148987,54.665001,29.112000,5.221000,148.750000,212.237839,136.738861,135.712128,5.689600,590.299988,48.014999,38.575001,25.695000,43.779999,16.768000,34.945000,3.914957,225.490005,118.306152,77.845100,16.899649,3.946500
2020-12-31,59.590000,306.921997,54.450001,29.253000,5.221000,149.529999,212.566269,136.242661,135.674438,5.689600,590.500000,48.014999,38.575001,25.695000,43.779999,16.768000,34.945000,3.914957,225.559998,118.262840,77.814812,16.875319,3.946500
2021-01-04,59.305000,304.475006,54.889999,29.431000,5.185000,153.210007,212.493286,136.904266,135.674438,5.660800,584.099976,47.865002,38.264999,25.690001,43.669998,17.114000,34.849998,3.947101,225.500000,118.531509,77.833748,16.641230,4.027000
2021-01-05,59.419998,304.990997,54.845001,29.726999,5.236000,153.619995,212.210464,136.492874,135.655594,5.685600,584.900024,47.980000,38.285000,25.830000,43.570000,17.275999,34.910000,3.900533,225.649994,118.418839,77.814812,16.662203,4.099500
2021-01-06,60.270000,309.979004,55.654999,29.851000,5.370000,150.399994,211.872879,135.763397,135.608505,5.752800,586.400024,48.169998,38.740002,26.525000,43.945000,17.426001,35.320000,3.813003,225.889999,118.340851,77.920860,16.710032,4.112000
2021-01-07,60.799999,312.654999,55.880001,29.848000,5.422000,151.020004,211.872879,135.670090,135.599091,5.809600,592.599976,48.880001,39.000000,26.750000,44.125000,17.851999,35.599998,3.792975,226.179993,118.358177,77.958748,16.564877,4.108500
2021-01-08,61.099998,314.114014,56.189999,30.663000,5.449000,147.119995,212.100983,135.148376,135.627319,5.852000,599.200012,49.654999,39.215000,26.780001,44.290001,17.733999,36.025002,3.786381,226.460007,118.358177,78.026909,16.667240,4.095500
2021-01-11,61.345001,316.233002,55.869999,30.660999,5.451000,147.169998,211.608307,135.759140,135.570816,5.870400,601.700012,49.779999,39.404999,26.870001,44.555000,17.972000,36.430000,3.807810,225.919998,118.288849,77.837540,16.622768,4.083000
2021-01-12,61.299999,315.601990,55.900002,30.892000,5.521000,146.960007,210.814560,134.049942,135.467209,5.875200,598.500000,49.615002,39.259998,27.094999,44.294998,18.458000,36.209999,3.791574,225.660004,118.011528,77.716316,16.625290,4.144000
2021-01-13,61.439999,316.269012,55.924999,30.837000,5.518000,148.000000,211.690414,134.681854,135.514297,5.892800,601.799988,49.825001,39.334999,27.215000,44.404999,18.226000,36.200001,3.835833,226.660004,118.167519,77.841316,16.758696,4.174000
2021-01-14,61.759998,317.289001,56.369999,31.415001,5.566000,147.259995,211.818130,134.202606,135.486038,5.928000,603.000000,49.900002,39.415001,27.629999,44.465000,18.917999,36.410000,3.852153,226.360001,118.259789,77.928444,16.979359,4.189000
2021-01-15,61.259998,315.074005,55.814999,31.054001,5.521000,146.500000,211.772507,135.186569,135.476608,5.890400,599.500000,49.410000,39.160000,27.385000,44.439999,18.775999,36.465000,3.859323,226.500000,118.207542,77.670883,16.972647,4.173500
2021-01-18,61.355000,315.506989,55.875000,31.155001,5.550000,147.429993,211.471436,135.381683,135.476608,5.899200,597.900024,49.494999,39.259998,27.370001,44.555000,18.730000,36.610001,3.864104,226.289993,118.120491,77.678459,17.145487,4.169500
2021-01-19,61.270000,315.192993,55.814999,31.341000,5.547000,147.270004,211.690414,134.999924,135.504868,5.903200,598.799988,49.424999,39.169998,27.360001,44.494999,19.044001,36.650002,3.858911,226.759995,118.111771,77.803444,17.001173,4.154000
2021-01-20,62.095001,320.303009,56.180000,31.825001,5.599000,149.220001,211.580933,134.728500,135.457779,5.980000,616.599976,50.549999,39.730000,27.575001,44.689999,19.233999,36.830002,3.851163,226.660004,118.277168,78.042061,17.224360,4.158500
2021-01-21,62.055000,320.329010,56.160000,31.836000,5.568000,148.690002,210.841904,133.897232,135.410690,5.976000,620.599976,50.840000,39.735001,27.510000,44.535000,19.417999,36.720001,3.834597,225.699997,118.120491,78.034492,17.034735,4.145500
2021-01-22,61.660000,318.420013,55.834999,31.447001,5.527000,147.500000,210.814560,134.652176,135.335312,5.928800,617.900024,50.669998,39.485001,27.155001,44.389999,19.334000,36.625000,3.824542,225.179993,118.224953,77.989044,17.016281,4.098500
2021-01-25,61.549999,318.235992,55.400002,31.708000,5.540000,147.899994,211.517075,135.216263,135.476608,5.932800,621.000000,50.939999,39.465000,26.959999,44.610001,19.025999,36.814999,3.879928,225.619995,118.085678,77.663292,17.088432,4.121000
2021-01-26,61.840000,320.006989,55.695000,31.478001,5.548000,147.690002,211.489700,134.406174,135.467209,5.944000,625.200012,50.919998,39.645000,27.139999,44.660000,18.639999,36.855000,3.869214,225.699997,118.094383,77.837540,17.168980,4.156500
2021-01-27,61.134998,315.967010,55.105000,31.077999,5.506000,147.929993,211.644775,135.033875,135.476608,5.870400,617.299988,49.990002,39.095001,26.905001,44.485001,18.038000,36.310001,3.908775,225.860001,117.998627,77.564812,17.195827,4.178500
2021-01-28,61.189999,317.325012,55.110001,30.948999,5.487000,148.240005,211.617432,134.355240,135.448364,5.878400,617.200012,49.915001,39.240002,26.900000,44.465000,18.142000,36.419998,3.864680,226.100006,118.050880,77.686035,17.251202,4.157000
2021-01-29,59.970001,310.524994,54.040001,30.327999,5.420000,148.240005,211.389343,134.380722,135.495453,5.757600,602.900024,49.035000,38.270000,26.459999,43.700001,18.000000,35.799999,3.854790,226.259995,117.876747,77.663292,17.092623,4.160000
2021-02-01,60.750000,314.352997,54.724998,31.006001,5.451000,149.160004,211.334610,134.813324,135.486038,5.836000,614.900024,49.955002,38.799999,26.670000,44.080002,18.362000,36.115002,3.869790,226.779999,118.146606,77.769371,17.118635,4.215500
2021-02-02,62.040001,322.062988,55.424999,31.767000,5.585000,147.899994,210.860199,134.864227,135.382431,5.961600,628.599976,51.279999,39.584999,27.100000,44.654999,18.743999,36.520000,3.857098,226.830002,117.972504,77.966316,17.426556,4.260500
2021-02-03,62.119999,321.815002,55.605000,31.964001,5.598000,148.039993,210.942322,134.507950,135.457779,5.967200,630.500000,51.349998,39.595001,27.235001,44.404999,18.700001,36.105000,3.842015,227.419998,118.155304,78.246605,17.299030,4.268500
2021-02-04,62.689999,325.209991,55.939999,31.931999,5.698000,144.669998,210.960556,134.211060,135.504868,6.019200,633.000000,51.590000,39.884998,27.584999,44.715000,18.680000,36.529999,3.831300,226.990005,118.103073,78.276909,17.544859,4.276000
2021-02-05,62.915001,326.368011,55.935001,32.132000,5.731000,145.729996,210.942322,133.477310,135.495453,6.032800,635.599976,51.860001,39.985001,27.715000,44.814999,18.562000,36.415001,3.802453,226.419998,117.955086,78.322365,17.559965,4.324500
2021-02-08,63.160000,327.117004,56.090000,32.187000,5.800000,147.580002,210.987900,133.456146,135.523712,6.048000,637.599976,52.060001,40.040001,27.945000,44.900002,18.862000,36.459999,3.802453,226.600006,118.120491,78.329941,17.525564,4.357000
2021-02-09,63.080002,326.526001,56.029999,32.308998,5.814000,147.169998,210.987900,133.065918,135.561401,6.048000,638.200012,52.169998,40.025002,27.945000,44.709999,19.000000,36.360001,3.795695,226.259995,118.155304,78.288277,17.507103,4.356500
2021-02-10,62.900002,325.234009,55.930000,32.445000,5.789000,146.809998,210.905807,132.506104,135.551971,6.028800,632.700012,51.779999,39.855000,27.860001,44.654999,18.912001,36.349998,3.780612,225.990005,118.085678,78.292053,17.668200,4.327500
2021-02-11,63.145000,326.438995,56.154999,32.908001,5.815000,146.630005,211.307236,132.879333,135.523712,6.065600,638.500000,52.340000,40.125000,27.950001,44.685001,19.408001,36.430000,3.781436,226.399994,118.024750,78.398117,17.687122,4.329000
2021-02-12,63.349998,327.101013,56.490002,32.900002,5.822000,145.979996,210.796326,132.310989,135.514297,6.084800,639.400024,52.520000,40.230000,28.139999,44.685001,19.870001,36.674999,3.747644,226.190002,117.981216,78.360245,17.679525,4.355000
2021-02-15,63.895000,329.552002,57.314999,33.191002,5.885000,145.279999,210.066437,131.051315,135.457779,6.136000,644.099976,53.000000,40.580002,28.510000,44.845001,20.030001,36.884998,3.711380,225.309998,117.807121,78.413269,17.839012,4.377500
2021-02-16,63.730000,328.394989,57.259998,33.008999,5.850000,144.300003,209.573792,130.724731,135.438934,6.119200,642.099976,52.799999,40.474998,28.415001,44.500000,20.014999,36.494999,3.674537,225.380005,117.693939,78.360245,17.725939,4.391000
2021-02-17,63.549999,328.158997,56.855000,33.046001,5.775000,142.779999,209.637665,131.335495,135.391846,6.092000,635.500000,52.000000,40.380001,28.379999,44.529999,19.510000,36.544998,3.728275,224.869995,117.780983,78.295837,17.762222,4.419000
2021-02-18,63.169998,326.208008,56.490002,32.473000,5.725000,142.440002,208.834778,130.181854,135.344742,6.051200,632.900024,51.840000,40.195000,28.165001,44.400002,19.334000,36.314999,3.700664,223.580002,117.598190,78.292053,17.612862,4.439000
2021-02-19,63.380001,327.234009,56.775002,32.837002,5.788000,142.529999,208.725296,129.231812,135.372986,6.078400,636.000000,52.160000,40.330002,28.400000,44.139999,19.906000,35.994999,3.639756,222.720001,117.572083,78.420845,17.682062,4.425000
2021-02-22,62.764999,323.282013,56.505001,31.930000,5.778000,144.270004,209.181473,128.722855,135.363586,6.016000,618.400024,50.750000,39.889999,28.445000,43.705002,19.299999,35.450001,3.621129,223.800003,117.624275,78.292053,17.748728,4.452000
2021-02-23,62.325001,320.878998,56.305000,31.712999,5.714000,143.979996,208.634079,128.324188,135.316483,5.979200,605.599976,49.430000,39.724998,28.275000,43.685001,18.738001,35.320000,3.589397,223.720001,117.476303,78.307205,17.963902,4.477000
2021-02-24,62.895000,325.179993,56.544998,31.587999,5.814000,143.559998,208.214417,128.103622,135.307083,6.018400,612.299988,49.724998,40.000000,28.620001,43.820000,18.916000,35.555000,3.563270,223.350006,117.354446,78.292053,18.182461,4.523000
2021-02-25,62.275002,321.682007,56.380001,31.389999,5.754000,140.880005,206.818527,126.907570,135.194016,5.970400,603.799988,49.049999,39.610001,28.495001,43.404999,18.864000,35.115002,3.494037,222.539993,116.736366,78.110245,18.062635,4.481500
2021-02-26,61.820000,320.678009,55.525002,30.826000,5.674000,137.899994,207.393295,127.849152,135.203445,5.920800,606.000000,48.945000,39.450001,28.180000,43.240002,18.794001,35.040001,3.550577,223.119995,117.049774,77.936028,17.785007,4.438000
2021-03-01,63.029999,326.859985,56.485001,31.729000,5.827000,139.490005,208.880402,128.663467,135.344742,6.043200,617.099976,49.980000,40.160000,28.760000,43.770000,19.278000,35.544998,3.585605,225.139999,117.380577,78.284485,17.995131,4.450500
2021-03-02,62.705002,324.721985,56.590000,31.264000,5.772000,138.699997,208.989899,128.799179,135.335312,6.010400,613.099976,49.709999,39.930000,28.540001,43.570000,19.020000,35.349998,3.586925,224.970001,117.363159,78.390541,17.676994,4.435500
2021-03-03,62.535000,323.761993,56.645000,31.462999,5.797000,138.130005,208.114029,127.849152,135.269379,6.002400,604.599976,48.840000,39.799999,28.790001,43.305000,18.688000,34.965000,3.556841,224.399994,117.302200,78.276909,17.768137,4.419000
2021-03-04,62.040001,321.020996,56.529999,31.271000,5.702000,138.009995,208.305634,127.853401,135.325897,5.966400,594.400024,47.764999,39.514999,28.709999,43.410000,17.958000,34.830002,3.567474,224.740005,117.415382,78.367805,17.860954,4.454500
2021-03-05,61.334999,317.670990,56.060001,30.813999,5.602000,137.880005,208.086670,128.739822,135.297638,5.899200,580.400024,46.070000,39.224998,28.740000,43.455002,17.378000,34.584999,3.591705,225.500000,117.171638,78.049652,17.619612,4.504500
2021-03-08,63.395000,330.239014,57.290001,30.787001,5.838000,137.190002,207.922440,128.222397,135.316483,6.057600,599.299988,47.730000,40.445000,29.645000,44.509998,17.944000,35.605000,3.594343,225.059998,117.049774,78.269333,18.195965,4.525500
2021-03-09,63.650002,331.102997,57.630001,31.093000,5.903000,139.649994,208.378632,127.963669,135.335312,6.104800,604.700012,48.305000,40.605000,29.735001,44.715000,18.073999,35.810001,3.601513,225.720001,117.276108,78.201157,18.205246,4.502000
2021-03-10,63.834999,331.885986,57.869999,30.933001,5.917000,139.729996,208.442474,128.179993,135.344742,6.110400,607.700012,48.610001,40.619999,29.830000,44.834999,18.188000,35.825001,3.604810,225.800003,117.197762,78.208733,18.174025,4.493000
2021-03-11,64.214996,334.281006,58.195000,31.677999,5.972000,139.429993,209.208847,127.573486,135.401260,6.166400,615.299988,49.340000,40.970001,29.920000,44.810001,18.577999,35.669998,3.576705,226.800003,117.476303,78.722443,18.382450,4.517500
2021-03-12,63.990002,332.455994,58.070000,31.214001,6.005000,138.860001,208.624924,127.280823,135.335312,6.137600,605.799988,48.735001,40.700001,29.975000,44.750000,18.098000,35.555000,3.508049,226.699997,117.276108,78.453087,18.382450,4.519000
2021-03-15,64.324997,334.263000,58.049999,31.280001,6.046000,140.279999,209.254456,127.637062,135.382431,6.164800,612.500000,49.314999,40.955002,30.160000,45.174999,18.540001,35.875000,3.528653,227.130005,117.389267,78.445381,18.687092,4.522000
2021-03-16,64.930000,337.546997,58.555000,31.639999,6.058000,140.779999,209.117615,127.535294,135.391846,6.229600,626.099976,50.060001,41.395000,30.465000,45.610001,19.058001,36.209999,3.519753,227.500000,117.354446,78.476166,18.758812,4.524500
2021-03-17,64.525002,335.451996,58.380001,31.278000,6.002000,140.600006,208.241745,127.128128,135.316483,6.179200,616.200012,49.205002,41.105000,30.434999,45.459999,18.826000,36.005001,3.489257,226.160004,117.093300,78.376114,18.662615,4.511500
2021-03-18,64.745003,336.127014,58.595001,31.332001,6.059000,140.759995,208.050156,125.944839,135.391846,6.197600,614.000000,49.224998,41.090000,30.770000,45.345001,18.856001,36.090000,3.448542,225.839996,117.014931,78.214500,18.651646,4.443000
2021-03-19,64.300003,333.424011,58.195000,31.372000,6.004000,141.559998,208.533707,126.776108,135.382431,6.159200,609.900024,48.990002,40.845001,30.639999,45.305000,18.672001,36.060001,3.478129,226.000000,117.093300,78.222183,18.627167,4.447500
2021-03-22,64.449997,334.440002,58.310001,31.289000,5.949000,141.139999,208.752670,127.106934,135.401260,6.172000,621.099976,49.689999,40.965000,30.575001,45.505001,19.162001,36.279999,3.510686,226.539993,117.302200,78.322243,18.403551,4.441000
2021-03-23,64.514999,336.042999,58.154999,31.080999,5.895000,140.990005,209.373093,128.243607,135.420090,6.172000,622.500000,49.779999,41.169998,30.350000,45.759998,18.812000,36.330002,3.552061,226.860001,117.189026,78.306847,18.580761,4.427500
2021-03-24,64.485001,336.434998,58.145000,30.600000,5.882000,142.059998,209.610291,128.828903,135.429535,6.147200,618.299988,49.330002,41.255001,30.155001,45.794998,18.806000,36.230000,3.574150,228.360001,117.511139,78.399216,18.670210,4.468000
2021-03-25,64.254997,334.484009,58.195000,30.570000,5.832000,142.410004,209.956970,129.147003,135.429535,6.123200,611.200012,48.730000,41.084999,30.165001,45.865002,18.538000,36.105000,3.597639,228.429993,117.502434,78.468475,18.631390,4.426000
2021-03-26,64.889999,338.040009,58.685001,30.780001,5.949000,142.309998,209.464310,128.171509,135.420090,6.182400,614.599976,49.145000,41.590000,30.555000,46.200001,19.150000,36.514999,3.570440,228.330002,117.424088,78.522346,18.811129,4.479500
2021-03-29,65.139999,340.135010,58.840000,31.006001,5.887000,140.740005,208.989899,127.844910,135.363586,6.213600,617.599976,49.220001,41.924999,30.584999,46.779999,19.129999,36.924999,3.553627,227.770004,117.241272,78.553131,18.765564,4.455500
2021-03-30,65.504997,341.890991,59.255001,31.319000,5.928000,139.020004,208.305634,127.912766,135.316483,6.241600,620.799988,49.544998,42.029999,30.754999,46.634998,19.268000,36.855000,3.562034,227.509995,117.293503,78.610832,18.946148,4.438500
2021-03-31,65.669998,343.295013,59.125000,31.396000,5.961000,140.600006,208.570221,127.586197,135.325897,6.262400,630.200012,50.369999,42.115002,30.584999,46.535000,19.573999,36.970001,3.576127,228.110001,117.537254,78.760918,18.848259,4.440000
2021-04-01,65.940002,344.576996,59.445000,31.753000,6.014000,142.220001,209.026398,127.441994,135.372986,6.296000,637.000000,51.000000,42.340000,30.549999,46.544998,20.139999,36.884998,3.588161,228.960007,117.798409,78.922546,18.887081,4.449500
2021-04-06,66.570000,348.906006,59.865002,31.775999,6.058000,142.649994,208.606689,127.458954,135.335312,6.343200,649.099976,51.830002,42.779999,30.700001,46.755001,20.469999,36.775002,3.588491,228.600006,117.728767,78.922546,19.000998,4.458500
2021-04-07,66.224998,347.018005,59.685001,31.233999,6.005000,141.690002,208.643204,128.561691,135.316483,6.301600,644.900024,51.480000,42.535000,30.590000,46.529999,20.094999,36.435001,3.575304,228.750000,117.746178,78.891754,18.966400,4.399500
2021-04-08,66.610001,348.149994,60.099998,31.483000,5.989000,142.740005,208.935120,128.761017,135.344742,6.324800,650.700012,51.970001,42.685001,30.530001,46.685001,20.355000,36.584999,3.562940,229.100006,117.789696,78.945625,19.022940,4.444000
2021-04-09,66.769997,349.588013,60.154999,31.152000,6.014000,142.039993,208.150528,128.799179,135.259964,6.342400,652.400024,52.189999,42.919998,30.555000,46.705002,20.325001,36.700001,3.573572,228.270004,117.606926,78.899437,19.043190,4.452000
2021-04-12,66.735001,350.411011,59.900002,30.941000,5.999000,140.929993,208.086670,128.383545,135.288223,6.336000,652.700012,52.200001,42.884998,30.570000,46.715000,20.120001,36.805000,3.556181,228.250000,117.606926,78.868660,18.924208,4.411000
2021-04-13,66.900002,350.845001,59.935001,31.066000,6.003000,141.509995,207.977188,128.671951,135.259964,6.349600,658.200012,52.849998,42.830002,30.395000,46.610001,20.020000,36.770000,3.549753,227.860001,117.554657,78.807098,19.068512,4.442000
2021-04-14,66.894997,350.464996,60.070000,31.191000,6.056000,140.320007,207.557510,128.294495,135.222275,6.339200,653.799988,52.650002,42.825001,30.430000,46.555000,20.014999,36.825001,3.549341,227.279999,117.476303,78.876358,19.121672,4.493000
2021-04-15,67.209999,352.432007,60.360001,31.309999,6.054000,143.020004,208.141418,129.227570,135.278809,6.376800,659.099976,53.139999,43.139999,30.500000,46.994999,20.025000,37.455002,3.623519,227.619995,117.720070,78.991798,19.196770,4.537000
2021-04-16,67.440002,353.148987,60.924999,31.438999,6.077000,143.720001,207.776459,128.591385,135.241119,6.394400,659.200012,53.150002,43.259998,30.665001,47.139999,20.105000,37.459999,3.580825,226.940002,117.545959,79.053368,19.304787,4.539000
2021-04-19,67.014999,350.669006,60.895000,31.181000,6.016000,142.750000,207.292923,127.098450,135.231705,6.352800,651.500000,52.430000,43.049999,30.485001,46.950001,19.464001,37.375000,3.562775,227.039993,117.380577,78.884048,19.226305,4.525500
2021-04-20,66.080002,347.157013,59.755001,30.915001,5.901000,142.839996,207.557510,127.704971,135.222275,6.264000,644.200012,51.770000,42.590000,29.820000,46.845001,19.125999,37.320000,3.575880,227.229996,117.406662,78.645470,19.282846,4.527500
2021-04-21,66.625000,349.809998,60.215000,31.030001,5.966000,144.339996,207.776459,127.666779,135.250549,6.309600,650.000000,52.240002,42.970001,30.010000,47.125000,19.488001,37.834999,3.565166,227.479996,117.450195,78.707039,19.346977,4.557000
2021-04-22,67.014999,352.085999,60.584999,31.240999,6.052000,143.580002,207.676132,128.515045,135.250549,6.361600,654.099976,52.790001,43.205002,30.230000,47.195000,19.568001,38.064999,3.577611,227.020004,117.589485,78.860970,19.465956,4.595000
2021-04-23,66.860001,350.579987,60.490002,31.358000,6.033000,142.589996,207.593994,128.570190,135.231705,6.341600,650.900024,52.669998,43.090000,30.059999,47.090000,19.524000,37.869999,3.574314,226.970001,117.563362,78.907150,19.332630,4.593000
2021-04-26,67.059998,351.492004,60.634998,31.381001,6.091000,142.539993,207.466263,128.213882,135.203445,6.359200,653.099976,52.900002,43.130001,30.245001,46.865002,19.860001,37.744999,3.576210,226.639999,117.545959,78.880203,19.444868,4.630500
2021-04-27,66.919998,350.998993,60.584999,31.459999,6.109000,142.600006,207.365936,127.628601,135.194016,6.356800,652.099976,52.910000,43.044998,30.105000,46.705002,19.747999,37.560001,3.558902,226.720001,117.424088,78.860970,19.408575,4.685500
2021-04-28,66.945000,350.821014,60.630001,31.516001,6.084000,142.039993,207.046616,127.263847,135.175186,6.355200,649.200012,52.720001,43.029999,30.100000,46.410000,19.466000,37.389999,3.527417,226.839996,117.424088,78.814789,19.418701,4.673500
2021-04-29,66.800003,350.696991,60.514999,31.337999,6.056000,141.289993,206.435333,126.687057,135.175186,6.340800,647.599976,52.380001,43.055000,30.010000,46.349998,19.454000,37.110001,3.506565,226.710007,117.293503,78.872513,19.397606,4.658500
2021-04-30,66.980003,352.153992,60.325001,31.204000,6.058000,142.190002,206.490082,128.264771,135.165756,6.347200,651.200012,52.570000,43.145000,30.105000,46.590000,19.396000,37.345001,3.547280,226.660004,117.189026,78.860970,19.471869,4.686000
2021-05-03,67.099998,352.548004,60.790001,31.115999,6.071000,143.809998,206.727280,128.264771,135.194016,6.362400,645.900024,52.189999,43.320000,30.215000,46.959999,18.962000,37.634998,3.547362,226.529999,117.223862,78.860970,19.523342,4.738500
2021-05-04,66.309998,348.933014,59.869999,30.698999,5.990000,143.809998,207.156082,128.222397,135.241119,6.291200,631.099976,50.840000,42.895000,30.025000,46.709999,18.483999,37.400002,3.583710,226.910004,117.284798,78.830185,19.500561,4.793500
2021-05-05,67.250000,352.964996,61.055000,31.072001,6.058000,143.820007,206.909729,127.819504,135.184586,6.371200,640.299988,51.750000,43.459999,30.584999,46.994999,19.136000,37.735001,3.582639,226.889999,117.380577,78.964874,19.318283,4.813500
2021-05-06,66.830002,351.039001,60.965000,31.110001,5.993000,145.509995,206.809387,128.408997,135.194016,6.345600,633.000000,50.939999,43.235001,30.625000,47.049999,18.858000,37.355000,3.584617,226.690002,117.476303,78.891754,19.301411,4.831000
2021-05-07,67.305000,353.240997,61.494999,31.351000,6.049000,146.080002,206.417084,127.526810,135.146927,6.385600,640.299988,51.549999,43.485001,30.790001,47.174999,19.128000,37.630001,3.538379,226.649994,117.441498,78.995636,19.370604,4.825000
2021-05-10,67.220001,352.527008,61.615002,30.844000,6.048000,146.429993,206.471817,126.084778,135.146927,6.376800,625.900024,50.480000,43.445000,31.010000,47.424999,18.459999,37.689999,3.518928,227.289993,117.450195,78.968712,19.569748,4.805000
2021-05-11,65.919998,345.554993,60.439999,30.492001,5.910000,145.699997,205.605103,125.465561,135.090393,6.257600,617.299988,49.790001,42.650002,30.254999,46.685001,18.058001,37.205002,3.477966,227.070007,116.988815,78.814789,19.159641,4.835000
2021-05-12,65.699997,344.084015,60.630001,30.087999,5.890000,146.020004,204.993835,125.397705,135.071579,6.229600,610.000000,49.084999,42.435001,30.280001,46.580002,17.808001,37.209999,3.477636,227.350006,116.858238,78.722443,19.119984,4.900500
2021-05-13,65.760002,345.214996,60.580002,29.987000,5.834000,146.330002,204.692764,126.087601,135.024475,6.233600,613.099976,49.080002,42.605000,30.209999,46.700001,17.875999,37.395000,3.478542,226.669998,116.675453,78.753212,19.021664,4.792500
2021-05-14,66.379997,347.832001,61.345001,30.212000,5.920000,146.720001,204.683670,125.938316,135.015045,6.268000,620.299988,49.689999,42.990002,30.525000,46.974998,18.216000,37.520000,3.474668,226.059998,116.866959,78.853271,19.121140,4.767500
2021-05-17,66.135002,346.429993,61.330002,30.129999,5.915000,148.669998,204.327835,125.746353,134.986786,6.250400,616.000000,49.320000,42.799999,30.535000,46.820000,18.020000,37.404999,3.479614,226.210007,116.692848,78.926376,19.098185,4.815500
2021-05-18,66.110001,345.593994,61.365002,30.534000,5.941000,148.190002,204.382553,125.042503,135.005630,6.260000,617.299988,49.615002,42.750000,30.510000,46.740002,18.091999,37.389999,3.447552,226.740005,116.649330,78.860970,19.173008,4.803000
2021-05-19,64.995003,338.941010,60.485001,30.278000,5.807000,149.259995,204.355179,125.503204,135.005630,6.163200,605.799988,48.654999,42.070000,29.995001,46.220001,17.916000,36.959999,3.460905,225.820007,116.597084,78.745529,18.928133,4.674500
2021-05-20,66.160004,345.377991,61.330002,30.546000,5.893000,148.880005,204.701859,125.294197,135.015045,6.262400,622.500000,50.000000,42.889999,30.389999,46.889999,18.566000,37.669998,3.465437,225.759995,116.623215,78.845566,19.201065,4.686000
2021-05-21,66.485001,347.295013,61.665001,30.389999,5.925000,149.059998,205.066818,125.409363,135.052734,6.288000,623.299988,50.169998,43.070000,30.580000,47.014999,18.618000,37.970001,3.479614,226.229996,116.771194,78.884048,19.266533,4.690000
2021-05-24,66.800003,348.989990,61.930000,30.479000,5.925000,149.289993,205.331406,125.750618,135.052734,6.288000,630.799988,50.169998,43.070000,30.580000,47.014999,18.618000,37.970001,3.479614,226.539993,116.866959,78.907150,19.386417,4.690000
2021-05-25,66.519997,347.144012,61.759998,30.664000,5.912000,149.690002,205.906174,126.194260,135.080978,6.298400,627.900024,50.660000,43.110001,30.420000,46.735001,19.018000,37.595001,3.502773,227.259995,116.919189,78.814789,19.372810,4.677500
2021-05-26,66.724998,348.582001,61.779999,30.966999,5.943000,150.889999,206.599548,126.416077,135.128082,6.310400,632.599976,51.000000,43.240002,30.465000,46.855000,19.007999,37.544998,3.529231,227.600006,117.119392,78.984093,19.529263,4.711000
2021-05-27,66.989998,349.825012,61.915001,31.093000,5.999000,150.259995,206.170761,125.456284,135.099823,6.337600,633.799988,51.150002,43.384998,30.684999,46.855000,19.282000,37.500000,3.503186,226.979996,117.058487,79.176514,19.574320,4.761000
2021-05-28,67.230003,350.451996,62.270000,31.309999,6.017000,150.389999,206.417084,125.643967,135.128082,6.364000,635.400024,51.209999,43.439999,30.764999,47.040001,19.490000,37.790001,3.515384,228.009995,117.041031,79.214981,19.604933,4.787500
2021-05-31,66.745003,348.157013,61.910000,31.438000,5.992000,150.889999,206.407959,125.643967,135.137512,6.330400,630.799988,50.959999,43.150002,30.549999,46.724998,19.426001,37.505001,3.501373,228.399994,117.110703,79.214981,19.526711,4.781500
2021-06-01,66.949997,348.528015,62.424999,31.736000,6.030000,150.160004,206.380600,125.469063,135.137512,6.356800,629.200012,51.369999,43.224998,30.715000,46.650002,19.379999,37.105000,3.474421,228.470001,117.119392,79.261162,19.688255,4.818500
2021-06-02,67.250000,350.144012,62.625000,31.903000,6.054000,150.919998,206.699921,125.673820,135.175186,6.382400,632.700012,51.529999,43.439999,31.020000,46.799999,19.596001,37.099998,3.506483,228.070007,117.267387,79.341965,19.984999,4.841000
2021-06-03,67.339996,351.157990,62.564999,31.867001,6.054000,149.389999,206.480972,126.062012,135.137512,6.396800,630.200012,51.619999,43.514999,31.165001,47.099998,19.466000,37.305000,3.521401,228.470001,117.249977,79.326569,20.066614,4.815500
2021-06-04,67.574997,351.917999,62.764999,31.933001,6.061000,150.550003,206.845886,126.053482,135.175186,6.410400,637.799988,51.590000,43.689999,31.235001,47.279999,19.738001,37.564999,3.538626,229.100006,117.458893,79.384293,20.001995,4.863500
2021-06-07,67.470001,350.875000,62.915001,31.695000,6.099000,150.289993,206.499191,125.972443,135.156357,6.406400,635.200012,51.630001,43.875000,31.240000,47.255001,19.525999,37.705002,3.537308,228.860001,117.319626,79.468948,20.263868,4.852500
2021-06-08,67.525002,351.154999,62.955002,31.636000,6.107000,150.410004,207.055740,126.650696,135.194016,6.405600,638.000000,51.590000,43.685001,31.129999,47.259998,19.426001,37.439999,3.564836,228.979996,117.397957,79.507423,20.375250,4.881000
2021-06-09,67.654999,352.283997,63.020000,31.627001,6.130000,150.270004,207.566605,127.137009,135.222275,6.416000,640.900024,51.540001,43.790001,31.125000,47.474998,19.450001,37.980000,3.586595,229.479996,117.485016,79.607483,20.478130,4.863500
2021-06-10,67.830002,353.296997,63.060001,31.857000,6.108000,150.509995,207.621384,127.043144,135.203445,6.436800,645.200012,51.509998,43.860001,31.174999,47.720001,19.594000,38.525002,3.594836,229.500000,117.659119,79.638268,20.535954,4.904000
2021-06-11,68.269997,355.460999,63.485001,31.905001,6.157000,150.210007,208.177887,127.452675,135.250549,6.475200,651.299988,51.849998,44.185001,31.315001,47.860001,19.792000,38.665001,3.625992,230.440002,117.667816,79.753700,20.558056,4.923500
2021-06-14,68.199997,354.648987,63.555000,32.007000,6.150000,148.869995,207.758224,127.311905,135.212860,6.470400,653.000000,51.759998,44.154999,31.120001,47.775002,19.888000,38.564999,3.603244,229.979996,117.720070,79.707527,20.564856,4.889000
2021-06-15,68.290001,355.000000,63.730000,31.756001,6.105000,148.550003,207.448044,127.320427,135.194016,6.468000,653.700012,51.580002,44.195000,31.155001,47.845001,19.964001,38.625000,3.588326,229.679993,117.563362,79.699837,20.446676,4.836500
2021-06-16,68.459999,355.675995,63.860001,31.791000,6.133000,148.479996,207.666992,127.363075,135.231705,6.479200,654.099976,51.630001,44.334999,31.200001,47.904999,19.972000,38.865002,3.608353,229.619995,117.519836,79.692131,20.476429,4.862000
2021-06-17,69.114998,359.950012,63.794998,32.123001,6.141000,143.869995,207.210815,128.327133,135.156357,6.535200,671.799988,52.020000,44.709999,31.295000,48.264999,20.459999,39.330002,3.711004,228.240005,117.563362,79.545921,20.458578,4.781500
2021-06-18,68.504997,357.725006,62.764999,31.985001,6.077000,144.990005,207.000992,130.229675,135.109238,6.477600,668.200012,51.410000,44.369999,30.705000,47.970001,20.000000,39.200001,3.777448,227.440002,117.458893,79.538208,20.427116,4.810500
2021-06-21,68.820000,359.346008,63.235001,31.861000,6.107000,144.960007,206.690781,129.052307,135.062134,6.503200,668.400024,51.740002,44.650002,30.840000,48.180000,19.820000,39.435001,3.738447,227.100006,117.319626,79.499741,20.489185,4.811500
2021-06-22,69.199997,361.579010,63.365002,31.775000,6.125000,144.460007,206.517456,128.984070,135.062134,6.528800,674.000000,52.099998,44.830002,30.975000,48.375000,20.094999,39.439999,3.711254,227.539993,117.232574,79.492035,20.577608,4.841500
2021-06-23,68.945000,360.765015,62.865002,32.014999,6.128000,144.789993,206.736404,128.506287,135.071579,6.514400,674.099976,52.160000,44.630001,30.775000,47.965000,20.110001,39.169998,3.695786,227.639999,117.371857,79.522820,20.512995,4.846000
2021-06-24,69.410004,362.957001,63.520000,32.276001,6.173000,144.360001,206.918884,128.984070,135.080978,6.552800,681.299988,52.790001,44.915001,30.975000,48.165001,20.415001,39.415001,3.718821,227.919998,117.485016,79.530518,20.423714,4.836000
2021-06-25,69.550003,363.618011,63.625000,32.471001,6.219000,144.289993,206.243729,128.668381,135.015045,6.574400,678.799988,52.980000,45.099998,31.125000,48.279999,20.480000,39.470001,3.679903,227.240005,117.310921,79.515129,20.495991,4.848500
2021-06-28,69.540001,364.045990,63.180000,32.518002,6.188000,144.369995,206.809387,129.286911,135.062134,6.567200,684.900024,52.799999,45.165001,31.010000,48.430000,20.754999,39.590000,3.716243,227.850006,117.380577,79.499741,20.405018,4.894000
2021-06-29,69.839996,366.239990,63.459999,32.457001,6.204000,143.220001,206.690781,129.713486,135.090393,6.580800,688.099976,53.130001,45.435001,31.065001,48.619999,20.950001,39.790001,3.722398,228.240005,117.502434,79.530518,20.490891,4.928500
2021-06-30,69.910004,367.696991,62.915001,32.573002,6.195000,144.160004,207.384155,130.383240,135.109238,6.592800,692.799988,53.130001,45.450001,30.955000,48.660000,21.010000,39.814999,3.776617,228.839996,117.572083,79.461266,20.412664,4.910500
2021-07-01,70.099998,369.019989,63.395000,32.339001,6.219000,144.610001,207.466263,130.327789,135.118668,6.606400,690.400024,53.240002,45.575001,31.070000,48.770000,20.834999,39.965000,3.749924,229.000000,117.554657,79.538208,20.454330,5.015000
2021-07-02,70.504997,371.641998,63.529999,32.333000,6.227000,145.740005,207.958939,130.630661,135.118668,6.635200,697.700012,53.419998,45.904999,31.084999,49.040001,20.950001,40.200001,3.776202,229.539993,117.754883,79.569000,20.525749,5.026000
2021-07-05,70.690002,372.597992,63.715000,32.203999,6.242000,146.160004,207.566605,130.144348,135.080978,6.644800,699.299988,53.599998,46.055000,31.209999,49.090000,20.969999,40.215000,3.770714,229.570007,117.711342,79.584396,20.601418,5.046000
2021-07-06,70.470001,371.503998,63.355000,32.036999,6.174000,147.630005,208.506348,131.466721,135.137512,6.623200,703.500000,53.160000,45.884998,30.840000,49.055000,21.025000,40.230000,3.836243,230.619995,117.885445,79.522820,20.601418,4.925500
2021-07-07,70.949997,374.316986,63.840000,31.995001,6.191000,147.809998,208.643204,132.012756,135.128082,6.660000,706.000000,53.369999,46.349998,30.945000,49.605000,20.754999,40.494999,3.872168,230.410004,118.085678,79.661354,20.814829,4.891500
2021-07-08,69.980003,369.960999,62.834999,31.281000,6.095000,146.910004,208.743561,132.443619,135.090393,6.552800,697.799988,52.430000,45.715000,30.459999,49.099998,20.424999,40.160000,3.881898,229.789993,118.120491,79.415077,20.691547,4.907500
2021-07-09,70.745003,373.548004,63.584999,31.656000,6.175000,147.619995,208.561081,131.262009,135.118668,6.629600,704.400024,53.360001,46.130001,30.965000,49.330002,20.709999,40.485001,3.830255,230.149994,118.024750,79.576698,20.810575,4.947500
2021-07-12,71.035004,374.751007,63.985001,31.719000,6.198000,147.259995,208.770935,130.617859,135.128082,6.653600,706.200012,53.779999,46.349998,31.059999,49.490002,20.889999,40.634998,3.821274,230.130005,118.155304,79.615166,21.136221,4.958500
2021-07-13,71.410004,377.407013,64.070000,32.090000,6.185000,148.559998,208.971634,131.065781,135.099823,6.691200,716.400024,53.910000,46.630001,31.070000,49.785000,21.115000,40.740002,3.848218,230.270004,118.111771,79.576698,21.095409,5.013000
2021-07-14,71.129997,375.566010,63.974998,32.035000,6.134000,149.250000,209.117615,130.899399,135.146927,6.671200,712.500000,53.669998,46.500000,31.020000,49.650002,21.055000,40.584999,3.832584,230.559998,118.224953,79.607483,21.037598,5.018000
2021-07-15,70.889999,375.429993,63.325001,32.236000,6.080000,149.520004,209.227081,131.210800,135.128082,6.653600,708.599976,53.570000,46.389999,30.870001,49.619999,20.670000,40.410000,3.863519,230.899994,118.312210,79.599785,21.026539,5.015000
2021-07-16,70.650002,373.997986,63.160000,32.004002,6.058000,149.520004,209.637665,132.029816,135.156357,6.625600,704.000000,53.090000,46.290001,30.730000,49.805000,20.320000,40.549999,3.873083,231.399994,118.347191,79.561310,21.174482,5.024000
2021-07-19,69.275002,367.029999,61.750000,31.423000,5.915000,149.520004,209.847473,134.311996,135.184586,6.496800,696.799988,51.849998,45.605000,29.950001,49.290001,20.075001,40.275002,3.962148,231.039993,118.373383,79.361206,20.767218,4.895500
2021-07-20,70.160004,372.395996,62.040001,31.534000,6.010000,149.520004,210.230652,135.024414,135.203445,6.572000,703.900024,52.860001,46.044998,30.379999,49.759998,20.250000,40.855000,3.953415,231.440002,118.495689,79.422775,20.984882,4.973500
2021-07-21,70.699997,374.372009,63.035000,31.594000,6.099000,149.520004,210.020828,133.458847,135.165756,6.624800,707.000000,53.500000,46.384998,30.684999,49.750000,20.705000,40.660000,3.880318,231.699997,118.469482,79.545921,21.199141,5.019000
2021-07-22,71.040001,375.890991,63.325001,31.809000,6.091000,149.520004,210.604721,133.194366,135.212860,6.654400,713.900024,53.700001,46.610001,30.730000,49.855000,20.770000,40.994999,3.926804,232.119995,118.617989,79.599785,21.092861,5.050000
2021-07-23,71.815002,380.351990,64.019997,31.409000,6.135000,149.520004,210.787201,132.695297,135.231705,6.710400,723.099976,54.310001,47.224998,30.955000,50.259998,20.950001,41.505001,3.897449,232.630005,118.687881,79.661354,21.169378,5.096000
2021-07-26,71.705002,380.042999,63.945000,30.841999,6.138000,149.520004,210.714203,132.208984,135.222275,6.689600,722.500000,54.410000,47.095001,30.965000,50.099998,20.844999,41.084999,3.891876,233.029999,118.687881,79.638268,21.104763,5.113000
2021-07-27,71.010002,376.316010,63.605000,29.927000,6.065000,149.520004,210.987900,132.110886,135.231705,6.607200,708.099976,53.549999,46.595001,30.750000,49.965000,20.254999,40.994999,3.910506,233.699997,118.731560,79.569000,21.141325,5.087000
2021-07-28,71.519997,378.871002,64.029999,30.771000,6.129000,149.520004,211.015274,131.901855,135.250549,6.664000,718.700012,54.060001,46.919998,30.920000,50.099998,20.799999,41.439999,3.900110,233.860001,118.845131,79.684441,21.209343,5.105000
2021-07-29,71.555000,378.204987,64.349998,30.980000,6.180000,149.520004,211.115616,131.074295,135.269379,6.679200,715.299988,54.400002,46.884998,31.070000,49.970001,21.025000,41.224998,3.882397,234.779999,118.871330,79.769104,21.171089,5.134000
2021-07-30,71.305000,376.528992,64.044998,30.794001,6.154000,149.520004,211.124756,132.068207,135.241119,6.642400,710.400024,54.070000,46.830002,30.870001,50.099998,21.059999,41.345001,3.906929,234.979996,118.888794,79.776802,21.216990,5.093000
2021-08-02,71.489998,377.431000,64.394997,31.027000,6.176000,149.520004,211.626572,132.627029,135.288223,6.679200,714.700012,54.470001,46.980000,31.094999,50.169998,21.545000,41.445000,3.930629,235.669998,118.949982,79.876846,21.198292,5.062000
2021-08-03,71.360001,376.506012,64.565002,30.943001,6.152000,149.520004,211.690414,132.652618,135.269379,6.656800,710.099976,54.389999,46.950001,31.190001,50.200001,21.379999,41.610001,3.941523,235.419998,118.984901,79.907631,21.103060,5.034000
2021-08-04,71.695000,378.230988,64.934998,31.271999,6.165000,149.520004,211.863770,132.294296,135.307083,6.688000,717.599976,54.900002,47.195000,31.209999,50.240002,21.825001,41.880001,3.936783,235.610001,119.011101,79.923012,21.165131,5.031000
2021-08-05,71.980003,379.329987,65.150002,31.325001,6.204000,149.520004,212.055328,131.709869,135.316483,6.708800,722.500000,55.259998,47.380001,31.145000,50.270000,21.844999,41.634998,3.927636,235.720001,119.046082,79.953796,21.276518,5.065000
2021-08-06,72.425003,382.932007,65.195000,31.142000,6.239000,149.520004,211.453201,131.633102,135.269379,6.749600,723.900024,55.650002,47.630001,31.434999,50.540001,21.870001,41.755001,3.900858,235.190002,118.906288,79.953796,21.440607,5.043000
2021-08-09,72.504997,383.291992,65.290001,31.375000,6.230000,149.520004,211.507935,131.624573,135.259964,6.759200,726.299988,55.889999,47.724998,31.469999,50.630001,21.850000,42.080002,3.894372,235.039993,118.853874,79.946091,21.316467,4.961000
2021-08-10,72.739998,384.750000,65.529999,31.403999,6.266000,149.520004,211.526215,131.334503,135.297638,6.784800,724.799988,56.310001,47.855000,31.535000,50.779999,21.580000,42.080002,3.876659,235.699997,118.845131,79.930702,21.329227,5.047000
2021-08-11,72.824997,384.476990,65.820000,31.347000,6.250000,149.520004,211.361969,131.099884,135.250549,6.789600,721.400024,56.080002,47.869999,31.725000,50.930000,21.395000,41.884998,3.852127,235.720001,118.810196,79.884544,21.310518,5.043000
2021-08-12,72.930000,385.358002,65.959999,31.214001,6.267000,149.520004,211.571808,131.552078,135.259964,6.793600,724.599976,56.259998,47.919998,31.690001,50.919998,21.370001,41.994999,3.863686,236.210007,118.897560,79.976883,21.298637,5.052000
2021-08-13,72.875000,384.705994,66.074997,30.910000,6.255000,149.520004,211.580933,131.739746,135.241119,6.783200,723.000000,56.029999,47.875000,31.680000,50.980000,21.315001,42.080002,3.886305,236.350006,118.845131,80.038452,21.293507,5.071000
2021-08-16,72.625000,384.084015,65.709999,30.659000,6.218000,149.520004,211.507935,132.524658,135.231705,6.756000,717.700012,55.529999,47.924999,31.540001,51.130001,21.180000,42.360001,3.930879,236.000000,118.818939,79.961487,21.416653,5.062000
2021-08-17,72.870003,386.242004,65.790001,30.444000,6.160000,149.520004,211.444077,133.245575,135.241119,6.760800,722.900024,55.459999,48.075001,31.490000,51.540001,21.030001,42.980000,3.936201,236.020004,118.836388,79.876846,21.345671,5.059000
2021-08-18,72.860001,385.962006,65.834999,30.584999,6.213000,149.520004,211.726913,133.066406,135.259964,6.765600,722.799988,55.480000,47.974998,31.570000,51.439999,20.969999,43.160000,3.937449,236.320007,118.871330,79.899933,21.378176,5.021000
2021-08-19,72.089996,382.729004,64.864998,29.944000,6.080000,149.520004,211.754303,134.363190,135.241119,6.681600,720.799988,54.320000,47.674999,30.915001,51.279999,20.930000,43.000000,3.986263,235.919998,118.880066,79.799889,21.213121,4.906000
2021-08-20,72.519997,386.075989,65.070000,29.896000,6.121000,149.520004,211.918503,134.678879,135.269379,6.720000,728.200012,54.610001,48.119999,30.940001,51.669998,21.030001,43.290001,3.990256,235.940002,118.897560,79.884544,21.345671,4.928500
2021-08-23,73.080002,388.597992,65.510002,30.122000,6.189000,149.520004,211.562668,133.586823,135.231705,6.765600,735.400024,55.400002,48.404999,31.155001,51.689999,21.455000,43.270000,3.966721,235.899994,118.827660,79.930702,21.237064,4.968000
2021-08-24,73.110001,388.352997,65.470001,30.865999,6.236000,149.520004,211.571808,133.420471,135.241119,6.794400,737.099976,55.669998,48.320000,31.230000,51.439999,21.545000,43.009998,3.949756,236.220001,118.775246,79.930702,21.163515,5.034000
2021-08-25,73.220001,388.971008,65.449997,30.888000,6.287000,149.520004,210.431381,132.857376,135.156357,6.808800,737.799988,56.040001,48.325001,31.334999,51.250000,21.780001,42.794998,3.905682,235.160004,118.513184,79.899933,21.202858,5.051000
2021-08-26,72.945000,387.494995,65.260002,30.645000,6.250000,149.520004,210.358398,132.682480,135.156357,6.783200,735.000000,55.790001,48.070000,31.170000,51.090000,21.690001,42.645000,3.903020,234.820007,118.408318,79.853760,21.172066,5.059000
2021-08-27,73.150002,388.429993,65.535004,30.862000,6.319000,149.520004,210.531738,132.729401,135.165756,6.808000,737.099976,56.099998,48.250000,31.245001,51.150002,22.059999,42.669998,3.910256,235.179993,118.513184,79.915314,21.391857,5.107000
2021-08-30,73.495003,391.058014,65.510002,30.964001,6.332000,149.520004,210.905807,132.729401,135.222275,6.834400,745.299988,56.349998,48.480000,31.295000,51.290001,22.129999,42.770000,3.926223,235.690002,118.583038,79.915314,21.409813,5.105000
2021-08-31,73.379997,390.382996,65.285004,31.382999,6.321000,149.520004,209.820129,132.831818,135.137512,6.834400,744.700012,56.130001,48.310001,31.280001,51.160000,21.985001,42.630001,3.913832,234.500000,118.355911,79.946091,21.494478,5.098000
2021-09-01,73.345001,388.940002,65.629997,31.677000,6.325000,149.520004,209.792740,132.588638,135.137512,6.835200,747.299988,56.020000,48.185001,31.180000,51.090000,21.959999,42.384998,3.898030,234.279999,118.294762,80.023064,21.593683,5.074000
2021-09-02,73.480003,389.556000,65.845001,31.593000,6.385000,149.520004,210.121170,132.302811,135.165756,6.855200,744.900024,56.360001,48.255001,31.320000,51.230000,21.980000,42.785000,3.899777,235.000000,118.364662,80.061539,21.602234,5.126000
2021-09-03,73.385002,388.414001,65.445000,31.573000,6.356000,149.520004,209.674133,131.705612,135.146927,6.840000,743.700012,56.070000,48.205002,31.365000,51.340000,22.084999,42.794998,3.871004,235.240005,118.312210,80.030754,21.543226,5.126000
2021-09-06,73.839996,389.920013,65.894997,31.850000,6.400000,149.520004,209.911362,132.016998,135.156357,6.888000,747.099976,56.520000,48.455002,31.665001,51.590000,22.325001,43.139999,3.873582,236.399994,118.251091,80.130806,21.694595,5.125000
2021-09-07,73.480003,388.287994,65.605003,31.851000,6.366000,149.520004,208.880402,131.897583,135.062134,6.855200,746.299988,56.450001,48.119999,31.440001,51.160000,22.045000,42.645000,3.849466,235.059998,118.023949,80.076935,21.397840,5.085000
2021-09-08,73.199997,387.597992,64.940002,31.423000,6.297000,149.520004,208.953415,132.481995,135.090393,6.824000,743.700012,55.970001,47.955002,31.325001,51.320000,21.770000,42.715000,3.873166,235.600006,118.032669,80.084633,21.447443,5.133000
2021-09-09,73.334999,388.453003,64.870003,31.372999,6.334000,149.520004,209.975189,131.974380,135.137512,6.828800,745.700012,56.279999,47.980000,31.379999,51.240002,21.934999,42.455002,3.897615,236.919998,118.277283,80.238548,21.434610,5.130000
2021-09-10,72.959999,385.558990,64.720001,31.434000,6.302000,149.520004,209.382202,131.739746,135.128082,6.798400,742.099976,56.200001,47.814999,31.285000,50.840000,22.150000,42.020000,3.893124,236.740005,118.163712,80.146202,21.126743,5.143000
2021-09-13,72.885002,384.477997,64.894997,31.479000,6.308000,149.520004,209.473434,131.897583,135.118668,6.796800,735.400024,55.959999,47.715000,31.504999,50.810001,22.084999,41.575001,3.919236,237.240005,118.189919,80.176979,21.243052,5.181000
2021-09-14,72.790001,383.945007,64.940002,31.285999,6.283000,149.520004,209.801880,132.243103,135.146927,6.780000,737.700012,55.919998,47.645000,31.389999,50.750000,22.340000,41.820000,3.962230,236.520004,118.242355,80.253944,21.119047,5.192000
2021-09-15,72.599998,383.556000,64.430000,31.030001,6.280000,149.520004,209.227081,132.055405,135.090393,6.761600,733.599976,55.860001,47.535000,31.434999,50.680000,22.174999,41.820000,3.948759,235.919998,118.137497,80.261635,21.063459,5.294000
2021-09-16,72.959999,385.359009,64.714996,31.013000,6.306000,149.520004,209.181473,132.452118,135.099823,6.788000,738.799988,56.200001,47.750000,31.504999,50.730000,22.250000,41.860001,3.959652,236.100006,118.146255,80.365761,21.157532,5.242000
2021-09-17,72.699997,385.000000,64.144997,30.996000,6.290000,149.520004,208.834778,132.204758,135.071579,6.770400,737.500000,55.919998,47.490002,31.334999,50.610001,22.090000,41.955002,3.940109,235.839996,117.980247,80.295464,21.081419,5.225000
2021-09-20,71.430000,378.039001,63.035000,30.320999,6.170000,149.520004,209.199722,133.475922,135.099823,6.636800,722.700012,54.459999,46.680000,30.725000,50.180000,21.590000,41.900002,3.981357,235.880005,118.093811,80.076744,20.720530,5.170000
2021-09-21,71.970001,380.144012,63.685001,30.464001,6.225000,149.520004,209.537292,133.992065,135.146927,6.678400,728.000000,54.939999,46.970001,30.945000,50.549999,21.785000,42.160000,3.991752,236.100006,118.120033,80.217339,20.986490,5.113000
2021-09-22,72.320000,381.786987,64.370003,30.979000,6.291000,149.520004,209.637665,133.761719,135.128082,6.721600,729.700012,55.520000,47.150002,31.165001,50.419998,21.975000,42.014999,3.994330,236.460007,118.128769,80.264214,21.005304,5.172000
2021-09-23,72.930000,385.988007,64.964996,31.025999,6.356000,149.520004,208.542862,132.055405,135.080978,6.777600,736.200012,56.389999,47.590000,31.405001,50.619999,22.299999,42.314999,3.929797,235.880005,117.831734,80.217339,21.107079,5.231000
2021-09-24,72.860001,386.114014,64.370003,30.853001,6.343000,149.520004,207.858582,132.166321,135.033890,6.763200,734.400024,56.310001,47.325001,31.420000,50.419998,22.235001,42.060001,3.901773,235.009995,117.700714,80.068939,20.873604,5.282000
2021-09-27,72.934998,386.903015,64.300003,31.020000,6.394000,149.520004,207.767349,131.500885,135.015045,6.788000,732.700012,56.599998,47.215000,31.785000,50.189999,22.209999,41.599998,3.888884,235.759995,117.726898,79.959595,20.974518,5.396000
2021-09-28,71.559998,380.160004,63.029999,30.646999,6.282000,149.520004,207.146973,132.699554,135.005630,6.674400,715.799988,55.349998,46.200001,31.455000,49.330002,21.525000,40.785000,3.849299,235.919998,117.525993,79.756508,20.587975,5.425000
2021-09-29,72.135002,383.436005,63.455002,30.716999,6.277000,149.520004,207.402405,133.727615,134.996216,6.717600,720.099976,55.450001,46.474998,31.665001,49.904999,21.225000,41.330002,3.870671,235.729996,117.657028,79.865868,20.836834,5.392000
2021-09-30,72.000000,382.233002,63.395000,31.045000,6.293000,149.520004,207.073975,133.040802,134.996216,6.696000,721.400024,55.310001,46.430000,31.500000,49.889999,21.405001,41.490002,3.853706,235.320007,117.552185,79.787758,20.713690,5.444000
2021-10-01,71.525002,379.815002,63.130001,30.760000,6.261000,149.520004,207.575760,133.049332,135.043304,6.665600,715.500000,54.950001,46.130001,31.219999,49.470001,21.094999,40.825001,3.869008,236.300003,117.665771,79.779938,20.715395,5.444000
2021-10-04,70.720001,375.390991,62.880001,30.223000,6.213000,149.520004,207.502762,132.622772,135.043304,6.590400,701.200012,54.310001,45.555000,31.045000,49.009998,20.639999,40.384998,3.880318,236.570007,117.665771,79.709648,20.735922,5.535000
2021-10-05,71.930000,382.598999,63.645000,30.656000,6.286000,149.520004,207.019226,131.748260,135.024475,6.702400,715.200012,55.470001,46.355000,31.514999,49.615002,21.080000,40.955002,3.848051,237.720001,117.552185,79.654968,20.795784,5.605000
2021-10-06,71.449997,380.303986,62.924999,30.427999,6.193000,149.520004,206.836761,132.755020,134.996216,6.647200,715.400024,54.889999,46.044998,31.135000,49.340000,20.950001,40.520000,3.894372,236.490005,117.368744,79.217575,20.594814,5.545000
2021-10-07,73.014999,389.533997,63.985001,31.167000,6.342000,149.520004,207.101349,131.560593,135.033890,6.792000,731.700012,56.279999,47.119999,31.730000,50.200001,21.610001,41.349998,3.842397,236.460007,117.421150,79.420647,21.122469,5.532000
2021-10-08,72.695000,387.335999,63.805000,31.136000,6.323000,149.520004,206.499191,130.950592,134.986786,6.766400,724.599976,55.910000,46.889999,31.639999,49.939999,21.225000,41.070000,3.803893,236.169998,117.246452,79.272240,21.000170,5.588000
2021-10-11,72.849998,388.112000,63.889999,31.320999,6.326000,149.520004,206.097778,130.954849,134.958527,6.788000,725.900024,56.150002,46.970001,31.865000,50.070000,21.340000,41.189999,3.803561,236.020004,117.036766,79.131645,20.935183,5.576000
2021-10-12,72.375000,384.704987,63.849998,31.134001,6.307000,149.520004,205.805801,131.372894,134.930267,6.751200,718.000000,55.680000,46.730000,31.625000,49.919998,20.920000,40.840000,3.843893,236.070007,116.818367,78.991051,21.132729,5.577000
2021-10-13,72.180000,382.015991,64.254997,31.299999,6.313000,149.520004,206.179886,131.496613,134.930267,6.733600,716.900024,55.580002,46.654999,31.385000,49.764999,20.985001,40.660000,3.889299,236.479996,116.914459,79.131645,21.242195,5.557000
2021-10-14,73.364998,388.989014,65.014999,31.372999,6.399000,149.520004,207.156082,131.411285,134.986786,6.838400,731.099976,56.570000,47.514999,31.709999,50.470001,21.500000,41.270000,3.904684,237.619995,117.360001,79.498749,21.481651,5.642000
2021-10-15,73.930000,392.170013,65.529999,31.809999,6.459000,149.520004,206.772888,130.208344,134.939682,6.900000,735.799988,57.270000,47.865002,32.009998,50.610001,21.750000,41.470001,3.881066,237.929993,117.263885,79.553429,21.642424,5.674000
2021-10-18,73.945000,393.194000,65.195000,31.721001,6.419000,149.520004,206.289352,130.285126,134.845505,6.894400,740.200012,57.369999,47.939999,31.885000,50.520000,21.840000,41.174999,3.895287,238.419998,117.071709,79.326920,21.549210,5.623000
2021-10-19,74.315002,395.027008,65.425003,31.971001,6.435000,149.520004,205.659836,129.235718,134.826645,6.932800,746.299988,57.730000,48.285000,31.870001,50.560001,22.014999,41.514999,3.850464,237.509995,116.879517,79.358162,21.553488,5.602000
2021-10-20,74.570000,396.622009,65.610001,31.976000,6.456000,149.520004,205.970032,128.911575,134.883163,6.952800,747.299988,57.730000,48.384998,32.029999,50.889999,22.035000,41.865002,3.824850,237.559998,117.028015,79.483131,21.594534,5.632000
2021-10-21,74.434998,396.308014,65.565002,31.657000,6.434000,149.520004,205.468262,128.740906,134.836060,6.933600,747.200012,57.540001,48.404999,31.785000,50.840000,22.045000,41.849998,3.810297,238.399994,116.765953,79.405029,21.653547,5.527000
2021-10-22,74.620003,397.136993,65.855003,31.615999,6.456000,149.520004,205.358780,129.124832,134.788971,6.944800,744.599976,57.799999,48.580002,31.705000,51.090000,22.070000,42.130001,3.838404,239.389999,116.800888,79.397217,21.721960,5.566000
2021-10-25,75.019997,400.026001,65.925003,31.921000,6.526000,149.520004,205.833206,129.440491,134.836060,6.991200,750.000000,58.470001,48.930000,31.885000,51.360001,22.180000,42.400002,3.852959,240.289993,116.984337,79.326920,21.764719,5.710000
2021-10-26,75.589996,403.231995,66.464996,31.899000,6.530000,149.520004,205.760208,129.261322,134.845505,7.038400,760.900024,59.049999,49.185001,31.910000,51.419998,22.355000,42.525002,3.870173,240.960007,117.054245,79.529999,21.801493,5.686000
2021-10-27,75.250000,402.006012,66.184998,31.634001,6.463000,149.520004,206.471817,130.396027,134.826645,6.996800,762.599976,58.570000,48.985001,31.655001,51.099998,22.230000,42.349998,3.933955,241.289993,117.159065,79.561249,21.868198,5.675000
2021-10-28,75.010002,400.131012,66.375000,31.260000,6.447000,149.520004,205.714569,129.943848,134.666519,6.968000,760.799988,58.490002,48.904999,31.514999,50.860001,22.200001,42.380001,3.917491,239.210007,117.054245,79.490944,21.799784,5.590000
2021-10-29,75.745003,405.216003,66.379997,31.271000,6.499000,149.520004,204.200104,130.720245,134.544052,7.026400,769.599976,59.160000,49.500000,31.715000,51.310001,22.500000,42.790001,3.967220,235.520004,116.678604,79.373779,21.937471,5.604000
2021-11-01,75.875000,405.220001,66.875000,31.400999,6.588000,149.520004,204.026764,130.822617,134.544052,7.035200,772.799988,59.450001,49.465000,31.945000,51.279999,22.665001,43.000000,3.921814,235.539993,116.748466,79.303474,21.698870,5.605000
2021-11-02,76.150002,407.213013,67.035004,31.170000,6.591000,149.520004,205.614227,131.825043,134.779541,7.060800,777.599976,59.619999,49.715000,31.955000,51.549999,23.035000,43.474998,3.949090,236.320007,117.089188,79.444084,21.823725,5.626000
2021-11-03,76.129997,407.019012,67.264999,31.170000,6.640000,149.520004,205.824081,131.057220,134.788971,7.056000,779.500000,59.529999,49.654999,32.029999,51.549999,23.094999,43.275002,3.959735,235.770004,117.106667,79.436264,21.969965,5.586000
2021-11-04,76.915001,412.131012,67.519997,31.309999,6.677000,149.520004,207.210815,133.079193,134.930267,7.129600,797.099976,60.000000,50.360001,32.119999,51.950001,24.030001,43.415001,3.957823,237.570007,117.525993,79.772125,22.105087,5.571000
2021-11-05,77.334999,415.135986,67.570000,31.348000,6.735000,149.520004,208.104919,134.004883,135.062134,7.160000,802.500000,60.259998,50.509998,32.310001,51.730000,24.575001,43.005001,4.004143,239.679993,117.718170,79.967400,22.176922,5.586000
2021-11-08,77.135002,413.627991,67.525002,31.493999,6.745000,149.520004,207.694351,133.032272,135.043304,7.156000,797.599976,60.299999,50.330002,32.285000,51.490002,24.865000,42.990002,3.998655,240.380005,117.691963,79.983017,22.074303,5.581000
2021-11-09,76.875000,411.958008,67.459999,31.462999,6.698000,149.520004,208.433350,133.821442,135.033890,7.129600,792.900024,59.540001,50.250000,32.134998,51.590000,24.934999,43.139999,4.072084,241.059998,117.892899,79.865868,21.993055,5.500000
2021-11-10,77.144997,413.752014,67.605003,31.711000,6.718000,149.520004,207.311172,133.492981,134.967957,7.162400,791.500000,59.669998,50.410000,32.355000,52.080002,24.575001,43.415001,4.032916,240.039993,117.578400,79.842430,22.149551,5.573000
2021-11-11,77.235001,414.088013,67.864998,32.206001,6.724000,149.520004,207.064850,133.964905,134.967957,7.176000,792.200012,59.869999,50.509998,32.525002,52.180000,24.775000,43.330002,4.023269,239.940002,117.456100,79.787758,22.148077,5.626000
2021-11-12,77.705002,416.838989,68.029999,32.294998,6.737000,149.520004,207.365936,133.750351,134.949112,7.200800,799.000000,60.090000,50.990002,32.730000,52.580002,25.129999,43.465000,4.010629,240.029999,117.560928,79.748703,22.243481,5.642000
2021-11-15,78.065002,418.295990,68.334999,32.347000,6.763000,149.520004,207.156082,133.076584,134.958527,7.243200,799.900024,60.259998,51.230000,32.770000,52.740002,25.160000,43.634998,3.974954,240.050003,117.333778,79.725266,22.389593,5.638000
2021-11-16,78.720001,423.053986,68.455002,32.553001,6.790000,149.520004,207.347687,133.102325,135.005630,7.304000,812.099976,60.869999,51.680000,32.904999,53.160000,25.500000,43.855000,3.998072,240.389999,117.115395,79.701828,22.511644,5.735000
2021-11-17,78.690002,423.131989,68.550003,32.505001,6.751000,149.520004,207.192596,132.630264,134.986786,7.298400,817.000000,60.880001,51.480000,32.855000,52.990002,25.780001,43.955002,3.989590,240.440002,117.010559,79.654968,22.358656,5.720000
2021-11-18,78.400002,421.893005,68.260002,32.028999,6.723000,149.520004,207.895081,132.986450,135.015045,7.248000,817.599976,60.599998,51.299999,32.505001,52.669998,26.010000,43.680000,4.020442,240.419998,117.342552,79.740891,22.559774,5.670000
2021-11-19,78.684998,424.061005,67.985001,32.138000,6.713000,149.520004,208.880402,133.582947,135.071579,7.271200,828.799988,60.619999,51.709999,32.514999,53.060001,26.240000,43.735001,4.077406,240.220001,117.665771,79.709648,22.562355,5.643000
2021-11-22,79.129997,428.515015,67.934998,32.081001,6.735000,149.520004,208.068420,133.179550,135.024475,7.300800,833.900024,61.290001,51.889999,32.910000,53.259998,26.535000,43.910000,4.065182,238.699997,117.342552,79.670586,22.628529,5.685000
2021-11-23,78.070000,422.550995,67.125000,31.854000,6.623000,149.520004,206.855011,132.995041,134.958527,7.213600,813.500000,60.380001,51.060001,32.730000,52.799999,25.485001,43.369999,4.015951,236.809998,117.036766,79.475327,22.528833,5.733000
2021-11-24,78.764999,427.040985,67.235001,32.049999,6.670000,149.520004,206.553925,133.462814,134.920853,7.276800,822.400024,60.939999,51.549999,32.895000,53.099998,25.920000,43.615002,4.060276,235.960007,116.809647,79.420647,22.785820,5.798000
2021-11-25,78.964996,428.132996,67.464996,32.092999,6.694000,149.520004,206.818527,133.715973,134.920853,7.296000,826.000000,61.070000,51.720001,32.900002,53.139999,26.260000,43.680000,4.069008,237.389999,116.853325,79.405029,22.896692,5.785000
2021-11-26,76.239998,414.074005,64.910004,30.565001,6.393000,149.520004,208.214417,135.359589,134.977371,7.031200,802.400024,58.799999,50.090000,31.650000,52.169998,25.139999,43.119999,4.131045,237.000000,116.661125,78.733292,21.983919,5.516000
2021-11-29,77.190002,420.188995,65.459999,30.915001,6.452000,149.520004,208.022827,135.355316,134.949112,7.110400,817.900024,59.540001,50.779999,31.889999,52.560001,25.900000,43.330002,4.127302,238.160004,116.835823,78.967606,22.118856,5.503000
2021-11-30,76.324997,414.812988,64.764999,30.785999,6.347000,149.520004,208.296494,136.359497,134.930267,7.029600,808.299988,58.930000,50.029999,31.330000,51.939999,25.690001,42.619999,4.175619,238.740005,116.958153,78.819214,21.946959,5.335000
2021-12-01,76.980003,418.399994,66.050003,31.450001,6.430000,149.520004,207.885956,135.518402,134.817230,7.099200,817.200012,59.730000,50.490002,31.965000,52.060001,26.440001,42.875000,4.134121,238.460007,117.272644,79.358162,22.071589,5.317000
2021-12-02,75.635002,410.552002,65.139999,31.325001,6.309000,149.520004,208.670563,135.887421,134.854904,6.971200,793.599976,58.209999,49.590000,31.629999,51.639999,25.325001,42.205002,4.194413,238.899994,117.473564,79.201950,21.816319,5.284000
2021-12-03,75.410004,409.803009,64.800003,31.035000,6.295000,149.520004,208.898666,137.299316,134.873734,6.947200,785.799988,57.619999,49.465000,31.840000,51.730000,25.320000,42.314999,4.227012,239.860001,117.429886,79.256615,21.890230,5.348000
2021-12-06,76.285004,414.441986,65.794998,31.098000,6.365000,149.520004,209.154114,136.994629,134.920853,7.028000,787.799988,57.549999,49.845001,32.200001,52.299999,24.975000,42.520000,4.236824,239.960007,117.578400,79.436264,22.319120,5.286000
2021-12-07,78.324997,425.415985,67.345001,31.729000,6.567000,149.520004,208.679688,136.831573,134.817230,7.216800,818.599976,59.750000,51.320000,32.924999,53.070000,26.545000,43.384998,4.215202,240.460007,117.718170,79.740891,22.542585,5.404000
2021-12-08,77.699997,421.372986,66.974998,31.677000,6.512000,149.520004,207.703491,135.857422,134.741867,7.157600,813.500000,59.389999,50.919998,32.474998,52.459999,26.230000,43.180000,4.095951,238.839996,117.429886,79.662773,22.398190,5.381000
2021-12-09,77.989998,424.191010,66.849998,31.746000,6.486000,149.520004,208.232666,136.677063,134.798386,7.181600,817.700012,59.480000,51.150002,32.485001,52.849998,26.215000,43.715000,4.124973,239.720001,117.560928,79.647148,22.411083,5.370000
2021-12-10,77.519997,422.209991,66.665001,31.518000,6.411000,149.520004,208.460709,136.677063,134.817230,7.141600,808.099976,58.860001,50.830002,32.509998,52.869999,25.625000,43.450001,4.126055,239.759995,117.639557,79.701828,22.293333,5.345000
2021-12-13,77.410004,422.946991,66.404999,31.143999,6.356000,149.520004,209.081131,137.046127,134.854904,7.123200,808.599976,58.570000,50.830002,32.380001,53.139999,25.455000,43.965000,4.164142,241.009995,117.674507,79.694023,22.256374,5.383000
2021-12-14,76.650002,418.114014,65.834999,31.045000,6.347000,149.520004,208.780045,136.762909,134.817230,7.050400,791.099976,57.610001,50.240002,32.384998,52.980000,24.950001,43.669998,4.155660,240.240005,117.630806,79.654968,22.185904,5.330000
2021-12-15,76.769997,418.355988,66.029999,30.743999,6.278000,149.520004,208.798294,136.887360,134.779541,7.049600,792.000000,57.869999,50.369999,32.384998,53.240002,25.160000,44.090000,4.161647,240.460007,117.587143,79.670586,22.188478,5.300000
2021-12-16,77.849998,424.463989,66.720001,31.084999,6.391000,149.520004,208.332993,136.127777,134.741867,7.141600,800.000000,58.590000,50.990002,33.000000,53.880001,25.430000,44.820000,4.101354,240.479996,117.718170,79.842430,22.356075,5.389000
2021-12-17,77.190002,420.468994,66.305000,30.986000,6.357000,149.520004,208.989899,137.007538,134.817230,7.091200,794.400024,57.880001,50.439999,32.834999,53.660000,25.125000,44.599998,4.157641,241.100006,117.744392,79.779938,22.471251,5.379000
2021-12-20,75.489998,409.755005,65.440002,30.264999,6.173000,149.520004,208.716202,137.604019,134.817230,6.932800,776.200012,56.369999,49.230000,32.209999,52.799999,24.584999,43.910000,4.151685,240.720001,117.709457,79.608109,21.946959,5.261000
2021-12-21,76.760002,417.145996,66.415001,30.889999,6.355000,149.520004,207.566605,136.342331,134.751282,7.059200,789.500000,57.330002,50.070000,32.880001,53.209999,25.250000,44.294998,4.088602,240.309998,117.508507,79.928337,22.355219,5.385000
2021-12-22,77.489998,422.096008,67.025002,30.955000,6.413000,149.520004,207.247299,135.509811,134.685364,7.125600,804.400024,58.439999,50.529999,32.950001,53.349998,25.730000,44.634998,4.114691,241.589996,117.464844,79.881477,22.332867,5.444000
2021-12-23,78.410004,426.860992,67.665001,31.191000,6.505000,149.520004,206.462692,134.733063,134.619400,7.202400,814.799988,59.220001,51.049999,33.330002,53.790001,26.264999,45.049999,4.089525,240.660004,117.255188,79.943962,22.489302,5.467000
2021-12-24,78.430000,426.636993,67.699997,31.016001,6.505000,149.520004,206.407959,134.600021,134.591156,7.202400,814.700012,59.220001,51.049999,33.330002,53.790001,26.264999,45.049999,4.089525,240.580002,117.368744,79.971306,22.346619,5.467000
2021-12-27,78.889999,429.701996,68.070000,31.323999,6.512000,149.520004,206.362335,134.600021,134.562897,7.239200,823.599976,59.799999,51.439999,33.380001,53.910000,26.580000,45.209999,4.094223,240.089996,117.298859,79.971306,22.527117,5.549000
2021-12-28,79.349998,432.428986,68.514999,31.281000,6.564000,149.520004,206.307617,134.600021,134.581741,7.276800,824.400024,59.900002,51.779999,33.549999,54.349998,26.465000,45.455002,4.111839,240.289993,117.263885,79.971306,22.765190,5.552000
2021-12-29,78.919998,430.522003,68.309998,31.025000,6.533000,149.520004,205.349655,133.428482,134.581741,7.240000,818.799988,59.509998,51.570000,33.465000,54.209999,26.415001,45.305000,4.030385,238.779999,117.115395,80.154861,22.787537,5.526000
2021-12-30,79.334999,432.958008,68.440002,31.408001,6.541000,149.520004,205.203674,133.364105,134.562897,7.269600,825.200012,59.779999,51.799999,33.500000,54.400002,26.555000,45.544998,4.051439,239.119995,117.054245,80.162682,23.049679,5.525000
2021-12-31,78.980003,430.476013,68.419998,31.499001,6.541000,149.520004,205.678101,133.827591,134.600555,7.269600,819.599976,59.779999,51.799999,33.500000,54.400002,26.555000,45.544998,4.051439,239.850006,117.054245,80.178299,22.968885,5.525000
2022-01-03,79.139999,431.290009,68.860001,31.653000,6.575000,149.520004,204.610672,133.827591,134.496948,7.276000,821.200012,59.750000,51.410000,33.689999,53.919998,26.670000,44.875000,4.018976,238.380005,116.704788,80.178299,22.863173,5.484000
2022-01-04,79.495003,433.324005,69.175003,31.533001,6.621000,149.520004,204.711014,131.565994,134.534637,7.310400,811.400024,59.660000,51.580002,34.259998,54.250000,26.235001,44.775002,3.944568,239.320007,116.661125,80.147049,23.206108,5.576000
2022-01-05,79.260002,431.441986,69.324997,31.330000,6.605000,149.520004,204.519409,131.201233,134.525208,7.292000,805.500000,59.270000,51.220001,34.654999,54.060001,26.344999,44.509998,3.946664,238.619995,116.704788,80.193916,23.048822,5.592000
2022-01-06,78.080002,424.799988,68.375000,31.142000,6.487000,149.520004,204.090607,130.845032,134.449829,7.190400,790.000000,57.959999,50.450001,34.320000,53.459999,25.775000,43.869999,3.931564,237.000000,116.451469,80.014259,22.794418,5.586000
2022-01-07,77.474998,421.276001,68.279999,31.216999,6.443000,149.520004,203.506714,129.879471,134.421600,7.152000,777.799988,57.540001,50.029999,34.305000,52.910000,25.280001,43.320000,3.892221,236.520004,116.425247,79.983017,22.667210,5.599000
2022-01-10,76.485001,415.549011,67.294998,31.254999,6.328000,149.520004,203.670959,129.918076,134.440430,7.072800,764.099976,56.549999,49.070000,34.220001,52.430000,24.605000,43.070000,3.903714,236.630005,116.224304,79.760414,22.400768,5.577000
2022-01-11,77.400002,420.696014,67.915001,31.795000,6.407000,149.520004,203.424591,129.729263,134.440430,7.167200,782.900024,57.480000,49.654999,34.544998,52.509998,25.385000,43.535000,3.925357,236.880005,116.119476,79.748703,22.386158,5.654000
2022-01-12,77.805000,422.365997,68.305000,32.096001,6.408000,149.520004,203.953781,129.257263,134.468689,7.203200,786.200012,57.980000,49.924999,34.700001,52.599998,25.594999,43.419998,3.914116,237.520004,116.224304,79.897102,22.485001,5.704000
2022-01-13,77.544998,420.759003,68.285004,31.899000,6.415000,149.520004,204.482941,128.905334,134.496948,7.173600,779.200012,57.560001,49.715000,34.959999,52.340000,25.889999,42.985001,3.894654,237.720001,116.214149,79.764328,22.543446,5.638000
2022-01-14,76.495003,414.382996,67.684998,31.745001,6.317000,149.520004,203.826065,129.274384,134.402756,7.090400,767.500000,56.419998,48.974998,34.814999,51.810001,25.665001,42.480000,3.897758,237.240005,116.030113,79.670586,22.252939,5.665000
2022-01-17,77.125000,417.992004,68.214996,31.816000,6.383000,149.520004,203.351608,128.746567,134.431015,7.144800,772.400024,56.889999,49.314999,35.115002,52.150002,25.910000,42.939999,3.863195,236.759995,115.846069,79.639343,22.386158,5.702000
2022-01-18,76.269997,413.070007,67.595001,31.584000,6.288000,149.520004,203.150894,129.124191,134.440430,7.071200,761.500000,56.130001,48.759998,34.775002,51.810001,25.250000,42.485001,3.870494,236.679993,115.723396,79.483131,22.290756,5.744000
2022-01-19,75.955002,410.950989,67.695000,31.665001,6.227000,149.520004,202.977539,128.716507,134.374496,7.033600,753.500000,55.560001,48.685001,34.450001,52.020000,24.365000,42.520000,3.872926,236.389999,115.819778,79.506569,22.252939,5.819000
2022-01-20,76.574997,414.052002,68.114998,32.269001,6.279000,149.520004,203.296875,128.600647,134.412186,7.109600,762.599976,56.230000,49.115002,34.490002,52.369999,24.445000,42.750000,3.882406,236.639999,115.968781,79.561249,22.203085,5.847000
2022-01-21,74.805000,403.733002,66.824997,31.610001,6.130000,149.520004,203.762177,130.171280,134.496948,6.943200,737.700012,54.660000,48.009998,33.810001,51.599998,23.799999,42.055000,3.927370,236.559998,116.073914,79.365967,21.863588,5.822000
2022-01-24,71.750000,387.018005,64.285004,30.525000,5.895000,149.520004,204.136246,131.638947,134.515793,6.666400,699.599976,51.869999,46.150002,32.794998,50.340000,22.504999,40.505001,3.968811,236.720001,115.916191,78.967606,21.272266,5.774000
2022-01-25,72.544998,391.647003,64.839996,30.771999,5.958000,149.520004,203.972015,130.926575,134.478104,6.733600,706.500000,52.540001,46.555000,33.174999,50.599998,22.590000,40.945000,3.946245,236.899994,115.846069,79.037910,21.480261,5.850000
2022-01-26,74.029999,400.451996,66.000000,30.982000,6.083000,149.520004,203.561462,130.428757,134.459274,6.871200,724.000000,54.000000,47.450001,33.720001,50.939999,23.315001,41.509998,3.928125,236.539993,115.898659,79.123833,21.953842,5.904000
2022-01-27,74.425003,403.421997,66.445000,30.954000,6.063000,149.520004,203.524948,131.287048,134.412186,6.908800,725.700012,54.130001,47.805000,33.865002,51.380001,22.785000,42.145000,3.993390,237.160004,115.679558,78.920746,22.029472,5.970000
2022-01-28,73.445000,399.061005,65.764999,30.608999,5.928000,149.520004,203.296875,131.282761,134.421600,6.829600,719.900024,53.529999,47.275002,33.395000,50.880001,22.170000,41.900002,3.991041,237.360001,115.425446,78.370087,21.541288,6.031000
2022-01-31,74.995003,407.252014,66.199997,31.330000,6.070000,149.520004,202.503159,131.252716,134.365082,6.943200,743.099976,54.860001,48.075001,33.610001,51.540001,23.205000,42.305000,3.957067,237.919998,115.092407,78.319305,21.936649,6.000000
2022-02-01,75.629997,410.242004,67.044998,31.615999,6.163000,149.520004,202.037842,130.227066,134.270874,7.009600,749.400024,55.599998,48.459999,33.919998,51.590000,23.525000,42.404999,3.926699,237.539993,115.039825,78.616127,21.965008,6.049000
2022-02-02,75.800003,411.713013,67.300003,31.365000,6.134000,149.520004,201.937500,130.274292,134.223785,7.019200,749.799988,55.790001,48.869999,33.994999,51.930000,23.799999,42.740002,3.952620,237.259995,115.074875,78.702049,22.097370,6.085000
2022-02-03,74.455002,404.080994,66.105003,30.858000,6.046000,149.520004,199.337326,128.961121,133.837585,6.889600,727.099976,55.000000,47.695000,33.764999,51.209999,23.290001,42.115002,3.837442,233.940002,113.979431,78.053741,21.747559,5.973000
2022-02-04,73.680000,399.518005,65.339996,30.754999,5.960000,149.520004,197.941437,128.652161,133.592636,6.831200,719.500000,54.549999,46.939999,33.384998,50.709999,22.725000,41.869999,3.795666,232.580002,113.050491,77.405449,21.303205,6.013000
2022-02-07,74.120003,401.609985,65.769997,30.836000,6.010000,149.520004,197.375793,128.720795,133.611465,6.860800,723.799988,54.810001,47.099998,33.639999,50.930000,23.055000,41.919998,3.783922,231.960007,112.708702,77.022705,21.364227,5.979000
2022-02-08,74.489998,403.792999,65.815002,31.128000,6.064000,149.520004,196.728027,128.308823,133.602081,6.902400,727.599976,54.930000,47.209999,33.895000,51.070000,23.270000,41.994999,3.779728,231.220001,112.875221,77.249229,21.339306,5.960000
2022-02-09,75.519997,408.666992,66.910004,31.542000,6.161000,149.520004,197.485260,128.544861,133.752792,7.003200,738.700012,56.080002,47.994999,34.294998,51.490002,23.865000,42.555000,3.793150,232.119995,113.269569,77.733498,21.521517,5.999000
2022-02-10,75.055000,405.615997,66.705002,31.542999,6.174000,149.520004,195.897781,126.811119,133.630341,6.965600,731.700012,55.790001,47.605000,34.275002,50.959999,23.885000,42.139999,3.710101,230.520004,112.647354,77.421066,21.535269,6.019000
2022-02-11,74.589996,402.376007,66.375000,31.504000,6.143000,149.520004,195.760956,126.793953,133.686844,6.920000,722.000000,55.000000,47.119999,34.255001,50.830002,23.145000,41.830002,3.710520,230.679993,112.594780,77.249229,21.452618,5.991000
2022-02-14,73.830002,398.510010,65.199997,31.066999,6.106000,149.520004,195.952515,127.836769,133.658600,6.858400,717.500000,54.500000,46.770000,33.869999,50.599998,22.799999,41.255001,3.755148,231.350006,112.445801,76.983673,21.309975,6.106000
2022-02-15,74.440002,401.787994,66.184998,31.457001,6.150000,149.520004,195.496368,127.600761,133.658600,6.917600,723.099976,54.930000,47.099998,34.165001,50.939999,23.320000,41.744999,3.727214,230.679993,112.445801,77.241417,21.361845,6.057000
2022-02-16,74.129997,399.307007,66.169998,31.600000,6.166000,149.520004,196.226257,127.111519,133.790466,6.892000,717.799988,54.680000,46.915001,34.099998,50.439999,23.230000,41.625000,3.716392,231.339996,112.621071,77.483559,21.453476,6.136000
2022-02-17,73.820000,397.631012,65.724998,31.603001,6.112000,149.520004,197.001709,127.463432,133.978851,6.865600,715.400024,54.209999,46.685001,33.990002,50.389999,23.030001,41.525002,3.761357,232.360001,112.717476,77.311722,21.469910,6.139000
2022-02-18,72.940002,393.057007,65.160004,31.198999,6.045000,149.520004,197.357559,128.089981,133.960022,6.785600,700.000000,53.270000,46.230000,33.744999,50.259998,22.370001,41.160000,3.792730,232.500000,112.717476,76.999290,21.399015,6.173000
2022-02-21,72.110001,388.527008,64.355003,30.940001,5.966000,149.520004,196.901398,128.175781,133.903488,6.716800,687.599976,52.439999,45.724998,33.459999,50.000000,22.035000,40.794998,3.800532,232.309998,112.612312,76.952415,21.238216,6.212000
2022-02-22,72.290001,389.997009,64.445000,30.747000,5.978000,149.520004,196.481689,128.089981,133.846954,6.716800,693.200012,52.700001,45.764999,33.465000,50.009998,22.415001,41.029999,3.799022,232.539993,112.331863,77.077393,21.304790,6.252000
2022-02-23,71.879997,387.101990,64.309998,30.666000,5.935000,149.520004,196.527313,128.077103,133.781036,6.701600,687.599976,52.360001,45.575001,33.320000,49.865002,22.365000,41.145000,3.794072,233.770004,112.165367,76.913376,21.253780,6.312000
2022-02-24,70.910004,383.908997,62.165001,29.559999,5.871000,149.520004,197.622101,130.377258,133.950592,6.579200,684.799988,51.820000,45.029999,32.459999,49.755001,21.990000,40.955002,3.850864,237.720001,111.963799,76.507195,21.040247,6.574000
2022-02-25,73.169998,396.738007,64.264999,30.315001,6.048000,149.520004,197.019989,129.343033,133.912933,6.768800,710.400024,53.549999,46.605000,33.465000,50.790001,22.975000,42.139999,3.800867,235.800003,112.121544,77.327347,21.575377,6.251000
2022-02-28,73.544998,398.856995,63.980000,30.145000,6.148000,149.520004,198.662201,130.445938,134.110733,6.812800,718.400024,54.209999,47.040001,33.305000,51.000000,23.174999,42.205002,3.851032,238.139999,112.410751,76.811813,21.675657,6.378000
2022-03-01,73.095001,397.588989,62.639999,30.289000,6.074000,149.520004,203.315125,133.076584,134.591156,6.766400,716.599976,53.730000,46.779999,32.790001,51.209999,22.750000,42.305000,3.987014,244.899994,113.558784,76.608734,21.560680,6.748000
2022-03-02,73.900002,403.020996,63.090000,30.280001,6.154000,149.520004,201.189377,131.699036,134.299149,6.826400,722.400024,54.400002,47.345001,33.279999,51.669998,23.080000,42.884998,3.917219,244.479996,113.129364,76.741516,21.837320,6.838000
2022-03-03,73.699997,403.927002,61.974998,30.063000,6.111000,149.520004,200.933914,131.741943,134.280319,6.806400,722.000000,54.200001,47.310001,33.115002,51.849998,22.905001,42.820000,3.918143,244.699997,113.146889,76.452515,21.845963,6.991000
2022-03-04,73.029999,402.519989,59.764999,29.655001,6.024000,149.520004,202.411926,134.497025,134.506363,6.734400,713.400024,53.310001,46.849998,32.674999,52.340000,22.485001,43.029999,4.030804,248.360001,113.199478,75.772980,22.002439,7.278000
2022-03-07,72.714996,401.412994,59.040001,29.138000,5.998000,149.520004,201.171143,134.647247,134.383926,6.705600,707.599976,53.000000,46.685001,32.459999,52.730000,22.100000,42.880001,4.020485,251.220001,112.200417,75.101257,22.106178,7.545000
2022-03-08,71.110001,391.838013,58.685001,28.653999,5.915000,149.520004,200.048950,134.085068,134.223785,6.574400,683.599976,51.740002,45.680000,31.924999,51.639999,21.424999,42.294998,3.955891,250.679993,111.797287,74.999710,21.813976,7.599000
2022-03-09,72.175003,394.286011,61.244999,29.044001,6.019000,149.520004,198.780792,132.471497,134.148422,6.670400,695.799988,52.970001,46.290001,32.419998,51.459999,22.200001,42.360001,3.854472,245.059998,111.928741,75.827667,21.997250,7.122000
2022-03-10,71.699997,391.531006,60.480000,28.759001,5.963000,149.520004,196.536453,132.214005,133.752792,6.612000,688.599976,52.410000,45.840000,32.035000,51.180000,21.674999,42.200001,3.810850,241.169998,111.271477,75.304337,21.893513,7.001000
2022-03-11,72.449997,397.023987,61.055000,28.563000,6.048000,149.520004,197.092972,132.724686,133.799866,6.684000,694.799988,52.939999,46.404999,32.455002,51.889999,21.915001,42.849998,3.850613,244.199997,111.253944,75.155922,22.186577,7.090000
2022-03-14,71.654999,391.085999,61.764999,27.898001,5.973000,149.520004,195.231766,131.467316,133.733963,6.599200,676.700012,52.040001,45.755001,32.310001,51.529999,21.115000,42.785000,3.758085,242.119995,110.798241,75.171539,21.955753,6.899000
2022-03-15,72.300003,396.285004,61.669998,27.679001,5.986000,149.520004,195.998154,131.561691,133.931747,6.664800,689.599976,52.700001,46.215000,32.590000,52.119999,21.719999,43.294998,3.765634,241.940002,111.026100,75.109070,21.950573,6.810000
2022-03-16,73.750000,402.817993,63.474998,29.253000,6.127000,149.520004,195.323044,130.321472,133.781036,6.810400,707.900024,54.220001,47.110001,33.134998,52.450001,22.605000,43.669998,3.731325,239.479996,111.087440,75.710487,22.140757,6.737000
2022-03-17,74.019997,403.300995,63.830002,29.200001,6.159000,149.520004,195.359528,130.021072,133.799866,6.827200,710.400024,54.480000,47.325001,33.099998,52.560001,22.525000,44.040001,3.728891,240.339996,111.262718,76.362297,22.215973,6.905000
2022-03-18,75.165001,409.843994,64.410004,29.867001,6.246000,149.520004,195.751816,129.965317,133.865814,6.936800,730.099976,55.779999,48.200001,33.410000,52.980000,23.254999,44.485001,3.752800,241.649994,111.604500,76.124207,22.401840,6.928000
2022-03-21,75.709999,413.226013,64.455002,29.459999,6.269000,149.520004,194.365051,128.665024,133.743347,6.955200,735.000000,56.209999,48.345001,33.584999,53.279999,23.275000,44.709999,3.711778,240.539993,111.026100,76.211510,22.451982,7.150000
2022-03-22,76.510002,418.221985,65.025002,30.062000,6.307000,149.520004,193.662582,126.879799,133.639740,7.053600,749.000000,57.060001,48.965000,33.950001,53.480000,23.660000,44.779999,3.662872,241.130005,110.815765,76.235313,22.520275,7.101000
2022-03-23,76.345001,417.665985,64.364998,30.132999,6.279000,149.520004,194.018356,127.536369,133.677429,7.035200,751.799988,57.080002,48.669998,33.794998,53.259998,23.559999,44.430000,3.675371,242.740005,110.929695,76.116280,22.307610,7.327000
2022-03-24,76.300003,417.630005,64.235001,30.100000,6.253000,149.520004,193.306763,127.806732,133.620911,7.032800,750.099976,57.049999,48.740002,33.884998,53.340000,23.910000,44.459999,3.717818,242.770004,110.903397,76.068657,22.278214,7.367000
2022-03-25,76.714996,420.915009,64.330002,29.863001,6.286000,149.520004,192.814102,126.326180,133.554947,7.060000,753.799988,57.250000,49.014999,34.134998,53.630001,24.014999,44.744999,3.665892,242.119995,110.587914,76.092468,22.571281,7.388000
2022-03-28,76.955002,423.234009,64.445000,29.903999,6.260000,149.520004,192.394409,127.553543,133.451340,7.074400,762.200012,57.520000,49.095001,33.980000,53.889999,23.934999,44.930000,3.686025,241.740005,110.675552,76.116280,22.717382,7.210000
2022-03-29,77.514999,425.019989,65.504997,30.160999,6.350000,149.520004,191.691910,127.197357,133.291199,7.123200,770.400024,58.080002,49.544998,34.145000,53.889999,24.264999,45.005001,3.663459,241.639999,110.850830,76.854324,22.910166,6.956000
2022-03-30,77.169998,422.880005,65.230003,30.146000,6.314000,149.520004,191.044128,127.742371,133.159332,7.098400,767.000000,57.880001,49.494999,34.075001,53.849998,24.160000,45.044998,3.688290,242.479996,110.421402,76.624184,22.818529,7.090000
2022-03-31,77.099998,423.575989,64.610001,29.920000,6.275000,149.520004,192.731979,128.313110,133.319458,7.084000,765.700012,57.770000,49.514999,33.814999,54.139999,23.750000,45.154999,3.724445,243.179993,110.859589,76.648003,22.896336,7.098000
2022-04-01,76.855003,420.126007,64.995003,30.299999,6.290000,149.520004,192.248428,127.823891,133.291199,7.067200,758.900024,57.250000,49.195000,33.669998,54.049999,23.030001,45.105000,3.737784,241.860001,110.938461,76.624184,22.941292,7.086000
2022-04-04,77.675003,425.298004,65.555000,30.990000,6.342000,149.520004,192.668091,127.622208,133.225266,7.160000,775.799988,58.150002,49.830002,33.980000,54.720001,23.559999,45.535000,3.733589,243.919998,111.183838,76.846405,23.050215,7.149000
2022-04-05,77.955002,427.721985,65.669998,30.754999,6.344000,149.520004,190.724854,126.313316,133.159332,7.164000,773.200012,58.000000,50.040001,33.840000,55.330002,22.905001,46.145000,3.688626,242.820007,110.614212,76.655922,23.184217,7.263000
2022-04-06,76.449997,419.320007,64.724998,30.327999,6.200000,149.520004,190.077042,126.150246,133.112228,7.034400,749.700012,56.430000,49.084999,33.430000,55.080002,22.200001,46.025002,3.663795,242.460007,110.246147,75.901993,23.018227,7.203000
2022-04-07,76.250000,418.660004,64.589996,30.013000,6.156000,149.520004,189.401932,125.982910,133.102829,7.020000,746.500000,56.290001,49.070000,33.299999,55.290001,22.059999,46.945000,3.622439,241.699997,110.097145,75.878189,22.872133,7.137000
2022-04-08,77.305000,424.756989,65.550003,30.350000,6.229000,149.520004,189.027893,125.746857,132.886169,7.098400,750.099976,56.910000,49.660000,33.825001,56.040001,21.995001,47.605000,3.602892,241.639999,110.027061,75.901993,23.093441,7.272000
2022-04-11,76.154999,417.514008,65.184998,29.941999,6.177000,149.520004,187.832718,124.957230,132.829636,7.011200,731.099976,55.689999,48.834999,33.730000,55.549999,21.434999,47.220001,3.542912,240.520004,109.282143,75.671844,22.934374,7.237000
2022-04-12,76.559998,420.589996,64.989998,30.127001,6.234000,149.520004,188.398346,125.811234,132.914429,7.043200,738.700012,56.060001,49.105000,33.700001,55.560001,21.680000,46.799999,3.564976,241.710007,109.413597,75.497238,22.959450,7.450000
2022-04-13,76.220001,417.755005,64.955002,30.225000,6.234000,149.520004,188.754181,125.944267,132.904984,7.028800,737.000000,55.939999,48.930000,33.685001,55.270000,21.870001,46.459999,3.559103,242.179993,109.413597,75.322655,22.868673,7.490000
2022-04-14,76.680000,420.367004,65.379997,30.125999,6.277000,149.520004,187.695847,124.785568,132.914429,7.062400,736.200012,56.029999,49.224998,34.014999,55.740002,21.594999,46.875000,3.523031,240.979996,109.448639,75.457565,23.106411,7.609000
2022-04-19,76.745003,422.213013,64.894997,29.745001,6.285000,149.520004,186.664917,124.270599,132.970932,7.060000,741.599976,56.230000,49.205002,34.005001,55.259998,21.969999,46.395000,3.465065,240.520004,108.966637,75.259155,23.089981,7.615000
2022-04-20,76.879997,421.934998,65.529999,29.552000,6.332000,149.520004,187.531631,123.927292,132.999207,7.076800,731.500000,56.320000,49.279999,34.279999,55.410000,22.030001,46.685001,3.476557,241.580002,109.063042,75.513115,23.160006,7.517000
2022-04-21,76.879997,422.666992,65.650002,29.212000,6.309000,149.520004,186.409470,123.596855,132.782562,7.068000,732.299988,56.330002,49.139999,34.340000,55.240002,21.955000,46.494999,3.452482,240.720001,108.659927,75.449623,23.316486,7.552000
2022-04-22,75.065002,411.881989,64.470001,29.111000,6.160000,149.520004,185.706955,125.605232,132.556458,6.912000,712.500000,54.700001,48.025002,33.630001,54.410000,21.365000,45.345001,3.491993,239.479996,108.204216,75.076622,23.029469,7.515000
2022-04-25,73.705002,403.819000,63.345001,28.589001,6.063000,149.520004,187.340042,128.321701,132.801361,6.799200,703.200012,53.509998,47.224998,33.130001,53.959999,21.160000,44.834999,3.564137,239.419998,108.546005,74.679817,22.767523,7.347000
2022-04-26,73.809998,405.536987,62.860001,28.504999,6.061000,149.520004,187.777985,129.561905,132.791962,6.786400,697.099976,53.130001,47.205002,33.145000,54.220001,20.754999,45.055000,3.602221,239.729996,108.581055,74.465538,22.949932,7.551000
2022-04-27,74.474998,409.996002,63.334999,28.884001,6.079000,149.520004,187.750610,130.094025,132.820190,6.856800,705.200012,53.669998,47.785000,33.365002,54.730000,20.855000,45.400002,3.591483,240.139999,108.326912,74.267128,23.038113,7.667000
2022-04-28,74.879997,411.420013,63.865002,29.127001,6.076000,149.520004,186.226974,130.158386,132.622391,6.891200,708.400024,53.840000,48.165001,33.630001,54.750000,21.280001,45.375000,3.584521,240.320007,108.002647,74.124290,22.936096,7.697000
2022-04-29,75.059998,410.593994,64.360001,29.801001,6.180000,149.520004,185.269043,128.712234,132.415176,6.924000,708.400024,54.509998,48.355000,33.755001,54.610001,21.504999,45.400002,3.563550,240.740005,107.678413,73.846519,22.788275,7.709000
2022-05-02,73.445000,401.777008,63.200001,29.346001,6.044000,149.520004,184.803711,128.712234,132.481094,6.783200,692.200012,53.180000,47.400002,33.220001,53.590000,21.145000,44.715000,3.503905,240.240005,107.546944,73.846519,22.046528,7.659000
2022-05-03,74.500000,408.158997,63.924999,29.594999,6.114000,149.520004,184.858475,128.793747,132.396317,6.871200,704.299988,54.080002,47.904999,33.834999,54.020000,21.570000,45.049999,3.535027,239.740005,107.652107,73.842537,22.224617,7.687000
2022-05-04,73.529999,402.845001,63.244999,29.129999,6.050000,149.520004,184.119476,128.381790,132.123138,6.788000,691.000000,53.330002,47.270000,33.564999,53.389999,21.190001,44.474998,3.516740,238.250000,107.213936,73.457634,21.922041,7.741000
2022-05-05,73.705002,405.384003,62.910000,28.832001,6.032000,149.520004,183.325745,129.094147,132.179672,6.802400,695.299988,53.500000,47.419998,33.689999,53.639999,21.545000,44.715000,3.418591,237.589996,106.968552,72.846550,22.014542,7.863000
2022-05-06,72.699997,399.842987,61.695000,28.455999,5.913000,149.520004,181.792999,128.892456,132.010117,6.696800,683.900024,52.639999,46.514999,33.435001,52.779999,21.320000,43.994999,3.386379,233.139999,106.267456,72.600540,21.563271,7.783000
2022-05-09,70.794998,390.407013,60.000000,27.702000,5.734000,149.520004,182.413406,129.707809,132.151398,6.530400,659.200012,50.680000,45.400002,32.865002,52.080002,20.295000,43.294998,3.381261,232.750000,106.337563,72.116417,21.030735,7.449000
2022-05-10,70.330002,387.313995,60.459999,27.583000,5.652000,149.520004,183.754532,131.119705,132.339828,6.487200,655.500000,50.209999,45.080002,32.770000,51.869999,20.270000,43.150002,3.477229,232.899994,106.740707,72.759247,20.689260,7.413000
2022-05-11,71.250000,391.381989,61.494999,27.951000,5.757000,149.520004,184.484421,130.497437,132.443436,6.568800,659.900024,51.029999,45.625000,33.105000,52.349998,20.645000,43.685001,3.457683,233.009995,106.766991,73.425888,21.005667,7.567000
2022-05-12,70.599998,386.838013,61.060001,27.792999,5.710000,149.520004,186.728790,132.797974,132.754272,6.521600,651.900024,50.230000,45.244999,32.985001,52.270000,20.285000,43.450001,3.562710,234.619995,107.468063,73.298912,21.029028,7.634000
2022-05-13,72.290001,396.000000,62.415001,28.337999,5.870000,149.520004,185.405899,132.214172,132.612976,6.671200,670.400024,51.900002,46.410000,33.630001,53.070000,21.245001,44.360001,3.517998,234.250000,107.511894,73.719536,21.409929,7.679000
2022-05-16,72.074997,394.765991,62.424999,28.283001,5.846000,149.520004,185.588348,132.516891,132.594131,6.624000,666.000000,51.279999,46.070000,33.549999,53.080002,21.000000,44.540001,3.520179,236.300003,107.468063,73.560806,21.579903,7.837000
2022-05-17,72.375000,395.539001,63.169998,28.615000,5.905000,149.520004,183.672424,129.113678,132.273849,6.680800,669.500000,51.860001,46.384998,33.919998,52.830002,21.620001,44.590000,3.415571,235.479996,106.924736,73.727470,21.496222,7.835000
2022-05-18,71.355003,388.651001,62.435001,28.372000,5.844000,149.520004,184.128616,130.376373,132.255005,6.589600,654.700012,50.830002,45.494999,33.650002,52.119999,21.225000,44.195000,3.457180,235.850006,106.898445,73.076698,21.414291,7.708000
2022-05-19,70.029999,379.313995,61.634998,28.256001,5.787000,149.520004,185.004425,130.480148,132.283279,6.480800,640.099976,50.060001,44.465000,33.000000,51.110001,20.855000,43.494999,3.489057,235.850006,107.161354,73.060829,21.035131,7.745000
2022-05-20,69.805000,376.795990,62.055000,28.452000,5.759000,149.520004,184.621262,130.830414,132.245605,6.468000,631.400024,49.695000,44.384998,33.040001,51.279999,20.264999,43.930000,3.508687,234.820007,106.880913,72.838600,20.978470,7.754000
2022-05-23,70.629997,381.734985,62.910000,28.424999,5.813000,149.520004,183.572098,129.230453,132.085464,6.528800,635.400024,50.360001,44.855000,33.445000,51.770000,20.445000,44.360001,3.431258,232.500000,106.696877,73.076698,21.095272,7.725000
2022-05-24,68.989998,371.584991,62.224998,27.580000,5.647000,149.520004,184.612152,131.258530,132.245605,6.383200,614.099976,48.935001,43.814999,32.884998,51.230000,19.771999,43.820000,3.491406,232.940002,106.802048,72.790993,20.656836,7.697000
2022-05-25,70.269997,380.140015,62.650002,27.921000,5.765000,149.520004,184.794617,130.640152,132.349228,6.488000,627.599976,49.794998,44.570000,33.455002,51.939999,20.010000,44.345001,3.511035,232.429993,107.021126,73.330666,21.134497,7.767000
2022-05-26,71.315002,386.843994,63.299999,28.150000,5.877000,149.520004,184.694275,129.982849,132.424576,6.588800,643.099976,50.869999,45.334999,33.860001,52.310001,20.745001,44.279999,3.454328,232.300003,107.047432,73.850479,21.260012,7.843000
2022-05-27,72.699997,395.221985,64.084999,28.698999,5.978000,149.520004,185.040955,130.164490,132.415176,6.716800,664.700012,52.410000,46.369999,34.250000,52.939999,21.584999,44.794998,3.496271,232.880005,107.511894,74.092537,21.567696,7.823000
2022-05-30,73.144997,398.134003,64.445000,29.035999,6.003000,149.520004,183.690689,128.975327,132.217346,6.756800,672.200012,52.990002,46.709999,34.255001,53.020000,21.985001,44.910000,3.430168,232.330002,107.126289,73.957611,21.522366,7.809000
2022-05-31,72.489998,394.290009,63.965000,29.191000,5.948000,149.520004,182.331314,129.027206,132.047791,6.707200,664.000000,52.349998,46.255001,33.980000,52.570000,21.605000,44.310001,3.407602,231.740005,106.512848,73.425888,21.322771,7.782000
2022-06-01,72.415001,394.420990,63.355000,29.091000,5.916000,149.520004,181.592285,129.450974,131.953598,6.690400,666.799988,52.290001,46.125000,33.985001,52.439999,21.565001,43.985001,3.429581,231.000000,106.407677,73.402092,21.226889,7.807000
2022-06-02,72.570000,393.988007,63.799999,29.278999,5.980000,149.520004,180.351486,129.450974,131.802872,6.710400,668.599976,52.110001,46.174999,33.930000,52.160000,21.735001,43.665001,3.406931,230.289993,106.144775,73.402092,21.236477,7.797000
2022-06-03,72.290001,393.239990,63.520000,28.929001,5.961000,149.520004,179.594269,129.450974,131.670990,6.686400,661.599976,52.150002,46.130001,33.744999,52.250000,21.480000,43.825001,3.389231,230.360001,105.987030,73.402092,21.157158,7.846000
2022-06-06,72.989998,397.036011,64.269997,29.304001,6.018000,149.520004,179.010345,128.028320,131.680420,6.742400,669.099976,52.450001,46.570000,34.044998,52.529999,21.650000,43.930000,3.352068,229.669998,105.803001,73.608421,21.239964,7.988000
2022-06-07,72.709999,395.335999,63.985001,29.094000,6.004000,149.520004,179.831482,128.162369,131.718094,6.723200,666.500000,52.560001,46.330002,33.974998,52.279999,21.395000,43.935001,3.386798,231.020004,105.881859,73.330666,21.076097,7.980000
2022-06-08,72.845001,397.279999,63.590000,29.327999,6.024000,149.520004,178.864410,128.231537,131.642715,6.745600,672.299988,52.650002,46.490002,33.849998,52.169998,21.400000,44.165001,3.358611,230.850006,105.356049,73.179871,20.974987,8.054000
2022-06-09,72.160004,393.924988,62.764999,29.039000,5.937000,149.520004,176.866364,127.868317,131.171738,6.684000,667.000000,52.119999,46.025002,33.560001,51.849998,21.165001,43.759998,3.362890,228.139999,104.418350,72.330696,20.742262,7.981000
2022-06-10,69.974998,381.178009,61.064999,28.820999,5.784000,149.520004,175.324524,128.957993,130.907974,6.494400,637.299988,51.150002,44.584999,32.759998,51.220001,20.184999,42.955002,3.386211,226.059998,103.550743,71.481522,20.432829,8.021000
2022-06-13,68.279999,371.472992,59.709999,28.094000,5.607000,149.520004,172.441498,128.772095,130.286285,6.347200,618.299988,50.270000,43.605000,32.110001,50.730000,19.424000,42.310001,3.331851,220.979996,102.139793,70.227592,19.877600,7.952000
2022-06-14,67.764999,369.023987,59.000000,28.447001,5.552000,149.520004,170.963531,129.295303,130.154388,6.309600,615.099976,49.875000,43.215000,31.905001,50.099998,19.426001,41.625000,3.298380,217.059998,101.561409,69.775223,19.652721,7.815000
2022-06-15,68.275002,371.735992,59.840000,28.614000,5.615000,149.520004,173.408585,129.048843,130.691330,6.360000,623.700012,49.869999,43.630001,32.180000,50.090000,19.686001,41.939999,3.305176,219.679993,102.280014,70.378380,19.811357,7.842000
2022-06-16,66.190002,359.391998,58.365002,27.649000,5.396000,149.520004,173.280884,127.271584,130.606522,6.157600,601.500000,48.584999,42.305000,31.280001,49.205002,18.580000,41.020000,3.294218,219.440002,101.561409,69.759354,19.456602,7.749000
2022-06-17,66.294998,360.571991,58.345001,27.850000,5.425000,149.520004,174.621994,129.347198,130.879730,6.166400,608.000000,47.985001,42.250000,31.120001,49.325001,18.548000,41.404999,3.384289,219.229996,101.727905,69.878395,19.685837,7.638000
2022-06-20,66.625000,361.898987,58.955002,27.768000,5.449000,149.520004,173.445099,128.594788,130.804367,6.196000,610.599976,48.230000,42.415001,31.350000,49.535000,18.726000,41.505001,3.305009,218.720001,101.605232,70.239494,19.711990,7.554000
2022-06-21,67.370003,366.622009,59.150002,28.089001,5.491000,149.520004,173.262619,128.205597,130.804367,6.264800,622.500000,48.855000,42.849998,31.565001,49.820000,19.142000,41.840000,3.302205,219.580002,101.736679,70.545044,19.806995,7.518000
2022-06-22,67.260002,367.144012,58.720001,27.559000,5.441000,149.520004,175.397522,129.178558,131.030457,6.241600,623.200012,48.639999,42.735001,31.385000,50.110001,18.886000,42.404999,3.342737,221.580002,102.192383,70.179993,19.718960,7.392000
2022-06-23,67.415001,368.714996,58.235001,27.657000,5.448000,149.520004,178.034164,130.830414,131.378967,6.237600,627.099976,48.529999,42.855000,31.200001,50.540001,18.708000,43.014999,3.416493,223.830002,102.954819,70.092682,19.889801,7.235000
2022-06-24,68.995003,377.893005,59.904999,28.122999,5.605000,149.520004,177.815201,129.831497,131.378967,6.380000,641.500000,49.490002,44.014999,31.764999,51.470001,19.270000,43.849998,3.360411,225.000000,102.910995,70.259346,20.223639,7.219000
2022-06-27,69.224998,379.122009,60.090000,28.159000,5.634000,149.520004,175.954025,129.014252,131.152908,6.411200,644.299988,49.785000,44.255001,31.865000,51.669998,19.462000,44.174999,3.302970,224.380005,102.481590,70.068878,20.277678,7.174000
2022-06-28,69.190002,378.003998,60.240002,28.297001,5.642000,149.520004,175.205887,129.874756,131.171738,6.403200,636.299988,50.119999,44.005001,32.049999,51.720001,19.172001,44.125000,3.326168,222.699997,101.859375,69.632362,20.494715,7.284000
2022-06-29,68.580002,374.535004,59.985001,28.197001,5.552000,149.520004,177.158325,131.846619,131.416656,6.362400,630.099976,50.080002,43.799999,31.764999,51.680000,18.724001,44.215000,3.405277,224.240005,101.973289,69.068901,20.211439,7.334000
2022-06-30,67.904999,371.381989,59.055000,27.881001,5.496000,149.520004,178.919159,132.560089,131.680420,6.288000,623.299988,49.490002,43.369999,31.350000,51.520000,18.591999,44.000000,3.469006,224.509995,102.840889,68.783203,20.035366,7.109000
2022-07-01,68.205002,373.748993,59.095001,27.870001,5.538000,149.520004,181.683517,135.271423,132.085464,6.316800,624.099976,49.764999,43.455002,31.375000,52.110001,17.878000,44.314999,3.514212,227.000000,103.682205,69.116531,20.254145,7.074000
2022-07-04,68.639999,375.520996,59.384998,27.853001,5.544000,149.520004,179.585129,133.995773,131.897064,6.347200,626.099976,50.270000,43.605000,31.549999,52.349998,17.733999,44.610001,3.469941,226.259995,103.226494,69.064941,20.271574,7.080000
2022-07-05,68.410004,376.164001,58.154999,27.781000,5.536000,149.520004,181.309464,137.597885,132.189087,6.328800,634.299988,49.424999,43.595001,31.105000,52.220001,17.775999,44.610001,3.597400,228.380005,103.708488,68.664162,20.204464,6.866000
2022-07-06,69.900002,385.584991,59.130001,28.017000,5.618000,149.520004,181.865967,136.590347,132.283279,6.448000,653.400024,50.049999,44.645000,31.495001,53.330002,18.322001,45.794998,3.566386,226.520004,104.497215,68.997482,20.701292,6.809000
2022-07-07,71.305000,393.302002,60.224998,28.847000,5.773000,149.520004,180.378891,134.432510,132.010117,6.583200,669.200012,51.110001,45.540001,32.240002,53.810001,19.160000,46.064999,3.541573,226.020004,104.234314,69.521278,20.943609,7.100000
2022-07-08,71.800003,395.441986,60.500000,28.851000,5.801000,149.520004,179.849716,133.044449,132.010117,6.615200,677.099976,51.150002,45.720001,32.465000,53.799999,19.462000,46.395000,3.471641,225.380005,104.462166,69.826820,20.823324,7.134000
2022-07-11,71.324997,393.263000,60.240002,28.309000,5.755000,149.520004,181.382446,135.751419,132.179672,6.574400,667.400024,51.310001,45.625000,32.325001,54.060001,19.166000,46.540001,3.566980,227.059998,104.882805,69.687920,20.737904,7.254000
2022-07-12,71.495003,394.125000,60.445000,28.306999,5.765000,149.520004,182.997314,136.270355,132.349228,6.583200,668.599976,51.360001,45.715000,32.439999,54.189999,19.299999,46.395000,3.616604,228.779999,105.426155,69.803024,20.875616,7.039000
2022-07-13,70.400002,387.058014,59.884998,28.115999,5.697000,149.520004,182.741867,136.075760,132.094879,6.486400,657.500000,50.820000,45.020000,32.009998,53.520000,19.176001,45.685001,3.592896,229.000000,104.935387,69.521278,20.683863,7.078000
2022-07-14,69.794998,384.651001,58.970001,27.905001,5.622000,149.520004,181.482819,136.897369,131.812286,6.434400,656.000000,50.209999,44.680000,31.570000,53.240002,19.230000,45.400002,3.643965,228.520004,104.612923,68.926056,20.524353,6.990000
2022-07-15,71.070000,392.523010,60.014999,27.948999,5.719000,149.520004,182.221802,136.767624,131.859390,6.540800,670.200012,51.000000,45.494999,32.105000,53.779999,19.986000,46.380001,3.626715,229.179993,105.237984,69.719673,20.750977,7.010000
2022-07-18,71.364998,393.216003,60.599998,28.253000,5.789000,149.520004,181.199982,134.475784,131.812286,6.576800,674.799988,51.180000,45.645000,32.305000,53.470001,20.295000,46.009998,3.544547,227.839996,104.894638,70.100616,20.759691,7.220000
2022-07-19,71.464996,392.665985,61.369999,28.223000,5.818000,149.520004,180.479263,134.155777,131.614471,6.583200,672.400024,51.040001,45.654999,32.490002,53.209999,20.480000,45.740002,3.525343,227.610001,105.158745,71.179932,20.759691,7.105000
2022-07-20,72.425003,399.559998,61.240002,28.316999,5.908000,149.520004,180.278534,134.441162,131.529694,6.669600,691.000000,51.160000,46.290001,32.599998,53.450001,21.105000,45.709999,3.534010,226.880005,105.326004,71.251366,21.025543,7.142000
2022-07-21,72.595001,400.117004,61.494999,28.450001,5.932000,149.520004,180.251144,135.340652,131.322464,6.684000,694.500000,50.980000,46.355000,32.505001,53.439999,21.340000,46.000000,3.581425,226.460007,105.414047,71.640244,20.931404,7.126000
2022-07-22,72.580002,399.618011,61.650002,28.375999,5.951000,149.520004,183.188889,136.581711,131.859390,6.672800,688.700012,51.279999,46.294998,32.450001,53.540001,21.115000,46.014999,3.646769,229.000000,107.042702,72.187836,21.266111,7.187000
2022-07-25,72.580002,399.411011,61.770000,28.362000,5.942000,149.520004,183.353119,136.114670,131.906494,6.674400,684.200012,51.610001,46.255001,32.575001,53.490002,20.850000,46.025002,3.614055,230.000000,106.998695,72.227524,21.313179,7.230000
2022-07-26,72.464996,398.364014,61.775002,28.437000,5.942000,149.520004,184.758118,136.836807,132.000671,6.668800,677.900024,51.990002,46.255001,32.669998,53.709999,20.809999,46.634998,3.678209,232.039993,106.769783,71.045021,21.431717,7.390000
2022-07-27,73.195000,403.417999,62.040001,28.634001,5.973000,149.520004,184.292831,136.620605,131.821701,6.730400,692.900024,52.110001,46.570000,32.775002,53.830002,21.295000,46.555000,3.666653,232.199997,107.016289,71.767212,21.460485,7.403000
2022-07-28,74.160004,409.089996,62.654999,28.778000,6.071000,149.520004,186.774384,136.880051,132.226761,6.809600,703.299988,52.549999,47.279999,33.005001,54.430000,21.629999,46.884998,3.666822,234.899994,108.099129,72.608467,21.868416,7.472000
2022-07-29,74.845001,413.178986,63.474998,28.658001,6.121000,149.520004,187.221436,136.646545,132.339828,6.857600,709.599976,52.930000,47.625000,33.014999,54.590000,21.575001,46.490002,3.661214,236.960007,108.178368,73.346527,22.045349,7.522000
2022-08-01,74.980003,413.820007,63.320000,28.400000,6.125000,149.520004,188.626450,136.028168,132.499954,6.855200,717.299988,52.669998,47.779999,33.180000,54.520000,21.889999,46.369999,3.673366,237.850006,108.363243,73.441757,21.896301,7.217000
2022-08-02,74.995003,414.105011,63.195000,28.514000,6.139000,149.520004,188.380112,136.023849,132.396317,6.856000,717.000000,52.930000,47.705002,33.174999,54.680000,21.910000,46.570000,3.694438,237.779999,108.486496,72.711624,21.844875,7.267000
2022-08-03,75.730003,419.462006,63.445000,28.705999,6.185000,149.520004,186.929489,135.591415,132.255005,6.920000,734.599976,52.799999,48.035000,33.275002,54.799999,22.270000,46.700001,3.658326,237.460007,107.949478,73.271126,21.925940,7.224000
2022-08-04,75.470001,416.975006,63.544998,28.813000,6.160000,149.520004,187.942200,136.568710,132.386887,6.892800,731.599976,52.180000,47.895000,33.055000,54.680000,22.430000,46.270000,3.663763,238.089996,107.923058,73.449692,21.701927,7.235000
2022-08-05,75.330002,417.203003,63.099998,28.909000,6.168000,149.520004,186.163132,135.781708,132.170242,6.889600,730.000000,52.180000,47.764999,33.025002,54.599998,22.365000,46.270000,3.602329,237.139999,107.245201,73.211609,21.545038,7.304000
2022-08-08,75.834999,419.382996,63.544998,28.973000,6.258000,149.520004,186.692291,135.768723,132.141983,6.937600,734.799988,52.480000,48.064999,33.224998,54.950001,21.985001,46.480000,3.640821,237.899994,107.509285,73.671928,21.837904,7.230000
2022-08-09,75.050003,415.442993,63.099998,28.813999,6.155000,149.520004,186.281723,136.058456,132.085464,6.870400,721.299988,52.529999,47.549999,32.900002,54.799999,21.195000,46.365002,3.647959,237.639999,107.218781,73.227486,21.742895,7.284000
2022-08-10,75.699997,418.016998,63.669998,28.804001,6.242000,149.520004,187.002487,134.562256,132.198502,6.919200,730.299988,52.369999,47.935001,33.160000,54.750000,21.575001,46.014999,3.582105,237.919998,107.720581,73.790962,21.924194,7.266000
2022-08-11,76.154999,421.178009,63.775002,29.107000,6.307000,149.520004,185.971527,134.177399,132.151398,6.972800,734.900024,52.689999,48.209999,33.395000,54.910000,21.995001,46.064999,3.528997,237.600006,107.482872,73.949684,22.118568,7.423000
2022-08-12,76.889999,425.856995,63.884998,29.332001,6.373000,149.520004,185.478867,135.046585,132.047791,7.039200,743.000000,53.119999,48.645000,33.700001,55.290001,22.309999,46.365002,3.540129,237.110001,107.394844,73.783020,22.307962,7.516000
2022-08-15,77.739998,431.511993,64.095001,29.518999,6.406000,149.520004,186.829132,136.395737,132.170242,7.108000,755.000000,53.450001,49.125000,33.855000,55.869999,22.565001,46.875000,3.600544,238.020004,107.799812,74.148094,22.481503,7.433000
2022-08-16,78.120003,435.028992,64.209999,29.565001,6.435000,149.520004,185.414993,135.617371,132.028946,7.145600,758.599976,53.840000,49.410000,34.035000,56.369999,22.530001,47.040001,3.573693,237.160004,107.157143,73.584618,22.514978,7.485000
2022-08-17,77.495003,431.721008,63.610001,29.436001,6.342000,149.520004,183.453461,135.409821,131.689819,7.090400,748.000000,53.830002,49.070000,33.654999,56.189999,21.825001,46.740002,3.553639,236.199997,106.206360,72.775116,22.251587,7.453000
2022-08-18,78.065002,435.110992,63.919998,29.483000,6.412000,149.520004,183.106750,136.568710,131.623901,7.136800,757.299988,54.250000,49.535000,34.005001,56.509998,22.540001,46.669998,3.590942,236.899994,106.056709,73.013199,22.381079,7.511000
2022-08-19,77.584999,433.119995,63.480000,29.291000,6.336000,149.520004,181.090515,137.182755,131.435486,7.090400,746.500000,54.540001,49.259998,33.794998,56.639999,22.049999,47.049999,3.546332,235.300003,105.202751,72.092598,22.181997,7.620000
2022-08-22,77.139999,430.510010,62.945000,29.405001,6.300000,149.520004,179.959198,137.442200,131.294205,7.059200,737.900024,54.810001,49.049999,33.700001,56.779999,21.615000,47.244999,3.562137,235.070007,104.454453,71.560883,22.117685,7.770000
2022-08-23,76.565002,426.235992,62.695000,29.489000,6.285000,149.520004,179.621643,136.577347,131.313049,7.017600,732.700012,54.680000,48.685001,33.590000,56.080002,21.580000,46.380001,3.575392,233.320007,104.604118,71.902130,21.745949,7.880000
2022-08-24,76.860001,428.350006,62.805000,29.600000,6.326000,149.520004,178.928253,136.166550,131.218842,7.044800,736.299988,54.799999,48.799999,33.560001,56.220001,21.495001,46.555000,3.535880,232.100006,104.516075,72.179901,21.846373,7.817000
2022-08-25,77.245003,429.949005,63.005001,29.903000,6.359000,149.520004,179.822372,136.106003,131.378967,7.081600,739.700012,55.070000,49.070000,33.724998,56.139999,21.975000,46.595001,3.554999,232.979996,105.061890,72.457680,21.904512,7.864000
2022-08-26,76.144997,424.096008,61.959999,29.730000,6.248000,149.520004,178.517700,137.096283,131.181168,6.985600,726.000000,54.650002,48.345001,33.279999,55.599998,21.415001,46.279999,3.577092,231.479996,104.260788,71.783096,21.697502,7.809000
2022-08-29,74.775002,415.610992,61.389999,29.420000,6.164000,149.520004,176.921097,137.096283,130.898560,6.868000,707.799988,54.110001,47.455002,32.924999,54.869999,20.625000,45.290001,3.546842,229.649994,103.521271,71.783096,21.456133,7.882000
2022-08-30,74.040001,410.450989,61.049999,29.065001,6.090000,149.520004,176.848099,137.334091,130.832626,6.796800,698.799988,53.240002,46.799999,32.689999,54.480000,20.184999,45.020000,3.551515,228.820007,103.248360,70.957733,21.310785,7.661000
2022-08-31,73.309998,407.398010,60.259998,28.990000,6.040000,149.520004,176.346329,137.757904,130.663055,6.756000,694.099976,52.759998,46.500000,32.375000,54.090000,19.944000,44.689999,3.536645,226.160004,102.878616,70.545044,21.062368,7.591000
2022-09-01,72.900002,405.947998,59.310001,28.934000,5.971000,149.520004,175.689453,137.424896,130.634781,6.712000,687.500000,52.590000,46.220001,32.169998,54.330002,19.351999,44.955002,3.478438,224.669998,102.764160,70.338707,20.900290,7.562000
2022-09-02,73.894997,411.967987,60.480000,28.917999,6.034000,149.520004,176.592651,137.450851,130.879730,6.790400,700.799988,52.980000,46.790001,32.509998,54.540001,19.903999,45.270000,3.459744,224.240005,103.626923,71.283112,21.094078,7.477000
2022-09-05,73.440002,408.306000,60.160000,28.962000,6.010000,149.520004,175.853668,138.155701,130.832626,6.756800,692.599976,53.029999,46.505001,32.369999,54.250000,19.695999,45.044998,3.498152,224.720001,102.931427,70.469650,21.028896,7.629000
2022-09-06,73.349998,408.821014,60.290001,28.624001,5.974000,149.520004,175.516098,136.784927,130.804367,6.740000,691.099976,52.799999,46.560001,32.224998,54.290001,19.600000,45.255001,3.449208,223.929993,102.993065,70.878357,21.078230,7.503000
2022-09-07,73.050003,407.931000,59.950001,28.546000,5.945000,149.520004,176.264221,137.943832,130.889130,6.709600,690.700012,52.279999,46.360001,31.934999,54.310001,19.472000,45.070000,3.449038,224.440002,103.160332,71.060905,21.086151,7.348000
2022-09-08,74.110001,414.415985,60.259998,28.594000,6.046000,149.520004,174.466888,137.865982,130.418167,6.797600,702.900024,52.770000,47.000000,32.290001,54.830002,19.874001,45.950001,3.454901,223.279999,102.720154,71.414055,21.261452,7.331000
2022-09-09,74.675003,416.080994,61.119999,28.777000,6.116000,149.520004,174.421295,136.655197,130.305099,6.850400,708.599976,53.090000,47.415001,32.615002,55.000000,20.209999,46.185001,3.419467,222.830002,102.949043,71.862473,21.294046,7.384000
2022-09-12,75.209999,418.360992,62.150002,28.983000,6.151000,149.520004,175.187668,135.370895,130.352203,6.892800,712.000000,53.480000,47.570000,32.865002,55.020000,20.065001,46.325001,3.383524,222.779999,103.354004,72.386253,21.353069,7.478000
2022-09-13,73.875000,410.273010,61.244999,28.635000,6.054000,149.520004,174.111115,135.963318,130.154388,6.777600,691.299988,52.959999,46.695000,32.435001,54.520000,19.410000,45.615002,3.372053,222.179993,102.491257,71.465652,21.020086,7.543000
2022-09-14,73.309998,406.566010,60.715000,28.576000,6.011000,149.520004,174.348297,135.811966,130.135544,6.729600,686.599976,52.830002,46.235001,32.160000,54.060001,19.284000,45.279999,3.417343,223.559998,102.676132,71.433899,20.696793,7.585000
2022-09-15,72.900002,404.250000,60.305000,28.402000,6.002000,149.520004,173.673172,135.971954,129.965988,6.692000,679.099976,52.389999,45.865002,32.084999,53.669998,18.993999,45.365002,3.407911,224.250000,102.227150,71.235207,20.634251,7.418000
2022-09-16,71.529999,396.218994,59.365002,27.912001,5.882000,149.520004,173.499847,137.018433,129.843536,6.572000,664.599976,51.700001,45.070000,31.730000,53.169998,18.728001,44.910000,3.378851,223.979996,102.059875,70.708916,20.327700,7.349000
2022-09-19,71.735001,398.431000,59.345001,27.891001,5.889000,149.520004,173.107529,137.018433,129.787003,6.587200,669.700012,51.730000,45.115002,31.785000,53.139999,18.974001,44.445000,3.393551,223.179993,101.936630,70.708916,20.369982,7.314000
2022-09-20,71.644997,398.204987,58.689999,28.039000,5.856000,149.520004,171.155121,135.686584,129.570358,6.588000,675.000000,51.639999,45.014999,31.615000,52.950001,18.997999,44.369999,3.356418,222.520004,101.161926,70.267647,20.069592,7.396000
2022-09-21,72.535004,404.115997,59.215000,28.038000,5.940000,149.520004,171.830261,136.793564,129.523270,6.654400,682.400024,52.380001,45.665001,31.879999,53.709999,19.408001,44.889999,3.407146,223.080002,101.470047,70.490295,20.320650,7.432000
2022-09-22,70.945000,394.303986,58.150002,27.791000,5.777000,149.520004,170.607712,136.114670,129.353729,6.518400,662.400024,51.849998,44.680000,31.570000,53.020000,18.582001,44.215000,3.387433,222.449997,100.739342,70.004501,19.830866,7.479000
2022-09-23,70.099998,391.151001,56.880001,27.468000,5.662000,149.520004,169.503769,139.716782,129.155884,6.447200,659.900024,51.029999,44.330002,31.004999,52.990002,18.384001,44.224998,3.411480,220.460007,100.413612,69.591560,19.741894,7.269000
2022-09-26,70.349998,393.675995,56.570000,27.421000,5.675000,149.520004,168.190002,140.659454,128.967499,6.461600,667.000000,51.040001,44.490002,30.910000,53.160000,18.562000,44.455002,3.461699,218.360001,99.938217,69.324371,19.424776,7.257000
2022-09-27,70.250000,393.304993,56.575001,27.412001,5.651000,149.520004,165.836182,139.539474,128.722565,6.444000,667.599976,51.080002,44.424999,30.805000,53.020000,18.584000,44.564999,3.344182,213.850006,99.189911,69.073372,19.176357,7.289000
2022-09-28,70.510002,394.117004,56.764999,27.209000,5.698000,149.520004,167.533127,141.757843,129.099396,6.458400,668.000000,51.250000,44.674999,30.844999,53.169998,18.552000,45.205002,3.414114,214.160004,99.550865,69.267700,19.223042,7.252000
2022-09-29,68.815002,383.839996,55.845001,26.403999,5.553000,149.520004,167.049591,138.449768,129.193558,6.304800,646.900024,50.369999,43.680000,30.200001,52.049999,17.818001,44.285000,3.350640,212.779999,99.225128,68.749512,18.707720,7.224000
2022-09-30,69.300003,385.906006,56.500000,26.552000,5.639000,149.520004,168.253876,137.230316,129.334869,6.340800,652.000000,50.480000,43.799999,30.285000,52.139999,17.968000,44.580002,3.348176,212.690002,99.823769,69.340569,18.966703,7.247000
2022-10-03,69.175003,384.006012,56.849998,26.621000,5.655000,149.520004,171.565674,136.819519,129.702255,6.341600,643.099976,50.759998,43.860001,30.514999,52.110001,18.054001,44.310001,3.364830,215.429993,100.730537,69.559181,19.153456,7.165000
2022-10-04,70.599998,391.000000,58.730000,27.139999,5.791000,149.520004,171.866760,135.059540,129.843536,6.484000,658.099976,51.470001,44.700001,31.139999,52.639999,18.667999,44.919998,3.296937,218.250000,101.355598,70.555077,19.208071,7.281000
2022-10-05,70.464996,390.931000,58.224998,27.205000,5.761000,149.520004,169.512894,135.656296,129.617462,6.480000,653.700012,51.790001,44.759998,31.080000,52.650002,18.674000,45.150002,3.295068,216.220001,100.413612,69.854721,18.854830,7.440000
2022-10-06,71.019997,395.614990,57.790001,27.421000,5.815000,149.520004,168.518478,136.080078,129.410233,6.525600,667.099976,51.950001,45.160000,31.125000,52.599998,19.136000,45.340000,3.298212,215.419998,100.052666,69.761597,18.950846,7.478000
2022-10-07,69.629997,386.546997,57.115002,27.016001,5.700000,149.520004,166.812363,136.266022,129.118210,6.400000,645.500000,51.669998,44.220001,30.745001,51.880001,18.134001,44.779999,3.280282,212.559998,99.392403,69.081482,18.623152,7.520000
2022-10-10,69.334999,384.627014,56.915001,26.802000,5.682000,149.520004,168.317749,135.963318,129.325424,6.366400,638.799988,51.360001,44.044998,30.639999,51.919998,17.388000,44.490002,3.239750,213.179993,98.855377,68.883095,18.584389,7.595000
2022-10-11,68.885002,382.346008,56.630001,26.430000,5.667000,149.520004,166.082504,136.067123,129.297165,6.325600,633.400024,51.349998,43.865002,30.545000,51.889999,16.990000,44.634998,3.258445,212.720001,98.899391,68.789986,18.485731,7.445000
2022-10-12,68.629997,381.912994,56.294998,26.319000,5.618000,149.520004,165.179276,136.170883,129.203003,6.306400,631.900024,51.299999,43.720001,30.389999,51.810001,16.886000,44.744999,3.265412,212.259995,98.573662,68.644249,18.461067,7.439000
2022-10-13,68.699997,381.609985,56.855000,26.077000,5.654000,149.520004,166.055130,132.979599,129.184143,6.316000,630.799988,51.459999,43.650002,30.635000,51.380001,17.218000,44.535000,3.229299,212.789993,98.696907,68.769745,18.317482,7.425000
2022-10-14,68.934998,383.556000,57.029999,26.145000,5.652000,149.520004,165.206665,133.567688,129.108780,6.324000,631.099976,51.470001,43.630001,30.650000,51.680000,16.794001,44.959999,3.203212,210.520004,98.503235,68.879051,18.454901,7.372000
2022-10-17,69.584999,386.341003,58.060001,26.483000,5.723000,149.520004,166.547806,132.028244,129.137039,6.388800,637.900024,51.730000,44.099998,30.865000,51.959999,16.851999,45.215000,3.203382,213.199997,99.066666,69.437729,18.764093,7.267000
2022-10-18,69.724998,388.178009,58.259998,26.271000,5.738000,149.520004,166.337967,132.612045,129.146454,6.386400,639.000000,51.599998,44.099998,30.700001,52.040001,16.632000,45.279999,3.136849,212.289993,99.040268,69.607765,18.761456,7.132000
2022-10-19,70.004997,390.365997,57.965000,26.125000,5.705000,149.520004,165.380020,132.521194,128.967499,6.403200,645.000000,52.020000,44.299999,30.844999,52.090000,17.056000,44.959999,3.138548,211.000000,98.696907,69.202934,18.508638,7.127000
2022-10-20,70.120003,390.319000,58.134998,26.381001,5.716000,149.520004,165.197540,131.492020,129.061691,6.428800,648.400024,52.139999,44.365002,30.990000,51.959999,17.535999,44.880001,3.089519,212.229996,98.714516,69.211029,18.539469,7.178000
2022-10-21,69.820000,389.079987,57.855000,26.306000,5.658000,149.520004,164.768753,131.699600,129.014587,6.394400,642.200012,52.310001,44.115002,31.014999,51.900002,17.406000,44.955002,3.013298,211.589996,98.547256,69.024803,18.355356,7.109000
2022-10-24,70.544998,394.625000,58.580002,25.392000,5.699000,149.520004,166.383575,130.895279,129.174744,6.436000,649.900024,52.830002,44.744999,31.309999,52.310001,17.612000,45.685001,2.977865,214.229996,99.013847,69.490349,18.345667,7.110000
2022-10-25,71.309998,397.523010,59.445000,25.419001,5.804000,149.520004,168.874268,130.410965,129.410233,6.496000,660.799988,52.900002,45.145000,31.525000,52.560001,17.976000,45.744999,3.021201,217.720001,99.823769,70.320274,18.757931,7.099000
2022-10-26,71.449997,397.662994,59.744999,25.684999,5.862000,149.520004,169.394287,129.563416,129.419617,6.510400,654.700012,53.240002,45.314999,31.655001,52.689999,17.865999,46.264999,3.033267,218.419998,100.017456,70.368858,18.843372,7.137000
2022-10-27,71.245003,395.756989,59.794998,25.757000,5.887000,149.520004,172.113098,130.648804,129.862366,6.508000,640.799988,53.459999,45.029999,31.760000,52.840000,17.756001,46.084999,3.099716,221.820007,100.756943,70.648178,19.004581,7.132000
2022-10-28,71.815002,400.817993,59.820000,25.393000,5.873000,149.520004,170.406998,130.121231,129.598618,6.540000,650.200012,53.900002,45.455002,31.965000,53.560001,18.016001,46.669998,3.090369,220.869995,100.219925,70.806068,19.117332,7.046000
2022-10-31,72.339996,404.286011,60.009998,25.593000,5.939000,149.520004,169.220932,130.648804,129.429047,6.596800,654.200012,54.310001,45.730000,32.134998,54.180000,18.021999,47.119999,3.089944,219.520004,99.744553,70.474121,19.325232,7.173000
2022-11-01,72.464996,403.934998,60.430000,26.184999,6.001000,149.520004,169.604126,130.990433,129.495010,6.616800,649.599976,54.599998,45.775002,32.424999,54.049999,18.174000,47.099998,3.114501,220.199997,100.123093,70.765594,19.450319,7.243000
2022-11-02,71.989998,400.256989,60.195000,26.146000,5.943000,149.520004,169.512894,131.180664,129.438492,6.583200,641.500000,54.570000,45.549999,32.410000,54.000000,18.112000,47.224998,3.130391,220.770004,100.193527,70.684631,19.281185,7.336000
2022-11-03,71.220001,395.533997,59.700001,26.381001,5.894000,149.520004,167.834198,133.122269,129.212387,6.523200,626.200012,54.430000,45.020000,32.110001,53.520000,17.656000,46.884998,3.118409,218.669998,99.700523,70.190727,19.035416,7.357000
2022-11-04,70.610001,388.809998,60.779999,26.830999,5.838000,149.520004,167.332413,131.768784,129.174744,6.482400,614.200012,53.740002,44.590000,32.134998,52.799999,17.780001,46.169998,3.033267,219.009995,100.202324,70.797989,18.935869,7.430000
2022-11-07,70.889999,390.993011,60.910000,26.797001,5.879000,149.520004,166.921875,129.507202,129.099396,6.523200,618.099976,54.070000,44.945000,32.334999,52.959999,18.073999,46.455002,2.988911,218.800003,99.814964,71.125908,18.921778,7.508000
2022-11-08,71.565002,394.742004,61.380001,26.834999,5.925000,149.520004,167.779434,128.923447,129.099396,6.584800,628.599976,54.169998,45.450001,32.525002,53.490002,18.700001,46.735001,2.979734,220.520004,100.096687,71.453812,19.087387,7.344000
2022-11-09,70.785004,389.914001,61.205002,26.643999,5.841000,149.520004,169.129730,131.193680,129.287750,6.512800,617.200012,53.799999,45.060001,32.220001,53.369999,18.274000,46.705002,2.997664,221.429993,100.299164,71.073273,19.048630,7.212000
2022-11-10,72.430000,398.020996,62.869999,26.917999,6.026000,149.520004,172.003601,130.960159,129.626892,6.653600,637.599976,53.959999,46.125000,32.775002,53.759998,19.250000,46.764999,3.054510,224.740005,101.927826,72.223015,19.720755,7.177000
2022-11-11,72.209999,395.575012,62.939999,27.094000,6.016000,149.520004,169.613251,129.455322,129.287750,6.638400,638.799988,53.099998,46.095001,32.580002,52.849998,19.638000,45.580002,3.005991,221.389999,101.443626,72.449730,19.538406,7.141000
2022-11-14,72.470001,397.945007,62.990002,27.163000,5.998000,149.520004,169.631516,129.762329,129.297165,6.652800,644.500000,53.540001,46.365002,32.799999,53.200001,20.035000,46.009998,2.988062,221.080002,101.373199,72.231117,19.346373,7.173000
2022-11-15,72.864998,399.657990,63.275002,27.714001,6.039000,149.520004,170.863174,128.776413,129.400787,6.702400,655.400024,53.419998,46.564999,32.889999,53.080002,20.510000,45.924999,3.025620,221.830002,101.663719,72.303986,19.346373,7.111000
2022-11-16,71.879997,394.131989,62.650002,27.063000,5.915000,149.520004,171.976212,129.632599,129.485596,6.604000,639.700012,53.139999,45.889999,32.415001,52.799999,19.742001,45.595001,3.058844,223.080002,101.866203,71.935577,19.119980,7.018000
2022-11-17,71.565002,392.075989,62.455002,27.184000,5.859000,149.520004,171.720642,130.371399,129.485596,6.577600,638.299988,53.000000,45.705002,32.299999,52.779999,19.742001,45.529999,3.084760,223.270004,101.637306,71.575279,19.027302,7.023000
2022-11-18,72.084999,395.179993,63.150002,27.040001,5.923000,149.520004,172.159134,128.564972,129.598618,6.624000,638.799988,53.540001,46.105000,32.685001,53.320000,19.799999,46.064999,3.062243,224.190002,101.963043,72.182533,19.169306,6.983000
2022-11-21,72.324997,397.481995,63.119999,26.898001,5.937000,149.520004,172.469696,130.222687,129.570358,6.640800,640.500000,53.599998,46.270000,32.750000,53.980000,19.736000,46.660000,3.116030,223.289993,102.130310,72.214920,19.332605,7.014000
2022-11-22,72.830002,400.006012,63.575001,26.931000,5.976000,149.520004,172.387497,129.470383,129.551514,6.683200,640.700012,54.410000,46.520000,33.165001,54.189999,19.952000,46.660000,3.128266,224.139999,102.368011,72.587364,19.432005,7.186000
2022-11-23,73.105003,401.035004,63.919998,26.917000,6.006000,149.520004,173.337524,127.786438,129.589203,6.707200,647.299988,54.250000,46.730000,33.195000,54.200001,20.330000,46.645000,3.139568,225.699997,102.702553,72.984108,19.299767,7.089000
2022-11-24,73.224998,400.915009,64.175003,27.122999,6.021000,149.520004,174.570770,128.040115,129.692810,6.722400,648.500000,54.320000,46.755001,33.314999,54.180000,20.379999,46.625000,3.159451,227.250000,102.746559,73.291779,19.432894,7.051000
2022-11-25,73.125000,400.204010,64.224998,26.746000,6.022000,149.520004,172.588440,127.786438,129.542114,6.704800,641.599976,54.459999,46.700001,33.369999,54.290001,20.080000,46.915001,3.131920,225.619995,102.561684,72.959824,19.411592,7.071000
2022-11-28,72.570000,397.109985,63.889999,26.882000,5.960000,149.520004,172.314407,128.652451,129.523270,6.664000,637.500000,54.119999,46.415001,33.075001,54.169998,19.732000,46.810001,3.150699,225.229996,102.517670,72.700722,19.275805,6.916000
2022-11-29,72.139999,393.963989,63.759998,27.341999,5.939000,149.520004,173.374069,128.914902,129.711639,6.641600,629.200012,54.009998,46.169998,33.115002,53.759998,19.462000,46.580002,3.155203,226.479996,102.790573,72.838356,19.268705,7.038000
2022-11-30,72.574997,396.338989,64.345001,27.965000,5.962000,149.520004,172.880768,128.757431,129.645737,6.700000,634.099976,54.320000,46.580002,33.235001,54.130001,19.674000,46.865002,3.135914,227.259995,102.825790,72.959824,19.300652,7.101000
2022-12-01,73.324997,400.700989,64.839996,27.667000,6.019000,149.520004,174.899658,127.493408,129.928299,6.748000,648.900024,54.160000,47.060001,33.345001,54.320000,20.245001,47.224998,3.154863,231.050003,103.758972,73.599457,19.392956,7.022000
2022-12-02,73.010002,398.950989,64.730003,27.681000,6.008000,149.520004,174.269318,127.445290,129.768173,6.719200,643.000000,54.009998,46.825001,33.130001,54.060001,19.893999,47.185001,3.196329,230.850006,103.618111,73.478004,19.301544,6.942000
2022-12-05,72.370003,395.566010,64.385002,27.511999,5.915000,149.520004,174.168839,128.175705,129.787003,6.665600,639.500000,53.610001,46.470001,32.895000,53.720001,19.926001,46.980000,3.202023,230.100006,103.653336,73.332268,19.186167,6.771000
2022-12-06,71.360001,388.954010,64.120003,27.471001,5.838000,149.520004,175.219360,127.768921,129.928299,6.585600,625.400024,53.049999,45.915001,32.654999,53.330002,19.504000,46.509998,3.224880,230.779999,103.732559,73.178436,19.023754,6.646000
2022-12-07,70.974998,386.954010,63.680000,27.187000,5.818000,149.520004,175.676086,129.352295,130.003662,6.544800,619.599976,52.880001,45.654999,32.590000,53.369999,19.284000,46.709999,3.291584,231.080002,103.935043,72.862656,19.029078,6.610000
2022-12-08,71.150002,387.977997,63.549999,27.417000,5.821000,149.520004,174.790009,128.840561,129.928299,6.559200,623.900024,52.849998,45.750000,32.580002,53.380001,19.604000,46.950001,3.293453,230.380005,103.723770,72.846451,19.114279,6.663000
2022-12-09,71.480003,389.294006,64.065002,27.531000,5.835000,149.520004,173.456299,127.296585,129.768173,6.592800,628.099976,52.730000,45.915001,32.834999,53.470001,19.889999,47.035000,3.243404,228.440002,103.327599,73.105545,19.163979,6.734000
2022-12-12,71.175003,387.882996,63.849998,27.052999,5.816000,149.520004,173.173111,127.384048,129.673981,6.552000,622.900024,52.529999,45.680000,32.615002,53.279999,19.587999,46.900002,3.229723,228.899994,103.230743,72.870743,19.010439,6.800000
2022-12-13,72.199997,392.916992,64.455002,27.341000,5.872000,149.520004,173.730331,127.331566,129.805862,6.647200,636.799988,52.750000,46.480000,33.020000,53.590000,20.309999,47.119999,3.238476,228.020004,103.565292,73.704712,19.270479,6.864000
2022-12-14,72.050003,392.808990,64.570000,27.208000,5.873000,149.520004,173.090866,126.942299,129.683395,6.629600,634.700012,52.689999,46.430000,32.965000,53.619999,20.129999,47.305000,3.206781,227.000000,103.706161,73.510399,19.392956,6.816000
2022-12-15,69.565002,379.000000,62.715000,26.617001,5.692000,149.520004,169.948410,129.151093,129.268906,6.411200,606.700012,51.459999,44.840000,32.070000,52.299999,19.098000,46.200001,3.251613,222.770004,102.517670,72.384949,18.903936,6.720000
2022-12-16,69.004997,374.893005,61.990002,26.806999,5.649000,149.520004,168.779129,129.601593,129.137039,6.369600,601.400024,51.290001,44.500000,31.820000,51.990002,18.848000,45.654999,3.233934,220.179993,101.936630,71.955818,18.587984,6.709000
2022-12-19,68.735001,373.088013,62.125000,26.775000,5.629000,149.520004,168.404617,128.473145,129.099396,6.348800,593.900024,51.459999,44.279999,31.785000,51.990002,18.681999,45.485001,3.163042,219.149994,101.857399,71.939621,18.489473,6.669000
2022-12-20,68.474998,371.105011,61.849998,26.749001,5.623000,149.520004,167.006943,128.035767,128.986313,6.329600,588.000000,51.610001,44.060001,31.910000,51.810001,18.524000,45.345001,3.108795,217.580002,101.452438,71.939621,18.296883,6.669000
2022-12-21,69.739998,378.181000,62.849998,26.914000,5.718000,149.520004,167.171371,128.442535,128.995758,6.434400,601.900024,52.250000,44.939999,32.314999,52.520000,18.955999,46.095001,3.111641,218.039993,101.830994,72.749306,18.627926,6.749000
2022-12-22,68.654999,371.980988,62.259998,26.790001,5.628000,149.520004,166.467972,129.347916,128.986313,6.348800,584.099976,51.939999,44.259998,32.000000,52.160000,18.122000,45.849998,3.124491,218.300003,101.514061,72.692627,18.401609,6.718000
2022-12-23,68.820000,372.700012,62.345001,26.652000,5.649000,149.520004,166.075180,128.599976,128.892136,6.360800,584.200012,52.070000,44.355000,32.095001,52.230000,18.118000,45.814999,3.084734,218.169998,101.470047,72.814072,18.437109,6.721000
2022-12-27,68.830002,372.927002,62.509998,26.895000,5.648000,149.520004,164.659225,128.599976,128.797928,6.367200,580.000000,52.150002,44.349998,32.064999,52.250000,17.916000,45.654999,3.013583,216.300003,101.082680,72.814072,18.445984,6.749000
2022-12-28,68.455002,370.571014,62.369999,26.767000,5.615000,149.520004,164.440002,127.252846,128.816772,6.331200,573.599976,51.930000,44.139999,31.950001,52.189999,17.691999,45.654999,2.988659,216.250000,101.029861,72.433525,18.459297,6.697000
2022-12-29,68.959999,372.941986,62.810001,27.065001,5.670000,149.520004,165.061172,127.366547,128.920380,6.378400,581.900024,51.919998,44.439999,32.084999,52.250000,18.114000,45.880001,3.004787,218.050003,101.575676,72.676437,18.515211,6.663000
2022-12-30,68.285004,369.196991,62.049999,26.631001,5.637000,149.520004,163.955811,127.484650,128.816772,6.330400,574.500000,51.650002,44.115002,31.889999,52.040001,17.854000,45.590000,2.997974,215.889999,101.100281,72.587364,18.464622,6.668000
2023-01-02,69.860001,379.618011,63.029999,26.837000,5.748000,149.520004,165.481384,127.484650,128.863876,6.448000,592.599976,52.650002,44.980000,32.509998,52.730000,18.521999,46.250000,3.018241,218.639999,101.795784,72.587364,18.853350,6.700000
2023-01-03,69.165001,373.828003,63.520000,27.254999,5.709000,149.520004,166.513641,128.766190,128.826187,6.408000,581.599976,51.869999,44.505001,32.474998,52.450001,18.101999,45.910000,3.066364,219.399994,101.602097,73.081261,18.684721,6.649000
2023-01-04,69.790001,376.753998,64.360001,27.681000,5.763000,149.520004,168.304123,128.984879,129.080536,6.478400,583.700012,51.470001,44.845001,32.750000,52.840000,18.540001,46.130001,3.093358,220.259995,102.209541,73.486099,18.964289,6.501000
2023-01-05,69.389999,374.328003,64.285004,27.812000,5.731000,149.520004,167.682953,130.227051,128.967499,6.452800,580.799988,51.490002,44.619999,32.660000,52.590000,18.516001,45.779999,3.117161,219.000000,101.927826,73.121750,18.688272,6.486000
2023-01-06,70.055000,377.787994,65.000000,28.065001,5.798000,149.520004,169.025787,130.297028,129.146454,6.511200,583.900024,52.150002,45.119999,33.084999,53.070000,18.691999,45.884998,3.147605,219.850006,102.508865,73.652084,18.777912,6.474000
2023-01-09,70.470001,380.000000,65.535004,28.282000,5.821000,149.520004,169.318115,129.374130,129.089935,6.549600,596.000000,51.660000,45.355000,33.105000,52.820000,19.525999,45.439999,3.126044,219.470001,102.544083,73.809990,18.807199,6.467000
2023-01-10,69.724998,375.769989,65.235001,28.188999,5.782000,149.520004,168.203629,128.704971,129.061691,6.482400,587.700012,50.990002,44.799999,32.730000,52.200001,19.143999,45.095001,3.080335,218.279999,102.033463,73.554932,18.603073,6.432000
2023-01-11,70.345001,379.256012,65.419998,28.292999,5.843000,149.520004,169.966690,129.640961,129.155884,6.535200,594.599976,51.200001,45.205002,32.880001,52.279999,19.334000,44.985001,3.113712,220.360001,102.711334,73.793770,19.029964,6.450000
2023-01-12,70.544998,379.933014,65.794998,28.296000,5.880000,149.520004,170.971558,129.947144,129.297165,6.567200,597.000000,51.380001,45.369999,33.150002,52.240002,19.601999,44.884998,3.123888,221.580002,103.015793,74.214821,19.191490,6.498000
2023-01-13,70.775002,380.057007,66.160004,28.417000,5.928000,149.520004,171.108582,130.047729,129.297165,6.590400,598.200012,51.610001,45.435001,33.244999,52.320000,19.690001,45.259998,3.159938,221.240005,103.051392,74.113609,19.214565,6.536000
2023-01-16,71.135002,382.287994,66.410004,28.320999,5.957000,149.520004,170.825409,129.260437,129.334869,6.612800,604.000000,51.580002,45.634998,33.275002,52.450001,19.770000,45.435001,3.120266,220.399994,103.095879,74.198616,19.343256,6.546000
2023-01-17,71.334999,382.760010,66.699997,28.438999,5.970000,149.520004,172.250458,128.766190,129.513855,6.632000,605.900024,51.810001,45.775002,33.360001,52.639999,19.959999,45.424999,3.141051,222.119995,103.834496,74.482002,19.389404,6.590000
2023-01-18,70.930000,379.125000,66.889999,28.309999,5.957000,149.520004,173.556763,128.875534,129.589203,6.594400,602.799988,51.520000,45.470001,33.240002,52.070000,19.974001,45.060001,3.172529,223.729996,104.021385,74.619652,19.252731,6.595000
2023-01-19,69.875000,373.053009,65.879997,28.385000,5.847000,149.520004,172.880768,129.207947,129.466751,6.509600,591.900024,50.919998,44.790001,32.814999,51.630001,19.388000,44.834999,3.192278,222.570007,103.531929,74.166229,19.161318,6.579000
2023-01-20,70.379997,375.841003,66.114998,28.645000,5.900000,149.520004,171.190781,127.930779,129.344269,6.554400,599.599976,51.139999,45.070000,32.970001,51.509998,19.540001,44.685001,3.129666,220.500000,103.202667,74.214821,19.105406,6.581000
2023-01-23,71.434998,383.382996,66.480003,28.959000,5.974000,149.520004,170.514801,127.808304,129.297165,6.648000,618.700012,51.330002,45.744999,33.279999,51.770000,20.559999,44.980000,3.107502,220.210007,103.175980,74.360558,19.377867,6.546000
2023-01-24,71.285004,382.160004,66.330002,28.870001,5.978000,149.520004,171.501389,128.696198,129.381973,6.638400,618.099976,51.070000,45.650002,33.285000,51.669998,20.635000,44.500000,3.136221,221.960007,103.434044,74.441521,19.416920,6.547000
2023-01-25,70.720001,377.889008,66.129997,28.732000,5.928000,149.520004,171.154266,128.372543,129.410233,6.589600,608.400024,51.070000,45.279999,33.209999,51.570000,20.330000,44.334999,3.125957,221.149994,103.558632,74.328171,19.350357,6.533000
2023-01-26,71.565002,383.372986,66.434998,29.115999,5.981000,149.520004,170.469131,128.101379,129.400787,6.667200,621.000000,51.540001,45.715000,33.450001,51.770000,20.680000,44.505001,3.132858,220.279999,103.478531,74.482002,19.510994,6.556000
2023-01-27,72.224998,387.856995,66.500000,29.073000,6.031000,149.520004,169.948410,127.655220,129.287750,6.710400,633.599976,51.619999,46.080002,33.660000,51.790001,20.834999,44.505001,3.138722,220.169998,103.416245,74.498199,19.684950,6.548000
2023-01-30,71.855003,385.319000,66.470001,28.684000,6.016000,149.520004,168.687805,127.502136,129.184143,6.673600,626.900024,51.279999,45.799999,33.549999,51.770000,20.545000,44.334999,3.123629,219.300003,102.926796,74.190529,19.738197,6.508000
2023-01-31,71.790001,385.415009,66.275002,28.469999,6.041000,149.520004,169.107971,128.460022,129.240662,6.664800,628.099976,51.200001,45.790001,33.509998,51.720001,20.530001,44.180000,3.127079,219.820007,103.024681,74.311981,19.677849,6.522000
2023-02-01,71.745003,385.648010,66.184998,28.541000,6.051000,149.520004,169.144547,128.805542,129.240662,6.661600,627.200012,50.889999,45.669998,33.540001,51.669998,20.895000,44.139999,3.128976,219.169998,103.140381,74.482002,19.621044,6.424000
2023-02-02,73.440002,396.597992,67.084999,28.632000,6.226000,149.520004,173.109161,130.598846,129.626892,6.800000,663.500000,50.220001,46.945000,33.915001,51.860001,21.850000,44.025002,3.197453,223.869995,104.893486,75.421219,20.351463,6.379000
2023-02-03,73.820000,399.544006,67.305000,28.525999,6.237000,149.520004,171.273010,130.646942,129.523270,6.836800,671.200012,50.650002,47.310001,33.919998,51.889999,22.155001,44.619999,3.141999,221.820007,104.208260,75.348358,20.096748,6.303000
2023-02-06,73.440002,397.589996,66.849998,28.211000,6.188000,149.520004,170.021515,130.541977,129.391388,6.789600,661.000000,50.820000,47.070000,33.744999,52.090000,21.815001,44.705002,3.166492,220.919998,103.709915,74.915184,20.069239,6.312000
2023-02-07,73.599998,397.894989,66.919998,28.299000,6.169000,149.520004,169.509933,130.436996,129.363129,6.805600,665.299988,51.080002,47.169998,33.935001,52.139999,21.844999,44.660000,3.164939,220.690002,103.478531,74.741096,19.968948,6.419000
2023-02-08,73.500000,397.579010,67.154999,28.205999,6.167000,149.520004,168.724335,129.404755,129.221817,6.796800,661.099976,51.230000,47.025002,33.935001,52.049999,21.889999,44.930000,3.118713,220.250000,103.238266,74.822075,19.998240,6.398000
2023-02-09,73.610001,397.584991,67.580002,28.437000,6.161000,149.520004,169.738327,129.120483,129.259506,6.812000,661.500000,51.439999,47.005001,34.110001,51.970001,22.090000,44.855000,3.166751,221.380005,103.336151,75.016396,19.912146,6.390000
2023-02-10,73.235001,395.944000,66.940002,28.292999,6.118000,149.520004,168.733475,128.866791,129.099396,6.780000,653.599976,52.029999,46.744999,34.049999,52.209999,21.510000,44.924999,3.104311,220.660004,103.006889,74.441521,19.838488,6.462000
2023-02-13,73.745003,398.899994,67.599998,28.365999,6.140000,149.520004,168.861343,128.180099,129.118210,6.816000,661.000000,52.099998,47.095001,34.084999,52.340000,21.709999,45.055000,3.101465,220.699997,102.891197,74.652039,19.878424,6.445000
2023-02-14,73.415001,396.438995,67.730003,28.202000,6.129000,149.520004,168.130554,127.309700,128.995758,6.782400,660.599976,51.970001,46.904999,34.099998,52.060001,21.834999,44.855000,3.083440,220.139999,102.606430,74.700623,19.773699,6.437000
2023-02-15,74.055000,400.648987,67.964996,28.100000,6.186000,149.520004,167.153107,128.661209,128.873291,6.831200,669.000000,51.980000,47.230000,34.235001,52.230000,22.049999,44.985001,3.088787,219.419998,102.535240,74.724907,19.779909,6.403000
2023-02-16,73.985001,400.010010,68.144997,28.267000,6.204000,149.520004,166.988678,128.486252,128.863876,6.831200,671.099976,51.880001,47.099998,34.360001,52.150002,21.990000,44.680000,3.061017,220.039993,102.597534,74.830177,19.789911,6.411000
2023-02-17,73.095001,393.933990,67.995003,27.924999,6.153000,149.520004,166.879044,128.398788,128.948654,6.756800,653.000000,51.560001,46.584999,34.220001,52.220001,21.370001,44.755001,3.046011,219.660004,102.615334,74.579163,19.625475,6.359000
2023-02-20,73.239998,394.502014,68.050003,28.184999,6.154000,149.520004,167.509384,128.136368,128.920380,6.768000,655.900024,51.509998,46.700001,34.270000,52.279999,21.379999,44.775002,3.054376,219.929993,102.508537,74.498199,19.641562,6.394000
2023-02-21,72.529999,390.108002,67.889999,27.778999,6.077000,149.520004,166.102570,126.439308,128.731995,6.702400,645.599976,51.400002,46.220001,34.084999,52.130001,21.090000,44.660000,3.030056,218.470001,101.921196,74.036674,19.451220,6.392000
2023-02-22,72.470001,390.385986,67.680000,27.650000,6.074000,149.520004,166.075180,127.104126,128.779099,6.687200,644.700012,51.320000,46.165001,33.924999,52.189999,20.870001,44.615002,3.049978,218.990005,102.090286,74.036674,19.483385,6.381000
2023-02-23,72.455002,390.148010,67.720001,27.794001,6.077000,149.520004,166.093445,127.637733,128.910980,6.694400,646.500000,51.439999,46.180000,33.950001,51.950001,21.299999,44.555000,3.085941,220.630005,102.348343,74.303879,19.452999,6.366000
2023-02-24,72.099998,388.871002,66.940002,27.327999,6.067000,149.520004,166.349243,127.825813,128.609528,6.656800,642.799988,51.340000,45.935001,33.755001,51.750000,21.184999,44.345001,3.068002,219.839996,101.680923,73.874756,19.382406,6.386000
2023-02-27,72.500000,390.308014,67.690002,27.403000,6.112000,149.520004,165.764572,127.239693,128.637802,6.692800,646.799988,51.439999,46.154999,33.985001,51.820000,21.375000,44.205002,3.053687,219.399994,101.636421,74.230995,19.419044,6.357000
2023-02-28,72.254997,389.550995,67.415001,27.282000,6.117000,149.520004,165.033783,126.369324,128.590683,6.668800,645.799988,51.020000,46.044998,33.845001,51.459999,21.295000,43.665001,3.047304,219.419998,101.316055,73.971909,19.503048,6.365000
2023-03-01,71.485001,383.785004,66.980003,27.577000,6.053000,149.520004,164.239014,126.749840,128.364624,6.611200,634.799988,50.759998,45.595001,33.689999,50.840000,21.135000,43.275002,3.014619,218.850006,100.817711,73.769485,18.881962,6.360000
2023-03-02,71.839996,385.697998,67.334999,27.825001,6.075000,149.520004,163.700058,126.745445,128.374023,6.649600,636.099976,51.240002,45.855000,33.790001,51.270000,21.055000,43.634998,2.997715,219.559998,100.960091,73.882858,19.089285,6.444000
2023-03-03,73.025002,392.877014,68.010002,28.030001,6.157000,149.520004,164.074570,127.121635,128.411728,6.751200,652.500000,51.619999,46.564999,34.314999,51.639999,21.500000,44.025002,3.057739,220.929993,101.075783,74.263390,19.385981,6.481000
2023-03-06,73.309998,395.153992,67.955002,27.973000,6.134000,149.520004,163.782272,126.894180,128.317505,6.771200,662.099976,51.549999,46.724998,34.345001,51.610001,21.855000,43.980000,3.053169,219.630005,101.102486,74.603455,19.420832,6.414000
2023-03-07,72.879997,393.096985,67.419998,27.792999,6.094000,149.520004,164.120270,128.831787,128.279831,6.732000,656.000000,51.570000,46.544998,34.174999,51.619999,21.525000,43.855000,3.090081,218.350006,101.120277,74.405075,19.209929,6.393000
2023-03-08,72.785004,392.040985,67.440002,27.819000,6.085000,149.520004,165.207352,129.124863,128.336365,6.719200,654.500000,51.340000,46.389999,34.264999,51.619999,21.820000,43.575001,3.108623,217.619995,101.173683,74.344368,19.268021,6.363000
2023-03-09,72.769997,392.042999,67.394997,27.444000,6.052000,149.520004,164.933289,128.188828,128.468246,6.709600,659.500000,51.349998,46.410000,34.215000,51.639999,22.135000,43.584999,3.075851,218.240005,101.351646,74.376747,19.089285,6.324000
2023-03-10,71.224998,381.970001,66.385002,27.125000,5.896000,149.520004,166.687225,128.901779,128.750824,6.572800,642.799988,50.580002,45.505001,33.575001,50.919998,21.594999,42.965000,3.138377,219.460007,101.618629,74.044785,18.572760,6.258000
2023-03-13,69.550003,375.450012,64.949997,26.722000,5.684000,149.520004,169.409454,130.367020,129.608017,6.418400,633.700012,49.299999,44.465000,32.500000,50.439999,20.969999,42.750000,3.186673,221.350006,102.179276,73.567070,18.192955,6.258000
2023-03-14,70.580002,380.239014,65.980003,26.752001,5.784000,149.520004,167.207916,128.949905,129.165298,6.501600,645.799988,49.615002,45.130001,32.755001,50.689999,21.620001,42.910000,3.130011,220.119995,101.645325,73.720901,18.515562,6.243000
2023-03-15,69.949997,379.024994,63.994999,26.517000,5.670000,149.520004,171.282150,132.886368,129.909470,6.432800,651.700012,48.830002,44.865002,32.169998,51.080002,21.410000,43.220001,3.263170,223.119995,102.072464,72.822174,18.468195,6.183000
2023-03-16,70.910004,384.386993,64.955002,26.827000,5.722000,149.520004,170.103745,130.493851,129.852966,6.510400,668.200012,48.955002,45.455002,32.404999,51.240002,22.190001,43.445000,3.198316,221.039993,101.680923,73.313026,18.356495,6.172000
2023-03-17,70.345001,381.807007,64.080002,26.643000,5.641000,149.520004,171.373505,130.874390,129.984833,6.460800,665.599976,48.525002,45.264999,32.075001,50.959999,22.370001,43.145000,3.215219,220.880005,101.769913,73.096863,18.021376,6.147000
2023-03-20,70.349998,380.575989,64.644997,26.559999,5.652000,149.520004,172.149979,129.579758,130.258011,6.463200,661.200012,48.919998,45.299999,32.230000,51.130001,22.240000,43.195000,3.183396,221.320007,102.116974,73.238205,18.001713,6.098000
2023-03-21,70.940002,383.799011,65.635002,26.612000,5.711000,149.520004,169.939285,129.413528,129.881210,6.512000,664.700012,49.235001,45.480000,32.459999,50.849998,22.219999,43.220001,3.124406,220.570007,102.517441,74.077927,17.934687,6.065000
2023-03-22,71.055000,384.770996,65.730003,26.834999,5.677000,149.520004,168.724335,128.862411,129.608017,6.524800,671.900024,49.279999,45.610001,32.439999,50.919998,22.500000,43.314999,3.132340,220.630005,102.241570,74.219261,17.663912,6.100000
2023-03-23,70.489998,380.763000,65.599998,27.084999,5.617000,149.520004,171.072037,129.535995,129.975418,6.483200,670.900024,48.680000,45.314999,32.160000,50.570000,22.740000,42.840000,3.102931,223.070007,102.553024,74.210945,17.401182,6.042000
2023-03-24,70.300003,379.372986,64.815002,27.020000,5.592000,149.520004,172.396637,131.254898,130.154388,6.464000,668.000000,48.799999,45.314999,31.985001,51.070000,22.355000,43.235001,3.181153,223.039993,102.606430,73.853447,17.403858,6.120000
2023-03-27,70.839996,383.377991,65.459999,26.846001,5.640000,149.520004,170.916733,129.553482,130.022507,6.504000,670.299988,49.275002,45.544998,32.305000,51.459999,22.270000,43.730000,3.133633,222.320007,102.303864,73.994781,17.648724,6.124000
2023-03-28,70.495003,380.434998,65.389999,27.055000,5.645000,149.520004,170.058044,128.241348,129.843536,6.486400,659.299988,49.500000,45.250000,32.305000,51.330002,21.760000,43.490002,3.089304,221.520004,102.152573,74.061295,17.494120,6.168000
2023-03-29,71.199997,384.179993,66.305000,27.240999,5.688000,149.520004,169.729187,128.385651,129.777603,6.549600,669.599976,49.695000,45.705002,32.634998,51.590000,22.375000,43.380001,3.084993,221.649994,102.330559,74.510254,17.715742,6.159000
2023-03-30,71.570000,385.652008,66.875000,27.318001,5.726000,149.520004,169.007507,127.773315,129.664566,6.583200,675.900024,49.674999,45.865002,32.845001,51.529999,22.830000,43.380001,3.079473,221.910004,102.197060,74.535194,17.929327,6.128000
2023-03-31,72.364998,389.898010,67.470001,27.423000,5.802000,149.520004,169.930145,128.232574,129.711639,6.656000,683.700012,50.130001,46.360001,33.125000,52.009998,22.900000,43.915001,3.116730,222.470001,102.695419,74.925957,18.101803,6.202000
2023-04-03,72.544998,391.760010,67.364998,27.330000,5.787000,149.520004,170.688385,129.234192,129.739914,6.664800,682.000000,50.930000,46.509998,33.299999,52.209999,22.715000,44.174999,3.161921,224.000000,103.069183,74.859444,18.274273,6.270000
2023-04-04,72.129997,388.910004,67.254997,27.181000,5.714000,149.520004,169.500839,128.731216,129.890625,6.625600,680.200012,50.439999,46.200001,33.040001,51.980000,22.545000,44.145000,3.157781,223.500000,102.989082,74.535194,18.042820,6.213000
2023-04-05,71.970001,388.552002,67.309998,27.084999,5.667000,149.520004,171.473984,129.710953,130.050766,6.606400,672.599976,50.810001,46.165001,32.970001,52.470001,21.975000,44.855000,3.179515,223.789993,103.282753,74.252510,18.054434,6.266000
2023-04-06,72.029999,388.571014,67.705002,27.162001,5.668000,149.520004,171.921585,130.152710,130.107300,6.613600,674.400024,50.930000,46.185001,33.055000,52.560001,21.995001,45.064999,3.199351,223.940002,103.451843,74.543510,18.003502,6.233000
2023-04-11,72.525002,391.424011,68.029999,27.502001,5.745000,149.520004,169.738327,128.595627,129.758759,6.658400,676.000000,51.320000,46.584999,33.380001,52.709999,22.260000,45.270000,3.150278,222.389999,102.917892,74.643272,18.215292,6.279000
2023-04-12,72.220001,388.648010,68.160004,27.191999,5.727000,149.520004,168.861343,128.704971,129.617462,6.630400,668.400024,51.220001,46.360001,33.244999,52.590000,21.834999,45.209999,3.129666,222.050003,102.722115,74.647430,18.191168,6.272000
2023-04-13,72.099998,386.987000,68.464996,27.278999,5.719000,149.520004,168.916183,127.996384,129.655121,6.619200,669.599976,51.049999,46.240002,33.154999,52.320000,21.660000,45.240002,3.097756,222.020004,102.873390,74.917648,17.848902,6.262000
2023-04-14,72.644997,390.385986,68.934998,27.275000,5.742000,149.520004,168.130554,128.027008,129.419617,6.660800,675.000000,51.290001,46.605000,33.360001,52.560001,21.770000,45.299999,3.071366,221.130005,102.739922,74.876068,17.925751,6.275000
2023-04-17,72.964996,393.010010,68.845001,27.486000,5.785000,149.520004,167.445450,127.952675,129.504410,6.698400,678.900024,51.500000,46.744999,33.494999,52.900002,21.705000,45.520000,3.060154,221.270004,102.659836,74.759659,18.155420,6.324000
2023-04-18,73.084999,392.722992,69.135002,27.473000,5.787000,149.520004,167.746887,127.567764,129.551514,6.706400,678.000000,51.459999,46.820000,33.555000,52.799999,21.900000,45.205002,3.054462,221.039993,102.713211,74.876068,18.157207,6.359000
2023-04-19,72.989998,392.671997,69.074997,27.191999,5.762000,149.520004,167.217056,126.784836,129.344269,6.687200,677.200012,51.250000,46.680000,33.400002,52.720001,21.584999,45.195000,3.035834,220.800003,102.455147,74.593391,18.109846,6.316000
2023-04-20,72.750000,391.248993,68.989998,27.194000,5.758000,149.520004,168.075760,127.659599,129.485596,6.669600,674.400024,51.060001,46.715000,33.189999,52.669998,21.725000,45.049999,3.078266,221.380005,102.739922,74.535194,18.107162,6.212000
2023-04-21,72.724998,390.634003,69.235001,26.830999,5.749000,149.520004,167.381470,127.729576,129.438492,6.648800,672.099976,51.049999,46.625000,33.060001,52.779999,21.490000,45.325001,3.060672,220.800003,102.437340,74.510254,18.051758,6.169000
2023-04-24,72.400002,388.847992,69.315002,26.636000,5.728000,149.520004,167.262726,127.939522,129.391388,6.620800,666.599976,51.110001,46.435001,32.980000,52.689999,21.245001,45.445000,3.072832,221.039993,102.419540,74.551826,17.937370,6.179000
2023-04-25,72.269997,388.600006,69.165001,26.353001,5.695000,149.520004,168.797424,129.361023,129.570358,6.603200,665.900024,51.150002,46.360001,32.889999,52.900002,20.930000,45.555000,3.126044,222.259995,102.775505,74.427109,17.974010,6.097000
2023-04-26,71.550003,384.078003,68.495003,26.388000,5.626000,149.520004,168.770020,128.669937,129.692810,6.536000,663.900024,50.349998,45.799999,32.634998,52.150002,20.799999,44.435001,3.098446,221.800003,102.650932,74.210945,17.913246,6.062000
2023-04-27,71.925003,386.378998,68.699997,26.624001,5.631000,149.520004,168.176224,127.642113,129.542114,6.578400,673.000000,50.349998,46.165001,32.735001,52.310001,20.695000,44.325001,3.059637,220.649994,102.383957,74.447891,17.968647,6.018000
2023-04-28,72.555000,390.600006,69.099998,26.785000,5.712000,149.520004,169.729187,127.427773,129.871780,6.632000,676.099976,50.779999,46.625000,32.950001,52.660000,21.055000,44.814999,3.097584,222.740005,103.158165,74.834496,18.284107,6.046000
2023-05-02,71.849998,387.459991,68.370003,26.555000,5.612000,149.520004,170.414307,128.853668,129.956589,6.568800,676.000000,49.959999,46.209999,32.500000,52.540001,21.184999,44.889999,3.092927,222.649994,103.300560,74.601707,17.910557,6.001000
2023-05-03,71.949997,387.354004,68.629997,26.478001,5.649000,149.520004,170.377762,128.495010,129.928299,6.575200,674.000000,49.884998,46.259998,32.535000,52.619999,20.915001,45.060001,3.106898,222.160004,103.184860,74.693153,17.999031,5.893000
2023-05-04,71.489998,383.769989,68.330002,26.715000,5.596000,149.520004,171.282150,129.041748,130.182648,6.540000,671.799988,49.514999,45.884998,32.349998,52.459999,20.895000,44.764999,3.111987,222.520004,103.540825,74.626648,18.002609,5.931000
2023-05-05,72.394997,388.862000,69.139999,26.957001,5.695000,149.520004,170.067169,127.034142,130.135544,6.625600,680.700012,50.250000,46.400002,32.889999,52.770000,21.250000,45.080002,3.055842,222.009995,103.273849,74.809563,18.284107,6.000000
2023-05-08,72.625000,389.631989,69.474998,27.040001,5.702000,149.520004,169.738327,127.034142,130.041351,6.647200,682.700012,50.459999,46.535000,32.939999,52.840000,21.415001,45.150002,3.035834,222.100006,103.211578,74.809563,18.317173,6.050000
2023-05-09,72.879997,391.345001,69.180000,27.007000,5.719000,149.520004,169.491684,126.588013,129.994263,6.672000,685.900024,50.709999,46.689999,33.099998,53.139999,21.299999,45.255001,3.043251,222.050003,103.015793,74.709793,18.219763,6.022000
2023-05-10,72.785004,391.011993,68.845001,26.983000,5.721000,149.520004,169.939285,127.261581,130.116714,6.661600,689.099976,50.480000,46.605000,32.965000,52.939999,21.559999,44.959999,3.049719,223.050003,103.220467,74.713943,18.331469,6.029000
2023-05-11,72.985001,393.149994,68.995003,26.920000,5.707000,149.520004,171.108582,129.033005,130.220322,6.672000,697.099976,50.480000,46.810001,32.900002,53.160000,21.344999,45.064999,3.094738,223.509995,103.487427,74.867760,18.199211,5.990000
2023-05-12,73.260002,394.414001,69.330002,26.870001,5.720000,149.520004,170.487396,129.037369,130.116714,6.692000,697.900024,50.869999,46.985001,33.084999,53.419998,21.440001,45.349998,3.113712,222.690002,103.220467,74.834496,18.167042,5.979000
2023-05-15,73.455002,394.875000,69.525002,27.219000,5.776000,149.520004,170.012375,127.768921,130.107300,6.720800,699.200012,50.900002,47.110001,33.240002,53.389999,21.695000,45.244999,3.066106,221.860001,103.113678,74.909325,18.302876,6.052000
2023-05-16,73.330002,394.988007,69.220001,27.215000,5.737000,149.520004,169.528229,127.541512,130.022507,6.706400,705.200012,50.590000,47.040001,33.125000,53.189999,22.180000,45.095001,3.036869,221.339996,102.659836,74.863594,18.120569,6.008000
2023-05-17,73.529999,396.529999,69.080002,27.264000,5.773000,149.520004,169.674362,127.593994,129.956589,6.729600,707.500000,50.689999,47.169998,33.200001,53.049999,22.450001,44.790001,3.058171,221.440002,102.650932,74.792931,17.999031,6.011000
2023-05-18,74.580002,403.533997,69.605003,27.358000,5.836000,149.520004,168.203629,127.541512,129.824707,6.817600,726.500000,50.990002,47.919998,33.560001,53.290001,23.480000,45.145000,3.051099,220.289993,102.357246,75.009094,18.100016,6.017000
2023-05-19,74.540001,403.106995,69.980003,27.294001,5.807000,149.520004,168.662201,126.782578,129.890625,6.803200,725.799988,51.139999,47.880001,33.535000,53.369999,23.254999,45.365002,3.031264,221.070007,102.677612,75.150429,18.012896,6.046000
2023-05-22,74.805000,404.437012,69.970001,27.559000,5.843000,149.520004,168.220139,126.520851,129.843536,6.824000,729.299988,51.240002,48.040001,33.654999,53.360001,23.305000,45.555000,3.010306,220.860001,102.375053,75.046501,18.111233,6.015000
2023-05-23,74.654999,404.032013,69.559998,27.434000,5.869000,149.520004,168.081985,126.432121,129.815277,6.813600,729.099976,51.180000,47.855000,33.730000,53.099998,23.315001,45.294998,3.007805,221.220001,102.455147,74.876068,18.205963,6.014000
2023-05-24,73.489998,398.000000,68.275002,27.150000,5.743000,149.520004,168.118805,127.235077,129.749344,6.713600,716.700012,50.840000,47.139999,33.255001,52.740002,22.705000,44.775002,3.029969,222.350006,102.321655,74.693153,17.874865,6.029000
2023-05-25,73.824997,401.648010,68.114998,27.146000,5.713000,149.520004,167.676743,126.902351,129.749344,6.739200,738.099976,50.279999,47.695000,33.060001,52.349998,24.440001,44.340000,3.017723,221.940002,102.312759,74.792931,17.652023,5.970000
2023-05-26,74.885002,407.407990,68.919998,27.596001,5.772000,149.520004,167.114914,126.214745,129.655121,6.832800,754.500000,50.540001,48.340000,33.540001,52.630001,25.655001,44.625000,3.023070,221.490005,102.286057,75.034042,17.782841,6.016000
2023-05-29,75.105003,409.842987,68.834999,27.445000,5.796000,149.520004,168.524048,126.214745,129.805862,6.842400,761.400024,50.639999,48.615002,33.669998,52.680000,26.010000,44.639999,3.053773,223.160004,102.642021,75.034042,17.915459,6.007000
2023-05-30,74.764999,408.584991,68.214996,27.287001,5.757000,149.520004,169.979218,126.787003,129.965988,6.811200,764.200012,50.000000,48.384998,33.450001,52.220001,26.445000,44.115002,3.069382,224.020004,103.015793,75.158737,17.926287,5.921000
2023-05-31,74.349998,406.951996,67.394997,27.016001,5.707000,149.520004,170.872604,127.487923,130.144989,6.772800,759.299988,49.959999,47.990002,33.150002,52.279999,25.655001,44.270000,3.100516,224.630005,103.264961,74.859444,17.955158,5.938000
2023-06-01,74.339996,405.500000,67.760002,27.256001,5.768000,149.520004,171.213348,126.529701,130.182648,6.805600,756.000000,50.340000,48.125000,33.485001,52.220001,25.684999,44.575001,3.094738,224.080002,103.407341,75.200317,17.867645,5.961000
2023-06-02,76.059998,415.078003,69.010002,27.986000,5.894000,149.520004,171.010742,126.383308,130.107300,6.936800,771.400024,51.029999,48.965000,34.044998,52.680000,25.799999,45.119999,3.086028,224.460007,103.291664,75.516251,18.382788,5.975000
2023-06-05,76.300003,417.300995,68.705002,27.909000,5.881000,149.520004,170.145035,126.649490,129.928299,6.954400,777.200012,51.060001,49.055000,34.070000,52.950001,25.600000,45.369999,3.080939,224.029999,103.015793,75.416481,18.407146,6.029000
2023-06-06,76.400002,416.645996,68.940002,28.195000,5.984000,149.520004,170.227905,126.645065,129.994263,6.982400,772.799988,51.119999,49.110001,34.415001,52.740002,25.745001,45.305000,3.088442,223.330002,103.140381,75.566132,18.534357,6.057000
2023-06-07,76.260002,416.259003,68.809998,28.247999,6.041000,149.520004,169.104279,125.562630,129.805862,6.980000,768.000000,50.849998,48.950001,34.419998,52.560001,25.885000,44.965000,3.061879,222.279999,102.784401,75.566132,18.620062,6.080000
2023-06-08,75.875000,413.915985,68.809998,28.100000,5.975000,149.520004,169.518707,125.056885,129.890625,6.940000,763.400024,50.650002,48.610001,34.325001,52.389999,25.575001,44.834999,3.046442,222.720001,102.989082,75.765663,18.443235,6.054000
2023-06-09,76.245003,416.425995,68.684998,28.353001,5.983000,149.520004,170.200272,124.630997,129.965988,6.977600,768.599976,50.860001,48.805000,34.535000,52.650002,25.889999,45.075001,3.066191,223.570007,103.175980,75.790611,18.487440,6.084000
2023-06-12,76.459999,417.592010,68.794998,28.360001,6.003000,149.520004,170.541031,125.167778,129.994263,7.000000,773.000000,51.110001,48.904999,34.630001,52.639999,26.385000,45.020000,3.055152,223.000000,103.184860,75.778137,18.429703,6.009000
2023-06-13,77.165001,421.472992,69.150002,28.544001,6.061000,149.520004,169.933182,123.965584,129.890625,7.059200,784.299988,51.700001,49.389999,35.025002,52.720001,26.920000,45.160000,3.038249,222.330002,103.006889,75.840500,18.407146,6.053000
2023-06-14,77.175003,421.165009,69.434998,28.546000,6.049000,149.520004,169.610840,123.184799,129.824707,7.061600,786.200012,51.849998,49.500000,35.130001,52.630001,26.920000,44.715000,3.035316,222.770004,103.060280,75.931946,18.434212,6.044000
2023-06-15,76.904999,419.868988,69.309998,28.523001,5.975000,149.520004,168.975327,122.940796,129.589203,7.033600,785.900024,51.750000,49.415001,34.915001,52.450001,26.754999,44.685001,3.042699,222.440002,102.553024,75.715775,18.242050,6.082000
2023-06-16,77.220001,421.777008,69.684998,28.552000,5.972000,149.520004,169.629257,122.213272,129.683395,7.059200,789.299988,52.080002,49.724998,35.009998,52.759998,26.615000,44.990002,3.040505,224.289993,102.891197,76.056671,18.338581,6.179000
2023-06-19,76.739998,419.464996,69.025002,28.434999,5.953000,149.520004,168.800354,121.916061,129.560928,7.023200,783.099976,51.619999,49.330002,34.840000,52.509998,26.440001,44.645000,3.007941,223.389999,102.633118,75.857124,18.199652,6.198000
2023-06-20,76.364998,418.178009,68.629997,28.090000,5.921000,149.520004,170.191040,123.388878,129.636276,6.984000,781.700012,51.529999,49.145000,34.634998,52.419998,26.299999,44.715000,3.066046,224.940002,102.980194,75.823868,18.089582,6.137000
2023-06-21,76.010002,415.696991,68.315002,27.833000,5.893000,149.520004,169.795029,122.971878,129.598618,6.950400,771.900024,51.279999,48.845001,34.505001,52.180000,25.690001,44.700001,3.025583,224.559998,102.811104,75.507942,17.919971,6.163000
2023-06-22,75.809998,415.239990,67.959999,27.736000,5.852000,149.520004,168.947708,122.812164,129.429047,6.920000,775.599976,51.270000,48.764999,34.224998,52.099998,25.684999,44.674999,3.026286,223.800003,102.490738,75.374908,17.672779,6.073000
2023-06-23,75.769997,416.196991,67.745003,27.500999,5.814000,149.520004,170.633118,123.473152,129.645737,6.912000,775.900024,51.040001,48.779999,34.000000,52.250000,25.379999,44.910000,3.067977,225.470001,102.944595,75.275146,17.528427,6.053000
2023-06-26,75.595001,414.330994,67.680000,27.577999,5.807000,149.520004,171.406769,123.601791,129.730499,6.900000,772.799988,50.820000,48.595001,33.965000,51.900002,25.655001,44.424999,3.068767,226.559998,103.149277,75.241882,17.619549,6.071000
2023-06-27,75.519997,414.085999,67.735001,27.681999,5.819000,149.520004,170.550232,122.785530,129.560928,6.896800,768.900024,50.799999,48.619999,34.020000,51.990002,25.540001,44.029999,3.034975,225.550003,102.864502,75.287598,17.861330,5.998000
2023-06-28,76.239998,417.712006,68.239998,27.631001,5.882000,149.520004,171.139694,124.240631,129.655121,6.949600,780.299988,51.369999,49.044998,34.310001,52.180000,26.045000,44.290001,3.056391,225.270004,103.104774,75.491302,17.950645,5.967000
2023-06-29,76.529999,420.312988,68.245003,27.625000,5.932000,149.520004,169.785828,123.668350,129.485596,6.971200,781.099976,51.459999,49.275002,34.435001,52.369999,26.065001,44.505001,3.028217,224.240005,102.793312,75.433105,17.953352,5.949000
2023-06-30,77.195000,423.825989,69.035004,27.791000,5.966000,149.520004,170.089737,122.829910,129.457321,7.033600,789.799988,51.990002,49.625000,34.645000,52.610001,26.325001,44.830002,3.042962,223.690002,103.086975,75.582764,18.028233,6.011000
2023-07-03,77.400002,424.882996,68.904999,28.096001,5.992000,149.520004,169.205597,122.883148,129.363129,7.060800,790.099976,51.860001,49.645000,34.889999,52.730000,26.315001,44.395000,3.043226,223.690002,102.855606,75.532883,18.380079,6.057000
2023-07-04,77.485001,425.684998,68.974998,28.292999,5.999000,149.520004,168.938492,122.306435,129.419617,7.075200,792.799988,51.910000,49.744999,34.910000,52.790001,26.565001,44.470001,3.042875,223.250000,102.908997,75.528725,18.531647,6.061000
2023-07-05,77.415001,426.864014,68.419998,28.065001,5.981000,149.520004,168.938492,121.982582,129.495010,7.060000,795.400024,51.860001,49.740002,34.840000,52.779999,26.285000,44.630001,3.025934,223.279999,102.784401,75.424797,18.538868,6.075000
2023-07-06,76.150002,421.104004,66.790001,27.438999,5.839000,149.520004,166.645218,120.558563,129.250092,6.937600,785.000000,50.959999,48.939999,34.125000,52.290001,25.590000,44.055000,2.969409,220.889999,102.116974,74.867760,18.108528,6.028000
2023-07-07,76.150002,420.256012,66.860001,27.613001,5.907000,149.520004,166.958344,119.693504,129.457321,6.944800,784.500000,50.840000,48.775002,34.285000,51.900002,25.760000,43.490002,2.942727,221.039993,102.339455,75.025726,18.135592,6.037000
2023-07-10,75.830002,417.828003,67.004997,27.502001,5.926000,149.520004,166.847839,120.092751,129.400787,6.921600,777.200012,50.820000,48.654999,34.215000,51.779999,25.850000,43.514999,2.929561,220.809998,102.294968,75.025726,18.021017,6.046000
2023-07-11,76.144997,419.062988,67.470001,27.691999,5.978000,149.520004,166.608368,119.689064,129.353729,6.952000,778.099976,50.970001,48.810001,34.404999,51.840000,25.650000,43.470001,2.934301,220.149994,102.294968,75.308403,18.259188,6.077000
2023-07-12,76.504997,419.854004,68.459999,28.016001,6.028000,149.520004,168.008301,119.937485,129.589203,6.984000,782.500000,51.389999,49.095001,34.560001,51.820000,26.040001,43.314999,2.934652,221.500000,103.042480,75.840500,18.454962,6.069000
2023-07-13,76.504997,418.440002,68.894997,28.143999,6.024000,149.520004,169.279266,119.671318,129.796432,6.990400,785.700012,51.480000,49.180000,34.560001,51.590000,26.205000,43.025002,2.940357,222.589996,103.472862,75.923637,18.328657,6.031000
2023-07-14,76.489998,419.135986,68.805000,28.058001,5.960000,149.520004,169.049011,119.533813,129.721085,6.975200,793.599976,51.630001,49.320000,34.180000,51.410000,26.665001,43.290001,2.931580,221.759995,103.301140,75.886223,18.250170,6.016000
2023-07-17,76.415001,419.164001,68.430000,27.947001,5.976000,149.520004,169.343750,119.595901,129.721085,6.964800,792.099976,51.369999,49.230000,34.080002,51.450001,26.445000,43.244999,2.918063,222.160004,103.292114,75.732407,18.257385,5.998000
2023-07-18,76.824997,421.127991,68.805000,27.906000,6.035000,149.520004,170.946274,120.248032,130.013092,7.001600,792.599976,51.580002,49.400002,34.544998,51.669998,26.370001,43.685001,2.945360,223.979996,103.870529,75.832176,18.162661,6.046000
2023-07-19,77.504997,425.527008,68.930000,27.961000,6.082000,149.520004,170.246307,121.778549,129.956589,7.052800,808.500000,51.910000,49.695000,34.805000,51.759998,26.730000,43.884998,2.952031,222.910004,103.671692,75.865440,18.354826,6.129000
2023-07-20,77.570000,426.029999,69.290001,27.841999,6.071000,149.520004,169.693726,121.516808,129.871780,7.060000,797.299988,51.869999,49.799999,34.980000,52.340000,26.045000,44.740002,2.957472,223.039993,103.509003,75.832176,18.459475,6.174000
2023-07-21,77.675003,426.713989,69.500000,27.924000,6.079000,149.520004,170.006866,121.765221,129.937744,7.068000,793.299988,51.820000,49.935001,35.049999,52.759998,25.990000,45.160000,2.978713,223.809998,103.635529,75.857124,18.611944,6.189000
2023-07-24,77.959999,428.873993,69.584999,28.343000,6.088000,149.520004,170.541031,121.960419,130.050766,7.096800,792.900024,51.759998,50.110001,35.240002,52.900002,25.975000,45.264999,2.975378,224.440002,103.843407,75.990150,18.741858,6.300000
2023-07-25,78.360001,430.670013,69.925003,28.653000,6.123000,149.520004,170.283157,120.971146,130.013092,7.137600,799.599976,52.169998,50.520000,35.365002,53.049999,26.570000,45.244999,2.975729,224.429993,103.834381,75.990150,18.778847,6.348000
2023-07-26,78.084999,429.118988,69.464996,28.601000,6.116000,149.520004,169.601624,120.514198,129.871780,7.108800,793.799988,51.610001,50.290001,35.270000,52.919998,25.969999,45.005001,2.969936,223.600006,103.481895,75.865440,18.783356,6.306000
2023-07-27,79.205002,435.351990,70.434998,28.823000,6.171000,149.520004,170.080536,120.642845,130.022507,7.207200,813.099976,52.700001,51.049999,35.770000,53.169998,27.139999,45.415001,2.951504,224.550003,103.888603,76.331009,18.727419,6.324000
2023-07-28,78.955002,433.627991,70.294998,29.136999,6.154000,149.520004,169.804214,120.598495,130.060196,7.193600,812.500000,52.709999,50.830002,35.660000,53.009998,27.230000,45.119999,2.931141,224.259995,103.852455,76.355965,18.543377,6.324000
2023-07-31,78.989998,433.252014,70.360001,29.152000,6.184000,149.520004,169.693726,120.633980,130.116714,7.200000,812.400024,52.709999,50.840000,35.689999,52.830002,27.174999,44.959999,2.941147,224.850006,103.870529,76.181374,18.614649,6.315000
2023-08-01,78.949997,434.989990,69.660004,29.011999,6.167000,149.520004,168.947708,120.975578,130.097870,7.186400,815.599976,52.669998,50.849998,35.520000,52.810001,27.309999,44.900002,2.910515,223.940002,103.635529,75.898705,18.524431,6.319000
2023-08-02,78.099998,431.190002,68.834999,28.407000,6.107000,149.520004,169.076630,120.806999,130.163803,7.108000,801.200012,52.009998,50.400002,35.250000,52.840000,26.565001,45.090000,2.869349,224.000000,103.771103,75.815559,18.413464,6.234000
2023-08-03,77.684998,428.979004,68.430000,28.524000,6.081000,149.520004,168.560898,120.283524,130.192078,7.075200,798.500000,51.790001,50.090000,34.955002,52.410000,26.275000,44.634998,2.820636,223.449997,103.554199,75.757355,18.214081,6.268000
2023-08-04,77.595001,427.540009,68.559998,28.436001,6.088000,149.520004,168.763535,120.563004,130.163803,7.071200,796.400024,51.759998,49.904999,35.060001,52.169998,26.290001,44.404999,2.834855,224.270004,103.743988,75.931946,18.278139,6.237000
2023-08-07,77.379997,426.316010,68.635002,28.243999,6.081000,149.520004,168.487244,120.638412,130.220322,7.062400,789.700012,51.849998,49.924999,35.130001,52.349998,26.334999,44.674999,2.834592,224.320007,103.725914,75.823868,18.336777,6.247000
2023-08-08,77.220001,425.984009,68.544998,28.028000,6.028000,149.520004,170.006866,121.596642,130.352203,7.026400,788.599976,52.090000,50.080002,34.910000,52.369999,25.965000,45.320000,2.876196,225.679993,103.960892,75.848808,18.218594,6.261000
2023-08-09,77.154999,424.703003,68.855003,28.055000,6.031000,149.520004,169.767410,121.893852,130.314514,7.036000,781.900024,51.730000,50.000000,35.055000,52.540001,25.684999,45.459999,2.877425,224.929993,103.888603,76.023399,18.246563,6.307000
2023-08-10,77.535004,425.842987,69.455002,28.228001,6.047000,149.520004,169.518707,121.512344,130.305099,7.062400,785.900024,52.040001,50.200001,35.180000,52.720001,25.754999,45.564999,2.856974,224.250000,103.798225,76.239563,18.317835,6.275000
2023-08-11,77.025002,424.074005,68.675003,27.763000,6.015000,149.520004,168.266174,120.660599,130.210907,7.016800,777.900024,51.520000,49.779999,35.005001,52.709999,25.059999,45.470001,2.834416,223.470001,103.400558,75.940262,18.187922,6.275000
2023-08-14,77.510002,428.066010,68.809998,27.719999,6.022000,149.520004,168.017502,120.492004,130.126160,7.049600,789.200012,51.980000,50.200001,35.005001,52.939999,25.535000,45.785000,2.845914,223.389999,103.355370,76.081604,18.129276,6.255000
2023-08-15,76.980003,425.592987,68.099998,27.521000,5.983000,149.520004,167.354401,119.968544,130.069611,6.994400,786.500000,51.849998,50.000000,34.700001,52.520000,25.610001,45.680000,2.830291,222.460007,103.102310,75.923637,17.961472,6.207000
2023-08-16,76.845001,425.059998,68.114998,27.426001,5.965000,149.520004,167.667511,119.626953,130.135544,6.989600,784.099976,51.799999,50.020000,34.535000,52.619999,25.400000,45.615002,2.821514,222.580002,103.264992,75.873749,17.960566,6.218000
2023-08-17,76.339996,422.447998,67.580002,27.497999,5.907000,149.520004,166.967560,118.841751,130.107300,6.944800,774.900024,51.310001,49.669998,34.369999,52.380001,25.000000,45.395000,2.791935,221.470001,102.921555,75.591072,17.901499,6.236000
2023-08-18,75.720001,418.350006,67.184998,27.246000,5.875000,149.520004,168.017502,119.582596,130.248596,6.896000,765.000000,50.790001,49.270000,34.325001,52.189999,24.860001,45.099998,2.812473,222.440002,103.192696,75.649277,17.724045,6.239000
2023-08-21,75.775002,418.578003,67.269997,27.184999,5.849000,149.520004,166.995209,118.664299,130.144989,6.893600,771.299988,51.119999,49.395000,34.290001,51.980000,25.295000,45.064999,2.758143,221.490005,102.858299,75.582764,17.486517,6.264000
2023-08-22,76.514999,423.449005,67.714996,27.368999,5.894000,149.520004,167.888580,118.704216,130.239151,6.957600,785.000000,51.619999,49.834999,34.619999,52.230000,25.885000,45.264999,2.787546,223.000000,103.120392,75.744888,17.669441,6.247000
2023-08-23,77.000000,425.821014,67.985001,27.719000,5.933000,149.520004,169.583191,119.959671,130.493515,6.997600,793.700012,52.049999,50.119999,34.724998,52.450001,26.120001,45.395000,2.836172,224.339996,103.626511,76.048340,17.909691,6.286000
2023-08-24,76.699997,425.287994,67.665001,27.690001,5.908000,149.520004,169.555557,120.696106,130.512344,6.975200,786.700012,51.860001,49.994999,34.599998,52.509998,25.750000,45.325001,2.856798,223.820007,103.780144,75.898705,18.032549,6.294000
2023-08-25,76.714996,424.545990,67.695000,27.740999,5.916000,149.520004,169.039810,121.028809,130.380478,6.980800,781.700012,51.619999,49.919998,34.689999,52.770000,25.379999,45.480000,2.872597,223.179993,103.499969,75.898705,18.032549,6.369000
2023-08-28,77.320000,427.130005,68.459999,28.032000,5.979000,149.520004,169.021408,121.028809,130.333374,7.040800,789.400024,52.110001,50.270000,34.965000,52.910000,25.745001,45.590000,2.864873,223.119995,103.662651,75.898705,18.154491,6.394000
2023-08-29,77.964996,430.656006,68.955002,28.224001,6.015000,149.520004,169.970016,121.738609,130.418167,7.095200,803.000000,52.669998,50.759998,35.160000,52.919998,26.340000,45.619999,2.879268,224.059998,103.879562,76.414177,18.153582,6.363000
2023-08-30,77.919998,431.140015,68.785004,27.975000,6.019000,149.520004,169.481903,120.895714,130.295700,7.081600,802.900024,52.639999,50.709999,35.025002,52.820000,26.299999,45.615002,2.866102,223.919998,103.590347,76.347649,18.134472,6.323000
2023-08-31,78.535004,435.753998,68.669998,27.879000,6.069000,149.520004,170.458145,121.552277,130.587708,7.134400,815.000000,52.950001,51.070000,35.290001,53.070000,26.639999,45.669998,2.902439,224.259995,103.942810,76.247887,18.318300,6.390000
2023-09-01,78.885002,436.739990,68.680000,28.285999,6.128000,149.520004,169.518707,121.503487,130.493515,7.173600,816.000000,53.090000,51.290001,35.570000,53.189999,26.735001,45.680000,2.868735,223.210007,103.789177,76.189682,18.362894,6.458000
2023-09-04,78.925003,436.747986,68.675003,28.406000,6.113000,149.520004,168.864822,121.148590,130.418167,7.179200,817.400024,53.150002,51.349998,35.665001,53.110001,26.879999,45.630001,2.862152,222.880005,103.653618,76.218788,18.363804,6.447000
2023-09-05,79.209999,439.220001,68.279999,28.382999,6.096000,149.520004,168.413544,121.197388,130.418167,7.200800,824.000000,53.340000,51.529999,35.770000,53.250000,27.040001,45.834999,2.855130,222.550003,103.545158,76.364288,18.362894,6.525000
2023-09-06,78.570000,435.036011,68.105003,28.223000,6.040000,149.520004,167.713593,121.428055,130.286285,7.147200,816.299988,52.939999,51.060001,35.549999,52.980000,26.754999,45.290001,2.850040,222.130005,103.201736,76.206314,18.220016,6.479000
2023-09-07,78.485001,433.834991,68.110001,27.947001,6.006000,149.520004,168.358276,121.951530,130.408722,7.128000,809.099976,52.950001,50.980000,35.509998,53.349998,26.100000,45.720001,2.860836,222.809998,103.400558,76.297775,18.335594,6.484000
2023-09-08,78.635002,435.933014,68.160004,27.990999,6.006000,149.520004,168.570099,122.355225,130.399307,7.144000,814.900024,53.060001,51.090000,35.470001,53.320000,26.139999,45.639999,2.877512,223.210007,103.653618,76.488983,18.307383,6.477000
2023-09-11,78.635002,435.196991,68.474998,28.125999,5.999000,149.520004,168.045166,121.343758,130.389893,7.140800,815.000000,53.080002,50.950001,35.669998,53.380001,25.809999,45.705002,2.847319,222.850006,103.626511,76.622017,18.159044,6.479000
2023-09-12,78.669998,435.229004,68.285004,28.141001,6.008000,149.520004,167.934616,121.907166,130.323944,7.146400,813.500000,53.040001,50.950001,35.834999,53.450001,26.049999,45.724998,2.850742,222.820007,103.527092,76.509773,18.199087,6.521000
2023-09-13,78.639999,435.390015,68.114998,28.146000,5.978000,149.520004,167.547791,121.787392,130.192078,7.136800,815.099976,52.990002,50.900002,35.810001,53.470001,26.190001,45.764999,2.858115,222.740005,103.436707,76.580444,18.179974,6.530000
2023-09-14,79.654999,440.519012,69.099998,28.488001,6.062000,149.520004,168.570099,122.741173,130.333374,7.224000,825.000000,53.689999,51.480000,36.349998,54.169998,26.395000,46.165001,2.863996,223.350006,103.852455,76.797523,18.465733,6.600000
2023-09-15,79.290001,437.229004,69.264999,28.329000,6.031000,149.520004,167.483322,122.368553,130.220322,7.194400,812.500000,53.259998,51.119999,36.345001,54.150002,25.705000,46.064999,2.848899,221.990005,103.617462,76.754677,18.439339,6.593000
2023-09-18,78.910004,436.100006,68.535004,28.201000,5.994000,149.520004,166.801804,122.315323,130.135544,7.161600,811.299988,52.970001,50.950001,36.134998,53.910000,25.639999,45.654999,2.839595,221.589996,103.364418,76.686119,18.301010,6.577000
2023-09-19,78.550003,432.869995,68.525002,28.047001,5.974000,149.520004,166.599167,122.315323,130.107300,7.133600,804.299988,52.779999,50.669998,36.330002,53.910000,25.430000,45.389999,2.844686,221.089996,103.319221,76.668968,18.234579,6.601000
2023-09-20,78.775002,433.862000,69.165001,28.125999,6.000000,149.520004,167.188599,122.421761,130.220322,7.156800,804.700012,52.990002,50.860001,36.424999,54.189999,25.395000,45.759998,2.842316,221.309998,103.499969,76.728958,18.342875,6.571000
2023-09-21,77.519997,427.355988,68.254997,27.643000,5.897000,149.520004,166.525497,122.031387,130.154388,7.038400,788.700012,52.020000,49.805000,35.980000,53.709999,24.799999,45.310001,2.779647,220.759995,103.183647,76.471863,18.007071,6.540000
2023-09-22,77.489998,426.932007,68.019997,27.962000,5.885000,149.520004,166.580750,122.900879,130.182648,7.040000,792.599976,52.200001,49.915001,35.904999,53.650002,25.030001,45.330002,2.801502,220.580002,103.310181,76.531853,17.860550,6.530000
2023-09-25,77.449997,426.985992,67.665001,27.966000,5.898000,149.520004,165.972900,122.710129,130.239151,7.041600,792.000000,52.130001,49.889999,35.805000,53.639999,25.105000,45.450001,2.764111,219.029999,103.138466,76.411865,17.745882,6.528000
2023-09-26,76.830002,423.330994,67.205002,27.677999,5.855000,149.520004,165.604477,123.007355,130.192078,6.977600,784.700012,51.799999,49.490002,35.650002,53.320000,24.844999,45.305000,2.751472,218.029999,102.984818,76.249039,17.564785,6.533000
2023-09-27,77.040001,424.760010,67.154999,27.834000,5.891000,149.520004,165.162415,122.958572,130.173218,7.004000,788.700012,51.970001,49.715000,35.705002,53.259998,25.010000,45.305000,2.755422,217.559998,102.804077,76.249039,17.582987,6.605000
2023-09-28,77.160004,425.447998,67.459999,27.723000,5.903000,149.520004,163.486191,121.645432,130.041351,7.009600,791.599976,52.209999,49.900002,35.805000,53.099998,25.415001,45.314999,2.717855,215.490005,102.388336,76.154762,17.501991,6.584000
2023-09-29,77.290001,426.160004,67.654999,27.816999,5.910000,149.520004,165.162415,122.466125,130.239151,7.018400,796.299988,52.139999,49.994999,35.669998,52.980000,25.629999,45.240002,2.740501,216.559998,102.984818,76.386154,17.630306,6.540000
2023-10-02,77.205002,427.459991,66.980003,27.809999,5.862000,149.520004,164.453232,122.044693,130.276855,7.009600,806.200012,52.230000,50.070000,35.525002,52.700001,25.905001,45.020000,2.714959,214.880005,102.731766,76.146194,17.509268,6.480000
2023-10-03,76.250000,422.277008,66.279999,27.590000,5.749000,149.520004,163.716461,121.853951,130.220322,6.923200,794.099976,51.490002,49.470001,35.060001,52.360001,25.525000,44.735001,2.671073,213.789993,102.442566,75.949074,17.157080,6.484000
2023-10-04,76.000000,421.764008,66.224998,27.344000,5.690000,149.520004,163.955917,121.499046,130.267426,6.893600,795.500000,51.430000,49.480000,34.605000,52.200001,25.555000,44.665001,2.673794,214.029999,102.397369,75.871948,17.082460,6.380000
2023-10-05,75.964996,420.292999,66.419998,27.223000,5.700000,149.520004,164.407211,121.561165,130.446381,6.889600,790.500000,51.509998,49.480000,34.740002,52.360001,25.400000,44.785000,2.666509,214.199997,102.623306,75.824806,17.233528,6.321000
2023-10-06,76.440002,421.713989,66.919998,27.552999,5.737000,149.520004,164.351929,120.381111,130.371033,6.939200,794.799988,51.910000,49.860001,34.865002,52.299999,25.754999,45.145000,2.644917,213.889999,102.551010,75.846237,17.230799,6.349000
2023-10-09,76.955002,426.290985,66.739998,27.409000,5.760000,149.520004,165.761063,121.623260,130.615967,6.975200,803.799988,52.130001,50.240002,34.955002,52.759998,25.754999,45.279999,2.667825,216.839996,103.102310,75.743393,17.451029,6.452000
2023-10-10,78.035004,431.743011,68.074997,27.790001,5.858000,149.520004,165.945267,121.312714,130.606522,7.072000,817.400024,52.970001,50.939999,35.514999,53.150002,26.350000,45.615002,2.674759,216.699997,103.201736,76.111916,17.631216,6.410000
2023-10-11,77.705002,429.209015,68.199997,27.893000,5.815000,149.520004,166.774170,121.485741,130.634781,7.044000,814.000000,52.779999,50.810001,35.380001,52.939999,26.225000,45.439999,2.719962,217.559998,103.346329,76.189049,17.638502,6.358000
2023-10-12,78.320000,433.708008,68.260002,27.922001,5.798000,149.520004,165.954483,121.703087,130.465256,7.087200,825.099976,53.279999,51.380001,35.520000,53.139999,26.945000,45.709999,2.699950,216.570007,103.075203,76.086197,17.657608,6.408000
2023-10-13,77.834999,431.899994,67.644997,27.856001,5.737000,149.520004,166.488647,122.692398,130.484085,7.046400,815.000000,52.810001,51.139999,35.250000,53.270000,26.410000,45.634998,2.723297,217.449997,103.192696,76.017639,17.534752,6.558000
2023-10-16,78.199997,434.208008,67.790001,27.934999,5.768000,149.520004,165.945267,121.525650,130.521774,7.076000,819.099976,53.029999,51.430000,35.415001,53.480000,26.450001,45.915001,2.673794,216.979996,103.066162,75.991928,17.578436,6.524000
2023-10-17,77.980003,432.313995,67.695000,27.802000,5.814000,149.520004,164.536133,120.509773,130.333374,7.064000,813.099976,52.790001,51.189999,35.320000,53.330002,26.184999,45.689999,2.639387,216.509995,102.668503,75.957642,17.651237,6.492000
2023-10-18,77.574997,430.963989,66.985001,27.476000,5.739000,149.520004,163.909851,120.239159,130.286285,7.016800,811.200012,52.500000,50.930000,35.130001,53.349998,25.865000,45.450001,2.614811,216.339996,102.415436,75.640549,17.398245,6.591000
2023-10-19,76.720001,426.032990,66.235001,27.285000,5.676000,149.520004,164.038788,119.893143,130.305099,6.943200,802.400024,52.049999,50.310001,34.740002,52.669998,25.745001,44.540001,2.614022,216.039993,102.352188,75.649124,17.141617,6.569000
2023-10-20,75.355003,418.255005,65.300003,26.874001,5.566000,149.520004,164.655869,120.363373,130.512344,6.820800,783.700012,51.130001,49.474998,34.250000,52.320000,25.150000,44.439999,2.576016,216.820007,102.442566,75.400589,16.879520,6.621000
2023-10-23,75.059998,416.394989,65.235001,26.712999,5.537000,149.520004,165.134781,119.986298,130.559448,6.795200,783.400024,51.209999,49.384998,34.029999,51.840000,25.025000,44.110001,2.594624,216.740005,102.659454,75.674835,16.703882,6.520000
2023-10-24,75.485001,419.244995,65.514999,27.167999,5.555000,149.520004,165.392654,120.514198,130.625381,6.830400,790.500000,51.630001,49.660000,34.084999,52.139999,25.160000,44.365002,2.610071,216.460007,102.939629,75.914795,16.783056,6.469000
2023-10-25,75.160004,416.902008,65.550003,26.921000,5.508000,149.520004,164.747955,120.301270,130.512344,6.796000,781.700012,51.669998,49.419998,34.075001,52.320000,24.805000,44.205002,2.587690,215.300003,102.858299,75.940514,16.641088,6.493000
2023-10-26,74.555000,412.868011,65.260002,26.799000,5.523000,149.520004,165.291351,120.815865,130.710159,6.752000,766.299988,50.849998,48.930000,33.965000,52.290001,24.379999,43.880001,2.605507,216.429993,102.957710,75.811943,16.682953,6.528000
2023-10-27,73.900002,409.112000,64.635002,26.743999,5.474000,149.520004,165.696579,120.784813,130.823212,6.697600,767.000000,50.650002,48.485001,33.750000,51.590000,24.504999,42.840000,2.599276,216.759995,103.075203,75.923363,16.529154,6.549000
2023-10-30,73.989998,409.076996,64.919998,26.809000,5.454000,149.520004,166.009720,120.576302,130.926834,6.696800,765.500000,50.779999,48.599998,33.689999,51.619999,24.145000,42.790001,2.583828,216.699997,103.192696,76.047638,16.348963,6.503000
2023-10-31,74.675003,413.140015,65.264999,26.617001,5.540000,149.520004,166.350479,120.975578,130.973892,6.748800,771.400024,50.990002,48.935001,34.049999,52.080002,24.420000,43.055000,2.614723,216.910004,103.463814,76.317604,16.686592,6.551000
2023-11-01,75.485001,418.289001,65.735001,26.969000,5.557000,149.520004,166.995209,121.596642,131.077530,6.823200,784.000000,51.750000,49.494999,34.400002,52.520000,24.990000,43.494999,2.636754,217.419998,103.743988,76.587547,16.845854,6.541000
2023-11-02,76.589996,423.597992,66.754997,27.354000,5.641000,149.520004,167.980667,122.244316,131.124634,6.924000,797.599976,52.490002,50.330002,34.779999,52.900002,25.680000,43.750000,2.675725,218.509995,104.105492,77.097481,17.335455,6.509000
2023-11-03,76.974998,425.389008,66.820000,27.650999,5.749000,149.520004,168.855606,121.570023,131.284775,6.967200,800.900024,52.700001,50.419998,35.075001,52.950001,26.004999,43.855000,2.700125,219.809998,104.448929,77.268890,17.710392,6.473000
2023-11-06,76.769997,425.109009,66.724998,27.934999,5.680000,149.520004,167.566208,120.492004,131.115234,6.949600,802.500000,52.779999,50.360001,34.875000,52.790001,25.920000,43.919998,2.653957,217.800003,104.051262,77.046059,17.263557,6.449000
2023-11-07,77.220001,428.907013,66.595001,27.938999,5.691000,149.520004,168.376694,121.836189,131.171738,6.988000,815.599976,53.020000,50.759998,34.810001,52.900002,26.375000,44.110001,2.702847,218.660004,104.195885,77.226036,17.228975,6.388000
2023-11-08,76.955002,427.640015,66.794998,27.754000,5.637000,149.520004,169.067444,122.483879,131.199997,6.956800,812.599976,52.900002,50.720001,34.400002,52.599998,26.309999,43.915001,2.729792,219.270004,104.403748,77.363152,17.218967,6.338000
2023-11-09,77.294998,428.265015,67.370003,27.733999,5.657000,149.520004,168.671402,122.217697,131.199997,6.980000,815.500000,53.349998,50.980000,34.549999,52.700001,26.705000,43.625000,2.715661,218.839996,104.412781,77.328880,17.186205,6.310000
2023-11-10,77.110001,429.122986,66.654999,27.620001,5.612000,149.520004,167.925415,122.608109,131.134079,6.962400,820.099976,53.290001,50.889999,34.474998,52.669998,27.059999,43.110001,2.711799,218.539993,104.114540,77.157463,17.098841,6.291000
2023-11-13,77.650002,431.924988,67.205002,27.718000,5.644000,149.520004,167.925415,121.587761,131.096375,7.004800,824.799988,53.779999,51.209999,34.680000,52.830002,27.160000,43.555000,2.692050,218.449997,104.141655,77.268890,17.047878,6.341000
2023-11-14,78.160004,434.299988,68.014999,27.915001,5.791000,149.520004,169.546356,121.241730,131.341293,7.060000,829.000000,53.970001,51.480000,34.945000,52.750000,27.514999,43.595001,2.714783,219.970001,104.882744,77.697395,17.724045,6.310000
2023-11-15,78.440002,435.066010,68.279999,28.306000,5.840000,149.520004,169.187180,120.926781,131.331863,7.097600,832.900024,53.950001,51.570000,35.020000,52.650002,27.785000,43.384998,2.678621,219.119995,104.774292,77.594559,17.688553,6.299000
2023-11-16,77.989998,433.377991,67.945000,27.879000,5.733000,149.520004,170.071991,121.844734,131.557938,7.043200,826.500000,53.680000,51.189999,34.700001,52.490002,27.605000,43.400002,2.706972,219.619995,104.909866,77.534554,17.599968,6.198000
2023-11-17,78.269997,433.712006,68.565002,27.888000,5.782000,149.520004,169.969406,121.849251,131.482590,7.068000,826.900024,54.070000,51.349998,35.099998,52.540001,27.735001,43.494999,2.706533,219.630005,104.955040,77.680260,17.544933,6.175000
2023-11-20,78.339996,433.838989,68.610001,28.082001,5.788000,149.520004,169.838837,121.050476,131.501419,7.075200,830.099976,54.209999,51.419998,35.060001,52.400002,27.910000,43.410000,2.695561,220.369995,104.792358,77.731667,17.539427,6.200000
2023-11-21,78.375000,434.278992,68.639999,27.990000,5.763000,149.520004,170.454346,121.366371,131.548538,7.072000,828.500000,54.209999,51.520000,34.935001,52.480000,27.700001,43.755001,2.722946,221.070007,105.018295,77.774521,17.498156,6.217000
2023-11-22,79.029999,438.819000,68.809998,28.059000,5.812000,149.520004,170.333115,121.772530,131.510849,7.130400,839.299988,54.520000,51.959999,35.119999,53.029999,27.969999,44.060001,2.741115,220.699997,105.027344,77.868797,17.609140,6.178000
2023-11-23,78.989998,438.010986,69.050003,28.105000,5.801000,149.520004,169.587051,120.865440,131.435486,7.125600,836.799988,54.509998,51.910000,35.134998,53.060001,27.830000,44.115002,2.723385,221.029999,104.810440,77.950218,17.592630,6.183000
2023-11-24,78.839996,436.317993,69.239998,27.924999,5.811000,149.520004,169.335281,119.917709,131.397812,7.110400,831.400024,54.330002,51.779999,35.205002,53.000000,27.709999,44.174999,2.702495,220.770004,104.747185,78.014481,17.593544,6.156000
2023-11-27,78.699997,436.221008,68.847198,27.811001,5.801000,149.520004,170.603577,120.332909,131.633301,7.098400,833.500000,54.259998,51.709999,35.119999,52.930000,27.760000,43.939999,2.716539,221.660004,105.153870,78.065910,17.636660,6.104000
2023-11-28,78.550003,434.794006,68.627296,27.965000,5.794000,149.520004,171.284332,120.486359,131.784027,7.086400,830.000000,53.970001,51.470001,35.040001,52.790001,27.500000,43.590000,2.729354,222.220001,105.470192,78.125916,17.599052,6.155000
2023-11-29,78.605003,435.179993,69.065002,27.856001,5.820000,149.520004,172.282196,121.217445,131.972443,7.105600,831.299988,53.860001,51.450001,35.195000,52.740002,27.770000,43.654999,2.762619,222.350006,106.003418,78.477280,17.751316,6.157000
2023-11-30,78.970001,436.816986,69.485001,28.075001,5.851000,149.520004,171.918472,121.118164,131.981842,7.128000,828.299988,53.930000,51.590000,35.435001,53.240002,27.450001,44.185001,2.768149,222.729996,106.039581,78.614418,17.837532,6.161000
2023-12-01,79.849998,441.299988,70.199997,28.186001,5.953000,149.520004,173.438553,121.483704,132.405731,7.207200,835.200012,54.380001,52.209999,35.779999,53.740002,27.690001,44.615002,2.795621,224.169998,106.654137,78.914368,18.213600,6.214000
2023-12-04,79.760002,440.619995,70.154999,28.103001,5.953000,149.520004,173.401260,121.718376,132.311539,7.207200,829.099976,54.380001,52.209999,35.779999,53.740002,27.690001,44.615002,2.795621,223.479996,106.681259,78.837227,18.389709,6.214000
2023-12-05,80.160004,443.717987,70.379997,28.004000,5.953000,149.520004,174.939987,122.991020,132.462250,7.207200,836.500000,54.380001,52.209999,35.779999,53.740002,27.690001,44.615002,2.795621,225.729996,107.042763,78.965790,18.486940,6.214000
2023-12-06,80.279999,443.532990,70.735001,28.153999,5.953000,149.520004,175.592773,123.464882,132.547043,7.207200,839.000000,54.380001,52.209999,35.779999,53.740002,27.690001,44.615002,2.795621,226.210007,107.250626,78.982933,18.644701,6.214000
2023-12-07,80.375000,444.177002,70.529999,28.134001,6.018000,149.520004,175.583466,123.690521,132.584702,7.246400,842.200012,54.389999,52.490002,36.025002,54.310001,27.780001,44.814999,2.920082,226.039993,107.196404,79.042915,18.572239,5.995000
2023-12-08,80.875000,447.216003,71.129997,28.143999,6.073000,149.520004,174.268524,122.995529,132.349228,7.293600,849.299988,54.820000,52.830002,36.244999,54.340000,28.209999,44.904999,2.881199,224.110001,106.889122,79.042915,18.548391,6.041000
2023-12-11,81.160004,449.391998,71.264999,28.295000,6.080000,149.520004,174.473694,122.634506,132.368073,7.318400,854.400024,55.090000,53.060001,36.450001,54.700001,28.934999,45.195000,2.878390,224.389999,106.852974,79.034355,18.643784,5.968000
2023-12-12,81.139999,449.709015,71.150002,28.177000,6.053000,149.520004,175.229080,123.130920,132.320969,7.314400,859.799988,55.400002,53.200001,36.320000,54.720001,29.309999,45.230000,2.883920,224.509995,107.096985,79.060051,18.632778,5.931000
2023-12-13,81.434998,451.770996,71.144997,28.030001,6.062000,149.520004,175.779282,124.033508,132.471695,7.334400,865.500000,55.669998,53.480000,36.119999,54.880001,29.475000,45.584999,2.911041,225.380005,107.359085,79.214317,18.771280,5.932000
2023-12-14,81.404999,449.816986,71.680000,28.367001,6.254000,149.520004,176.972992,123.992897,132.810806,7.358400,857.299988,54.759998,53.160000,36.474998,53.959999,29.715000,45.275002,2.966744,227.440002,107.991722,80.011345,19.485811,5.932000
2023-12-15,81.974998,453.799988,71.735001,28.568001,6.282000,149.520004,178.576996,124.656303,132.923828,7.412800,869.900024,55.360001,53.619999,36.645000,53.860001,30.490000,45.064999,3.004526,228.119995,108.515907,80.174194,19.459213,5.996000
2023-12-18,82.010002,454.990997,71.510002,28.291000,6.247000,149.520004,177.653748,124.746559,132.810806,7.395200,870.599976,55.529999,53.660000,36.459999,53.959999,30.030001,45.285000,2.977577,227.529999,108.217659,80.088470,19.304199,6.038000
2023-12-19,82.095001,454.880005,71.790001,28.475000,6.312000,149.520004,178.744843,124.069633,132.952087,7.413600,871.200012,55.650002,53.750000,36.470001,53.759998,30.025000,45.215000,2.984650,229.229996,108.588203,80.337006,19.344557,6.016000
2023-12-20,82.349998,456.117004,71.940002,28.284000,6.342000,149.520004,179.341690,124.936104,133.093399,7.430400,874.299988,55.830002,53.930000,36.645000,53.750000,30.049999,45.305000,2.974085,230.259995,108.633385,80.448433,19.453705,6.011000
2023-12-21,81.730003,451.523010,71.735001,28.363001,6.279000,149.520004,179.789307,125.576935,133.225266,7.382400,866.099976,55.500000,53.540001,36.490002,53.459999,29.940001,45.160000,2.989306,230.520004,108.904533,80.491280,19.225315,5.982000
2023-12-22,82.040001,453.171997,71.830002,28.268999,6.337000,149.520004,179.854614,125.080505,133.366577,7.408800,869.099976,55.639999,53.570000,36.720001,53.790001,30.045000,45.360001,2.953941,230.369995,109.103355,80.645538,19.362902,5.988000
2023-12-27,81.760002,450.260986,72.000000,28.341999,6.348000,149.520004,180.572678,124.674339,133.385422,7.389600,865.500000,55.450001,53.389999,36.654999,53.480000,30.200001,45.185001,2.971847,231.490005,109.211815,80.868362,19.337219,5.988000
2023-12-28,82.055000,453.050995,71.900002,28.750999,6.363000,149.520004,179.901215,125.252022,133.375992,7.424800,870.799988,55.709999,53.590000,36.750000,53.790001,30.370001,45.520000,2.982680,229.899994,109.184692,80.902649,19.449120,5.995000
2023-12-29,81.870003,451.454987,71.970001,28.722000,6.376000,149.520004,178.772827,124.611168,133.215851,7.440800,864.099976,55.830002,53.689999,36.869999,53.980000,30.379999,45.610001,2.961730,228.119995,108.922600,80.816948,19.457378,5.972000
2024-01-02,82.214996,454.346985,72.019997,28.709999,6.348000,149.520004,178.026749,125.477661,133.197006,7.437600,862.400024,55.450001,53.599998,37.110001,54.630001,29.639999,46.480000,2.969698,227.610001,108.461685,80.594124,19.609636,5.956000
2024-01-03,81.830002,453.130005,71.440002,28.641001,6.251000,149.520004,178.754166,125.053444,133.206436,7.396000,856.900024,55.279999,53.439999,36.900002,55.009998,28.980000,46.755001,2.963341,227.899994,108.335159,80.062767,19.380329,5.983000
2024-01-04,81.785004,452.117004,71.964996,28.583000,6.223000,149.520004,177.523178,124.394562,133.055710,7.397600,852.599976,55.430000,53.419998,37.009998,54.939999,28.889999,47.095001,2.939078,226.350006,107.991722,80.071350,19.275757,5.934000
2024-01-05,81.629997,450.497986,71.790001,28.628000,6.211000,149.520004,176.870407,123.925201,132.961502,7.380800,850.799988,55.419998,53.180000,37.145000,54.709999,28.924999,46.860001,2.930931,226.320007,107.783852,80.088470,19.251917,5.980000
2024-01-08,81.800003,451.500000,71.964996,28.510000,6.234000,149.520004,177.290054,123.798859,133.027451,7.386400,856.299988,55.750000,53.310001,37.209999,54.610001,29.485001,46.830002,2.930662,226.970001,108.054977,80.345589,19.376657,5.886000
2024-01-09,82.415001,456.200012,71.800003,28.337000,6.260000,149.520004,176.450760,123.925201,132.829636,7.428800,867.400024,56.349998,53.759998,37.150002,54.959999,29.730000,47.555000,2.926991,225.869995,107.774818,80.174194,19.374826,5.985000
2024-01-10,82.404999,455.949005,71.709999,28.138000,6.228000,149.520004,176.254898,123.848480,132.829636,7.430400,869.000000,56.779999,53.820000,37.025002,54.919998,29.615000,47.400002,2.910875,225.520004,107.720589,80.491280,19.393166,5.939000
2024-01-11,82.114998,454.880005,71.144997,28.150999,6.169000,149.520004,176.432083,123.798859,132.829636,7.401600,866.900024,56.709999,53.610001,36.799999,54.750000,29.430000,47.259998,2.896371,225.580002,107.776581,80.534142,19.219812,5.973000
2024-01-12,82.684998,457.216003,71.764999,28.434999,6.226000,149.520004,177.541840,124.367470,133.131058,7.449600,874.500000,57.389999,54.080002,37.014999,55.220001,29.690001,47.369999,2.914994,226.869995,108.355774,80.834084,19.335384,5.959000
2024-01-15,82.745003,457.824005,71.389999,28.297001,6.233000,149.520004,176.618591,124.286224,132.989761,7.452800,875.799988,57.650002,54.169998,37.130001,55.410000,29.865000,47.389999,2.905145,225.970001,108.006416,80.568420,19.351892,5.955000
2024-01-16,82.945000,460.559998,71.254997,28.062000,6.212000,149.520004,176.543991,124.448692,133.036880,7.460000,882.200012,57.939999,54.320000,37.075001,55.580002,30.495001,47.445000,2.891447,225.830002,107.923668,80.508415,19.334467,5.969000
2024-01-17,82.400002,458.299988,70.449997,27.537001,6.133000,149.520004,175.406265,123.907150,132.810806,7.396000,876.400024,57.500000,53.959999,36.660000,55.590000,30.125000,47.410000,2.887955,224.619995,107.427208,80.165604,18.951979,5.928000
2024-01-18,82.730003,460.079987,70.855003,27.792999,6.162000,149.520004,175.163803,123.491959,132.829636,7.425600,889.400024,58.160000,54.299999,36.750000,55.320000,31.340000,46.895000,2.864498,224.350006,107.601898,80.328453,18.780455,5.933000
2024-01-19,83.004997,462.855011,70.620003,27.826000,6.140000,149.520004,175.434250,123.239227,132.810806,7.448000,896.400024,58.439999,54.599998,36.794998,55.500000,31.875000,47.099998,2.851426,224.710007,107.592705,80.448433,18.834570,5.932000
2024-01-22,83.945000,467.799988,71.175003,27.792000,6.274000,149.520004,175.956467,123.442307,132.857880,7.527200,908.599976,59.270000,55.220001,37.255001,55.730000,32.625000,47.290001,2.875510,225.220001,107.877701,80.756966,19.111576,5.913000
2024-01-23,84.055000,468.973999,70.930000,28.035999,6.268000,149.520004,175.117157,123.455849,132.839050,7.544000,910.299988,59.080002,55.110001,37.264999,55.930000,32.715000,47.259998,2.853575,223.639999,107.657059,80.662682,18.995087,5.992000
2024-01-24,84.504997,470.839996,71.794998,28.405001,6.283000,149.520004,175.313034,122.796974,132.801361,7.585600,919.099976,59.900002,55.480000,37.395000,55.869999,33.660000,47.095001,2.838354,224.020004,107.822548,80.859802,18.937298,6.019000
2024-01-25,84.860001,473.951996,71.945000,28.468000,6.299000,149.520004,176.208267,123.446831,133.083969,7.620000,925.900024,60.340000,55.740002,37.570000,55.970001,34.145000,46.775002,2.868706,224.899994,108.153511,81.014053,18.983162,6.048000
2024-01-26,84.970001,473.378998,72.834999,28.476000,6.308000,149.520004,176.087051,123.126404,133.112228,7.624000,917.299988,59.930000,55.709999,37.404999,56.090000,33.075001,47.310001,2.859663,224.460007,108.254631,80.996933,18.969402,6.026000
2024-01-29,85.300003,475.416992,72.980003,28.527000,6.335000,149.520004,177.028931,123.825920,133.225266,7.656000,920.299988,60.320000,55.990002,37.500000,56.360001,32.990002,47.610001,2.890462,225.539993,108.530449,80.979774,19.069386,6.057000
2024-01-30,85.544998,476.940002,73.095001,28.257000,6.341000,149.520004,176.413452,124.195984,133.168747,7.667200,921.900024,60.660000,56.200001,37.590000,56.349998,33.084999,47.619999,2.904250,224.919998,108.273026,80.876945,18.969402,6.075000
2024-01-31,85.014999,472.467010,73.099998,28.346001,6.318000,149.520004,177.821609,124.900009,133.319458,7.628000,904.900024,60.029999,55.830002,37.669998,56.520000,32.264999,47.939999,2.942212,226.470001,108.659157,80.662682,19.067549,6.065000
2024-02-01,84.695000,470.135010,72.889999,28.337000,6.236000,149.520004,178.064072,126.046288,133.347733,7.590400,902.599976,60.160000,55.700001,37.419998,56.330002,32.275002,47.740002,3.006765,226.949997,108.751099,80.585556,18.730925,6.047000
2024-02-02,86.029999,481.298004,72.879997,28.386000,6.297000,149.520004,176.758484,124.800720,133.112228,7.704000,927.900024,62.000000,56.750000,37.555000,56.650002,33.134998,48.154999,2.945435,225.429993,108.300606,80.619835,18.774946,5.987000
2024-02-05,86.175003,482.550995,72.870003,28.549999,6.252000,149.520004,175.602127,124.710464,132.989761,7.712800,932.200012,62.480000,56.980000,37.520000,56.610001,33.715000,48.485001,2.911413,224.460007,107.997223,80.414162,18.730925,5.993000
2024-02-06,86.370003,482.902008,73.290001,29.216999,6.298000,149.520004,175.956467,124.602142,133.018051,7.749600,930.799988,62.509998,57.070000,37.665001,56.570000,33.500000,48.634998,2.925827,225.029999,108.153511,80.516991,18.847410,6.013000
2024-02-07,86.730003,485.938995,73.065002,29.122000,6.292000,149.520004,175.769958,124.507378,132.961502,7.776800,937.900024,63.160000,57.459999,37.590000,56.639999,33.884998,49.029999,2.920545,224.520004,107.932861,80.559845,18.797880,5.995000
2024-02-08,86.790001,486.447998,73.019997,29.039000,6.314000,181.960007,175.033249,124.015457,132.848465,7.776800,942.000000,63.410000,57.580002,37.415001,56.200001,34.700001,48.544998,2.889925,224.179993,107.767380,80.611259,18.802465,6.003000
2024-02-09,86.934998,487.700012,73.000000,28.975000,6.338000,180.960007,174.725510,123.510025,132.744858,7.784800,946.000000,63.689999,57.709999,37.404999,56.099998,34.965000,48.645000,2.886791,223.889999,107.730614,80.662682,18.739180,5.995000
2024-02-12,87.650002,491.632996,73.389999,29.452000,6.464000,180.360001,175.079865,123.600281,132.876724,7.862400,954.599976,64.309998,58.209999,37.860001,56.310001,35.680000,48.619999,2.884464,224.300003,107.886894,80.769806,18.960232,6.004000
2024-02-13,86.800003,486.420013,72.720001,28.975000,6.354000,179.529999,174.781433,122.959435,132.735443,7.778400,939.599976,63.720001,57.639999,37.564999,56.240002,34.805000,48.630001,2.872377,223.679993,107.675438,80.551270,18.590586,6.014000
2024-02-14,86.925003,486.852997,73.095001,29.288000,6.362000,179.100006,175.480865,123.555153,132.829636,7.796000,939.500000,64.029999,57.740002,37.654999,56.259998,35.049999,48.779999,2.866647,224.860001,107.886894,80.671257,18.652040,5.967000
2024-02-15,87.339996,488.763000,73.540001,29.306000,6.446000,179.339996,175.611420,123.500992,132.782562,7.836000,941.700012,64.279999,58.070000,37.895000,56.500000,35.180000,49.000000,2.871212,224.529999,108.024811,80.782661,18.884892,5.949000
2024-02-16,87.735001,490.412994,74.025002,29.531000,6.474000,179.889999,175.117157,122.878197,132.754272,7.874400,941.799988,64.500000,58.270000,37.950001,56.650002,35.334999,49.435001,2.853038,224.050003,107.822548,80.799797,18.934826,5.960000
2024-02-19,87.525002,488.425995,74.154999,29.525000,6.442000,180.639999,174.893326,122.869194,132.716583,7.856800,938.099976,64.459999,58.099998,37.974998,56.630001,34.980000,49.450001,2.845069,223.919998,107.822548,80.825523,18.842360,5.951000
2024-02-20,86.680000,482.994995,74.084999,29.403999,6.386000,180.869995,175.434250,122.950409,132.820190,7.783200,920.799988,63.200001,57.349998,37.810001,56.639999,33.845001,49.139999,2.854739,224.149994,108.006416,80.842659,18.765610,5.924000
2024-02-21,86.584999,482.463989,74.019997,29.472000,6.364000,180.639999,174.399094,122.806000,132.697739,7.772800,919.000000,62.930000,57.349998,37.770000,56.549999,33.834999,48.840000,2.841936,222.940002,107.739799,80.816948,18.847906,5.964000
2024-02-22,88.050003,492.373993,74.639999,29.679001,6.419000,180.440002,174.650879,122.354691,132.660080,7.885600,944.299988,65.050003,58.590000,38.134998,56.810001,35.974998,49.465000,2.840235,223.270004,107.859314,81.108337,18.918184,5.960000
2024-02-23,88.385002,494.204987,74.985001,29.701000,6.429000,181.289993,175.751328,122.508141,132.791962,7.914400,946.500000,65.139999,58.830002,38.279999,57.250000,35.680000,49.764999,2.873272,224.580002,108.098358,81.168335,18.857151,5.915000
2024-02-26,88.059998,492.100006,74.709999,29.535999,6.420000,180.320007,174.734818,122.354691,132.650681,7.880800,944.299988,65.190002,58.570000,38.110001,57.000000,35.904999,49.619999,2.858678,223.339996,107.886894,81.048347,18.651873,5.893000
2024-02-27,87.930000,490.720001,74.830002,29.608999,6.469000,180.850006,174.492371,122.210281,132.641235,7.878400,941.900024,65.000000,58.430000,38.139999,56.810001,35.869999,49.480000,2.854023,223.479996,107.684639,80.988350,18.677763,5.962000
2024-02-28,87.980003,491.980011,74.550003,29.246000,6.463000,181.089996,174.464386,122.408844,132.622391,7.873600,942.799988,64.980003,58.480000,38.095001,56.869999,35.570000,49.095001,2.851963,224.029999,107.638680,80.911224,18.638924,5.969000
2024-02-29,88.180000,493.459015,74.550003,29.319000,6.479000,182.529999,175.266388,123.365593,132.697739,7.893600,945.200012,65.239998,58.590000,38.195000,56.939999,35.935001,49.000000,2.888851,225.309998,107.840935,80.979774,18.764683,5.991000
2024-03-01,88.800003,496.389008,75.019997,29.642000,6.526000,184.899994,174.977295,123.546120,132.735443,7.953600,957.500000,66.489998,59.099998,38.555000,56.830002,37.474998,49.255001,2.893327,224.350006,107.886894,81.116898,18.833111,6.012000
2024-03-04,88.790001,496.696014,75.010002,29.546000,6.524000,187.759995,175.303696,122.914307,132.735443,7.952000,959.400024,66.940002,59.150002,38.564999,56.770000,38.299999,49.235001,2.878555,224.869995,108.015610,81.211174,18.871023,6.047000
2024-03-05,88.184998,492.440002,74.864998,29.323000,6.492000,188.800003,176.637268,123.275352,132.886169,7.896000,940.299988,66.120003,58.680000,38.560001,56.770000,37.520000,49.020000,2.916606,226.020004,108.245445,81.134048,18.912632,6.010000
2024-03-06,88.470001,493.088013,75.139999,29.618000,6.517000,189.880005,176.739838,123.365593,132.848465,7.935200,944.799988,66.709999,58.930000,38.860001,56.930000,38.340000,49.180000,2.921619,226.399994,108.162704,81.185463,18.858080,6.021000
2024-03-07,88.864998,494.842987,76.044998,29.611000,6.538000,190.339996,177.420609,123.067749,132.999207,7.964000,952.500000,67.320000,59.430000,38.924999,56.939999,39.320000,49.514999,2.914278,227.119995,108.530449,81.314018,18.845133,6.029000
2024-03-08,88.930000,495.187988,75.970001,29.631001,6.554000,191.679993,177.952179,122.652557,133.206436,7.955200,947.500000,67.010002,59.200001,38.889999,57.000000,38.645000,49.465000,2.908458,227.440002,108.797058,81.365440,19.028223,5.981000
2024-03-11,88.324997,492.140015,75.714996,29.742001,6.501000,192.589996,177.327332,123.031639,133.121658,7.913600,938.400024,65.739998,58.650002,38.700001,56.980000,37.349998,49.264999,2.915442,226.500000,108.723518,81.382576,19.027294,6.032000
2024-03-12,89.074997,496.729004,76.464996,30.009001,6.503000,191.119995,177.178131,122.769882,133.027451,7.975200,946.599976,66.589996,59.330002,38.919998,57.259998,37.810001,49.555000,2.893775,226.509995,108.640762,81.536842,18.971811,6.034000
2024-03-13,89.074997,496.526001,76.644997,29.783001,6.523000,191.589996,177.000977,122.372757,133.027451,7.974400,941.799988,66.419998,59.389999,38.799999,57.230000,37.055000,49.459999,2.868706,226.610001,108.686737,81.545418,19.009729,6.057000
2024-03-14,89.129997,497.364014,76.580002,29.855000,6.472000,191.279999,176.059067,121.944023,132.963211,7.980000,944.900024,66.739998,59.560001,38.680000,57.189999,37.044998,49.310001,2.846054,226.199997,108.456894,81.280220,18.745266,6.083000
2024-03-15,88.595001,493.596985,76.275002,29.671000,6.471000,191.669998,175.853912,121.930481,132.868073,7.937600,932.000000,66.120003,59.070000,38.820000,57.110001,36.654999,49.025002,2.847755,225.429993,108.300606,81.280220,18.715675,6.123000
2024-03-18,89.394997,499.303009,76.175003,29.761999,6.496000,191.509995,175.741989,121.790581,132.868073,7.997600,946.400024,66.830002,59.570000,38.965000,57.439999,36.825001,49.285000,2.835311,225.910004,108.199478,81.377457,18.815544,6.142000
2024-03-19,89.514999,499.996002,76.349998,29.642000,6.522000,191.470001,175.741989,122.092957,132.982239,8.010000,942.599976,66.959999,59.619999,39.169998,57.570000,36.415001,49.264999,2.843726,225.500000,108.346573,81.386299,18.890444,6.143000
2024-03-20,89.720001,501.515015,76.330002,29.711000,6.524000,191.690002,175.797943,122.422401,132.972748,8.026000,947.400024,67.220001,59.830002,39.215000,57.680000,36.474998,49.145000,2.858947,225.570007,108.364975,81.147636,18.945004,6.126000
2024-03-21,91.019997,509.199005,77.065002,30.083000,6.652000,193.479996,176.432083,123.027107,133.086914,8.148000,967.700012,68.779999,60.730000,39.715000,57.889999,38.505001,49.455002,2.851336,226.250000,108.668358,81.165314,19.172470,6.129000
2024-03-22,90.974998,508.962006,77.110001,29.980000,6.626000,193.309998,177.178131,124.268166,133.134506,8.136000,965.400024,68.860001,60.480000,39.779999,58.020000,38.099998,49.509998,2.893148,227.080002,108.898193,80.855919,19.139179,6.138000
2024-03-25,90.699997,506.993988,77.125000,29.938999,6.631000,193.860001,176.413452,123.437805,133.029831,8.116000,962.700012,68.750000,60.320000,39.665001,57.730000,38.090000,49.369999,2.872824,226.690002,108.686737,81.076912,19.075380,6.155000
2024-03-26,90.904999,508.067993,77.290001,29.961000,6.643000,193.949997,176.795792,123.564171,133.096436,8.130000,965.500000,68.919998,60.340000,39.834999,57.790001,37.985001,49.540001,2.878555,226.580002,108.769485,81.006195,19.049488,6.132000
2024-03-27,90.864998,507.455994,77.404999,29.948999,6.695000,195.369995,177.588486,124.159866,133.267731,8.124000,960.200012,68.230003,60.150002,39.980000,58.080002,37.615002,49.930000,2.904787,227.779999,109.137230,80.979675,19.249220,6.100000
2024-03-28,91.445000,511.398987,77.605003,30.195999,6.761000,198.179993,177.252762,124.159866,133.182083,8.192000,964.200012,68.519997,60.549999,40.305000,58.459999,37.930000,50.279999,2.923321,227.330002,109.293518,80.997345,19.498886,6.177000
2024-04-02,90.684998,507.716003,77.000000,30.434000,6.629000,201.899994,175.816574,123.167030,133.105972,8.128000,956.900024,67.919998,60.049999,39.865002,57.990002,37.820000,49.180000,2.848830,225.880005,108.916580,80.891281,19.092953,6.292000
2024-04-03,90.764999,507.782990,77.239998,30.311001,6.645000,203.779999,175.732666,122.444962,133.153519,8.136000,960.599976,68.510002,60.099998,39.959999,57.689999,38.150002,49.095001,2.824566,226.100006,109.109650,80.961998,18.931128,6.325000
2024-04-04,90.845001,507.859009,77.320000,30.499001,6.672000,203.559998,176.637268,122.661568,133.220154,8.148000,960.900024,68.550003,60.029999,40.084999,57.549999,38.044998,48.834999,2.832893,226.970001,109.302711,81.138786,19.085548,6.304000
2024-04-05,90.199997,504.675995,76.675003,30.236000,6.616000,207.059998,176.003113,122.778915,133.191589,8.084000,952.500000,68.260002,59.680000,39.674999,57.240002,37.415001,48.580002,2.826805,226.570007,109.082069,81.129944,18.913559,6.396000
2024-04-08,90.379997,504.990997,77.025002,30.454000,6.649000,207.199997,175.611420,121.930481,133.048874,8.102000,953.400024,68.279999,59.709999,39.834999,57.150002,37.485001,48.459999,2.809167,226.169998,109.026894,81.138786,19.159527,6.374000
2024-04-09,89.855003,501.704010,76.570000,30.514999,6.631000,208.529999,176.646576,122.345688,133.163040,8.070000,947.299988,67.410004,59.259998,39.720001,56.970001,37.200001,48.349998,2.834594,227.190002,109.192383,81.178574,19.269564,6.391000
2024-04-10,90.275002,505.127014,76.724998,30.441999,6.611000,209.869995,175.741989,122.210281,133.096436,8.096000,955.099976,68.120003,59.689999,39.700001,57.189999,37.634998,48.555000,2.824477,226.770004,108.889000,81.094589,18.945004,6.435000
2024-04-11,90.400002,506.746002,76.464996,30.624001,6.596000,210.720001,175.033249,121.894379,133.010818,8.112000,963.000000,68.580002,59.930000,39.610001,57.080002,37.869999,48.505001,2.793230,225.949997,108.613190,80.838249,18.900612,6.428000
2024-04-12,90.849998,509.446014,76.589996,30.377001,6.612000,217.059998,176.646576,123.275352,133.277237,8.140000,970.500000,68.889999,60.290001,39.680000,57.290001,37.865002,48.455002,2.839250,228.539993,109.036095,80.847084,18.993082,6.542000
2024-04-15,90.644997,508.238007,76.720001,30.288000,6.549000,213.199997,175.536819,122.196754,133.182083,8.120000,967.299988,68.860001,60.220001,39.724998,57.200001,37.869999,48.595001,2.783292,227.360001,108.594803,80.630508,18.865475,6.487000
2024-04-16,89.230003,500.744995,75.495003,29.715000,6.458000,216.009995,174.762787,122.129044,133.067902,7.986400,952.299988,67.540001,59.299999,38.959999,56.799999,37.365002,48.209999,2.779531,227.000000,108.254631,80.352066,18.510395,6.507000
2024-04-17,88.760002,497.388000,75.599998,29.645000,6.424000,216.259995,174.921326,122.386284,133.077423,7.944000,942.000000,67.089996,58.900002,38.785000,56.520000,36.500000,47.840000,2.787679,226.919998,108.392540,80.431625,18.302340,6.499000
2024-04-18,88.970001,498.359009,75.820000,29.872000,6.449000,215.639999,174.884033,122.129044,133.001282,7.968000,939.000000,67.110001,58.939999,38.910000,56.750000,35.830002,47.884998,2.782038,226.240005,108.374161,80.626083,18.361521,6.456000
2024-04-19,88.099998,492.777008,75.699997,29.629000,6.399000,216.440002,174.688202,122.851128,133.020309,7.900000,919.000000,65.660004,58.240002,38.845001,56.970001,34.650002,47.880001,2.794125,226.139999,108.309799,80.617256,18.422550,6.488000
2024-04-22,88.275002,492.355011,76.290001,29.795000,6.431000,211.750000,175.247742,123.482925,133.115479,7.917600,914.500000,65.370003,58.220001,39.084999,57.430000,34.244999,48.345001,2.791439,226.419998,108.604004,80.908966,18.483580,6.511000
2024-04-23,89.239998,497.834015,77.175003,29.990999,6.520000,209.300003,175.154465,122.806000,133.105972,8.002000,929.799988,66.529999,58.889999,39.325001,57.570000,35.105000,48.740002,2.781949,226.289993,108.640762,81.218346,18.682390,6.450000
2024-04-24,89.279999,498.414001,76.889999,30.155001,6.498000,210.419998,173.932800,122.368248,132.982239,8.008000,935.000000,66.550003,58.900002,39.325001,57.259998,35.505001,48.500000,2.756253,224.839996,108.199478,80.944321,18.587145,6.482000
2024-04-25,88.199997,491.855988,76.394997,30.072001,6.418000,209.839996,173.475845,121.443092,132.915649,7.920000,918.099976,65.169998,58.060001,38.884998,57.020000,35.465000,48.200001,2.736287,224.720001,108.024811,80.767525,18.433647,6.445000
2024-04-26,89.785004,502.148987,77.315002,30.544001,6.506000,210.699997,174.277863,122.038811,132.991776,8.056000,945.299988,66.989998,59.360001,39.169998,57.180000,36.654999,48.525002,2.759208,225.289993,108.319000,81.037140,18.668516,6.501000
2024-04-29,89.815002,501.726013,77.375000,30.754000,6.545000,210.389999,175.070526,121.546883,133.125000,8.070000,943.700012,66.709999,59.099998,39.360001,57.169998,36.505001,48.584999,2.766549,226.309998,108.558037,81.041557,18.748041,6.489000
2024-04-30,89.574997,500.346008,76.949997,30.618999,6.506000,207.429993,174.389786,121.519791,132.963211,8.042000,941.099976,66.849998,59.090000,39.169998,57.029999,36.645000,48.705002,2.765116,226.089996,108.227066,80.855919,18.715675,6.441000
2024-05-01,89.574997,500.346008,76.949997,30.618999,6.506000,207.429993,174.389786,121.880844,132.963211,8.042000,941.099976,66.849998,59.090000,39.169998,57.029999,36.645000,48.705002,2.765116,226.089996,108.227066,80.785210,18.715675,6.441000
2024-05-02,88.915001,495.112000,76.654999,31.035000,6.513000,207.770004,174.650879,122.350174,133.077423,7.999200,928.200012,66.139999,58.580002,39.095001,56.980000,35.365002,48.514999,2.770131,225.910004,108.447701,80.970840,18.762835,6.344000
2024-05-03,89.639999,499.847992,77.084999,31.167999,6.580000,205.559998,174.865387,122.679634,133.210648,8.064000,945.500000,66.739998,58.970001,39.154999,56.869999,36.205002,48.400002,2.786246,227.190002,108.778679,81.236031,18.948700,6.350000
2024-05-06,90.320000,503.635010,77.625000,31.240999,6.632000,207.949997,175.788620,122.679634,133.324829,8.118000,952.200012,67.680000,59.529999,39.395000,57.099998,36.834999,48.450001,2.790276,226.919998,109.008514,81.236031,18.939447,6.425000
2024-05-07,90.940002,507.444000,78.339996,31.132000,6.670000,207.119995,176.357483,123.523552,133.248703,8.162000,960.099976,68.050003,60.060001,39.509998,57.410000,37.095001,49.029999,2.832356,227.449997,109.183197,81.395142,19.127161,6.427000
2024-05-08,90.945000,507.855011,78.720001,31.150999,6.642000,207.949997,176.105698,123.546120,133.220154,8.156000,959.700012,68.000000,60.110001,39.410000,57.619999,36.709999,49.064999,2.818120,227.089996,108.953362,81.386299,19.021748,6.419000
2024-05-09,91.139999,508.627991,79.025002,31.101999,6.669000,208.720001,175.480865,123.374619,133.201111,8.172000,959.599976,68.029999,60.189999,39.485001,57.570000,36.790001,49.134998,2.802631,226.630005,108.824646,81.359787,19.000483,6.418000
2024-05-10,91.445000,510.184998,79.660004,31.200001,6.681000,211.750000,175.359634,123.257286,133.258194,8.202000,961.000000,68.059998,60.450001,39.654999,57.910000,37.220001,49.520000,2.805317,226.360001,108.695938,81.244865,19.076300,6.447000
2024-05-13,91.300003,509.548004,79.610001,31.357000,6.692000,208.619995,175.368958,122.945892,133.258194,8.192000,961.299988,67.730003,60.330002,39.755001,57.919998,37.224998,49.455002,2.808630,226.520004,108.806259,81.262543,19.098495,6.455000
2024-05-14,91.250000,508.743988,79.775002,31.417000,6.709000,209.600006,174.967957,122.824051,133.220154,8.190000,962.099976,67.730003,60.259998,39.849998,57.599998,37.384998,49.340000,2.803795,225.929993,108.594803,81.227188,19.162302,6.455000
2024-05-15,91.915001,512.758972,80.254997,31.618000,6.736000,211.559998,176.553329,122.995529,133.448517,8.252000,970.900024,68.610001,60.820000,39.970001,57.720001,38.209999,49.849998,2.836832,227.979996,109.183197,81.545410,19.325045,6.450000
2024-05-16,92.290001,515.622009,79.889999,31.718000,6.710000,211.210007,176.443222,122.978188,133.477066,8.276000,979.299988,68.860001,61.130001,39.884998,57.889999,38.744999,49.939999,2.842025,227.699997,109.072868,81.492378,19.320461,6.469000
2024-05-17,92.000000,513.200012,79.930000,31.865999,6.699000,213.550003,175.687180,122.375778,133.229660,8.258000,974.400024,68.510002,60.830002,39.884998,57.869999,38.340000,49.770000,2.821701,226.820007,108.815453,81.421654,19.285000,6.558000
2024-05-20,92.519997,516.612976,80.260002,31.820999,6.734000,215.350006,175.469818,121.966507,133.315308,8.298000,980.400024,69.110001,61.200001,40.105000,58.090000,38.880001,49.930000,2.810152,226.399994,108.797058,81.518898,19.337259,6.650000
2024-05-21,92.309998,515.572021,80.055000,31.618999,6.719000,215.979996,175.621017,122.182648,133.324829,8.274000,981.299988,69.120003,61.130001,40.000000,57.919998,38.720001,49.970001,2.824656,226.580002,108.934967,81.571930,19.198202,6.675000
2024-05-22,92.345001,517.181030,79.785004,31.618000,6.700000,212.600006,175.365845,121.943512,133.267731,8.270000,987.299988,69.139999,61.099998,39.884998,57.970001,39.220001,50.049999,2.829849,226.490005,108.797058,81.510056,19.185137,6.622000
2024-05-23,92.370003,517.575012,79.839996,31.518999,6.649000,208.649994,174.449127,121.511253,133.125000,8.268000,992.900024,69.860001,61.490002,39.750000,57.700001,39.820000,50.009998,2.815345,225.750000,108.521255,81.403976,18.881828,6.608000
2024-05-24,92.029999,515.104004,79.745003,31.395000,6.650000,207.440002,174.713745,121.354912,133.172562,8.236000,990.099976,69.860001,61.279999,39.775002,57.369999,40.005001,49.570000,2.815971,225.550003,108.548836,81.457016,18.749302,6.552000
2024-05-27,92.250000,515.476990,80.004997,31.548000,6.687000,209.270004,175.299698,121.354912,133.334335,8.258000,990.799988,70.190002,61.450001,39.935001,57.369999,40.285000,49.395000,2.818389,226.270004,108.787872,81.457016,18.716639,6.607000
2024-05-28,91.879997,514.184021,79.504997,31.329000,6.655000,209.410004,174.647598,120.931847,133.201111,8.228000,989.299988,70.110001,61.220001,39.904999,56.919998,40.505001,48.825001,2.791977,225.460007,108.567223,81.589615,18.687708,6.620000
2024-05-29,91.525002,513.929993,78.714996,31.018000,6.582000,208.649994,173.466293,120.527176,133.153519,8.188000,990.700012,70.059998,61.110001,39.404999,56.630001,40.180000,48.660000,2.760014,224.220001,108.282227,81.403976,18.443190,6.622000
2024-05-30,91.269997,510.604004,79.205002,30.934999,6.636000,208.360001,173.910446,120.881256,133.220154,8.168000,979.799988,69.470001,60.919998,39.615002,56.689999,39.580002,48.685001,2.775502,225.520004,108.456894,81.426079,18.665310,6.503000
2024-05-31,90.669998,505.799011,79.529999,30.400000,6.613000,207.309998,173.995529,121.460670,133.286774,8.118000,961.599976,68.449997,60.450001,39.665001,56.959999,38.525002,49.014999,2.793767,225.190002,108.484482,81.403976,18.834227,6.426000
2024-06-03,91.345001,509.932007,79.769997,30.792000,6.650000,207.699997,174.902786,121.681396,133.381912,8.170000,972.900024,69.029999,60.880001,39.895000,57.259998,39.130001,49.415001,2.824566,225.470001,108.815453,81.571930,18.934092,6.377000
2024-06-04,91.169998,509.895996,79.400002,30.263000,6.573000,206.199997,175.309128,122.302200,133.505615,8.138000,973.000000,68.660004,60.830002,39.615002,57.299999,38.820000,49.459999,2.853485,225.750000,108.953362,81.638229,19.047949,6.338000
2024-06-05,92.260002,516.869995,80.209999,30.879999,6.614000,208.729996,175.602127,122.890808,133.657867,8.242000,993.500000,69.919998,61.759998,39.705002,57.549999,40.654999,50.029999,2.885538,226.850006,109.072868,81.775246,19.088078,6.347000
2024-06-06,92.599998,518.521973,80.665001,31.023001,6.609000,210.389999,175.394211,122.858620,133.439011,8.264000,998.000000,70.209999,61.950001,39.794998,57.689999,40.785000,50.169998,2.879808,226.229996,108.898193,81.810600,19.057280,6.448000
2024-06-07,93.059998,522.794983,80.540001,31.087999,6.595000,206.059998,174.392426,122.361984,133.334335,8.300000,1004.799988,70.610001,62.349998,39.869999,58.070000,40.985001,50.650002,2.853575,225.210007,108.484482,81.739883,18.968620,6.374000
2024-06-10,93.449997,525.193970,80.320000,31.318001,6.615000,207.149994,173.154404,121.971100,133.191589,8.338000,1012.400024,71.400002,62.560001,40.020000,58.020000,41.779999,50.590000,2.843010,223.600006,108.355774,81.589615,19.061945,6.480000
2024-06-11,93.315002,526.065979,79.599998,31.106001,6.581000,207.899994,173.560776,122.104462,133.353378,8.320000,1015.799988,71.029999,62.580002,39.634998,57.910000,41.500000,50.599998,2.853396,223.679993,108.585609,81.510056,18.990086,6.494000
2024-06-12,93.775002,528.406982,80.375000,31.346001,6.679000,207.100006,174.742111,122.743660,133.524658,8.370000,1026.000000,71.540001,62.980000,39.689999,57.470001,42.505001,50.270000,2.892969,224.839996,109.008514,81.899002,19.137543,6.451000
2024-06-13,93.769997,531.091980,79.415001,31.413000,6.586000,206.970001,174.921677,123.507011,133.629318,8.362000,1037.599976,71.800003,62.990002,39.235001,57.450001,43.270000,50.310001,2.918295,224.649994,109.072868,81.660324,19.029282,6.475000
2024-06-14,94.029999,534.356995,78.639999,31.622000,6.543000,209.809998,175.838379,124.619850,133.695938,8.382000,1046.000000,72.050003,63.330002,39.185001,57.799999,43.380001,50.689999,2.971014,225.679993,109.339493,81.342102,19.124477,6.503000
2024-06-17,94.084999,535.263000,78.705002,31.669001,6.526000,208.100006,175.242981,124.003654,133.515121,8.376000,1050.599976,72.129997,63.340000,39.080002,57.740002,43.825001,50.389999,2.931383,225.059998,109.045280,81.350937,19.002214,6.444000
2024-06-18,94.595001,537.895996,79.235001,31.972000,6.580000,208.970001,175.904556,124.435913,133.733994,8.436000,1056.400024,72.809998,63.770000,39.340000,58.040001,44.814999,50.509998,2.948315,226.270004,109.201584,81.594032,19.075945,6.487000
2024-06-19,94.724998,538.931030,79.144997,32.143002,6.563000,208.850006,175.498154,124.183006,133.714981,8.448000,1060.800049,73.050003,63.889999,39.255001,57.950001,45.044998,50.320000,2.958200,225.429993,109.155624,81.510056,19.015284,6.502000
2024-06-20,95.120003,540.942017,79.889999,32.053001,6.596000,212.050003,175.535980,124.348541,133.753036,8.480000,1061.199951,73.339996,64.080002,39.470001,58.320000,44.805000,50.680000,2.941543,225.169998,109.201584,81.501213,19.057280,6.529000
2024-06-21,94.750000,539.679993,79.224998,32.035000,6.578000,210.020004,175.583206,124.785393,133.791092,8.450000,1054.000000,72.330002,63.770000,39.334999,58.480000,43.584999,50.849998,2.950055,225.199997,109.330292,81.448174,19.084345,6.493000
2024-06-24,94.949997,539.112976,79.849998,32.021999,6.639000,209.500000,175.630478,124.169197,133.848190,8.474000,1045.400024,72.070000,63.779999,39.680000,58.889999,42.389999,51.279999,2.940810,225.289993,109.284325,81.678009,19.316727,6.483000
2024-06-25,94.879997,538.288025,79.654999,31.809999,6.590000,209.080002,175.791122,124.463501,133.857697,8.456000,1048.599976,72.500000,63.779999,39.654999,58.810001,42.544998,51.330002,2.956553,224.789993,109.376259,81.642654,19.052614,6.454000
2024-06-26,94.834999,539.109009,79.220001,31.830999,6.567000,207.750000,175.176834,124.491096,133.791092,8.456000,1052.599976,72.400002,63.660000,39.415001,58.560001,42.349998,51.160000,2.934037,224.000000,109.210777,81.607292,19.072214,6.442000
2024-06-27,94.830002,539.333984,78.910004,31.820999,6.571000,209.729996,174.864975,124.537094,133.762543,8.454000,1052.000000,72.379997,63.540001,39.285000,58.480000,42.095001,50.860001,2.937790,223.869995,109.247559,81.642654,19.076881,6.457000
2024-06-28,95.190002,541.661011,78.695000,32.008999,6.617000,209.600006,174.458588,124.316353,133.819656,8.492000,1058.000000,72.980003,63.560001,39.590000,58.570000,42.884998,51.009998,2.909142,223.679993,109.219971,81.633804,19.152473,6.445000
2024-07-01,94.635002,537.372009,78.964996,31.950001,6.562000,209.289993,173.608032,123.065544,133.743515,8.442000,1049.599976,72.449997,62.990002,39.610001,58.340000,42.275002,50.730000,2.833817,222.889999,109.072868,81.704521,19.038614,6.434000
2024-07-02,94.785004,538.697021,78.620003,31.863001,6.567000,208.830002,173.797043,122.991974,133.743515,8.458000,1057.400024,72.650002,63.040001,39.580002,58.259998,42.685001,50.259998,2.835556,223.059998,109.173996,81.854797,19.142206,6.448000
2024-07-03,95.084999,539.205017,79.195000,32.196999,6.582000,210.990005,174.713745,122.991974,133.819656,8.486000,1062.800049,73.070000,63.150002,39.715000,58.020000,43.450001,49.634998,2.865759,224.220001,109.504974,81.960876,19.153406,6.443000
2024-07-04,95.300003,539.989990,79.654999,32.277000,6.590000,210.419998,174.326294,122.854027,133.762543,8.504000,1064.400024,73.360001,63.200001,39.939999,58.060001,43.674999,49.845001,2.855417,224.199997,109.403847,82.080215,19.143141,6.428000
2024-07-05,95.334999,540.825989,79.544998,32.233002,6.554000,212.410004,175.176834,123.327667,133.952866,8.500000,1072.000000,73.300003,63.310001,39.724998,57.869999,43.735001,49.860001,2.887268,225.380005,109.615295,82.084633,19.130075,6.479000
2024-07-08,95.504997,542.692017,79.464996,32.337002,6.574000,210.889999,175.668274,122.982780,134.019455,8.520000,1077.000000,73.660004,63.349998,39.785000,57.970001,44.340000,49.994999,2.883241,225.880005,109.762390,82.234901,19.113276,6.393000
2024-07-09,95.660004,544.706970,78.760002,32.431000,6.543000,209.929993,174.864975,123.148323,133.933823,8.526000,1081.599976,73.870003,63.439999,39.695000,58.070000,44.314999,50.040001,2.869420,224.479996,109.578514,82.005066,19.103945,6.368000
2024-07-10,96.029999,545.465027,79.459999,32.549999,6.582000,211.910004,175.696640,122.900017,134.057541,8.566000,1082.800049,74.290001,63.610001,40.044998,58.299999,45.040001,50.419998,2.877658,225.789993,109.744011,82.119987,19.249535,6.348000
2024-07-11,95.860001,543.106995,79.889999,32.703999,6.720000,214.770004,176.745651,123.304688,134.333481,8.566000,1067.800049,73.470001,63.419998,40.215000,58.660000,44.000000,50.869999,2.918752,226.789993,110.148521,82.385170,19.679768,6.343000
2024-07-12,96.339996,545.306030,80.629997,32.741001,6.799000,213.179993,176.414871,122.513748,134.257355,8.608000,1070.199951,73.680000,63.849998,40.435001,58.869999,44.455002,51.150002,2.894773,226.350006,110.001427,82.517776,19.793627,6.308000
2024-07-15,96.339996,546.744019,79.800003,32.495998,6.830000,215.309998,176.944107,122.361984,134.362030,8.606000,1073.199951,73.690002,63.759998,40.380001,58.790001,44.320000,50.910000,2.878756,226.899994,110.120941,82.473579,19.859888,6.260000
2024-07-16,96.485001,547.728027,79.550003,32.519001,6.917000,218.199997,177.378845,122.831017,134.409622,8.624000,1068.000000,73.669998,63.849998,40.580002,59.139999,43.915001,51.290001,2.908959,227.210007,110.065781,82.500092,19.947618,6.253000
2024-07-17,95.474998,541.041992,79.150002,32.091999,6.911000,217.429993,177.416641,122.532120,134.400116,8.542000,1041.000000,71.709999,62.990002,40.794998,59.410000,41.695000,51.320000,2.906763,227.580002,110.074982,82.438210,20.168798,6.201000
2024-07-18,94.925003,537.869019,78.934998,31.840000,6.886000,217.990005,177.662354,122.982780,134.552353,8.494000,1028.000000,70.379997,62.529999,40.849998,59.700001,40.025002,50.869999,2.909417,227.910004,110.336617,82.477997,20.240662,6.200000
2024-07-19,94.370003,534.666992,78.385002,31.546000,6.784000,213.000000,176.887390,122.982780,134.504776,8.426000,1026.000000,70.580002,62.189999,40.215000,59.139999,39.994999,50.599998,2.883332,226.979996,110.065247,82.464737,19.903749,6.144000
2024-07-22,94.809998,536.744019,79.139999,31.673000,6.822000,211.449997,176.755096,122.817230,134.390579,8.462000,1030.400024,70.900002,62.490002,40.400002,59.299999,40.340000,50.950001,2.877109,226.220001,110.149467,82.570816,20.082935,6.149000
2024-07-23,95.709999,542.875977,79.275002,31.738001,6.910000,213.720001,177.057526,123.028770,134.447678,8.538000,1046.800049,72.230003,63.029999,40.380001,59.400002,41.115002,51.230000,2.889922,226.300003,110.383400,82.553131,20.176264,6.154000
2024-07-24,94.050003,531.607971,78.745003,31.416000,6.881000,215.630005,176.840149,123.111534,134.590408,8.408000,1011.799988,70.300003,61.860001,40.185001,59.160000,39.470001,51.209999,2.880678,225.869995,110.467621,82.495667,20.112804,6.165000
2024-07-25,93.559998,529.916016,78.184998,31.205000,6.848000,210.020004,177.388275,123.479416,134.590408,8.362000,1001.400024,69.029999,61.439999,39.985001,59.590000,38.384998,51.680000,2.881318,225.940002,110.542488,82.411705,19.941082,6.090000
2024-07-26,93.745003,529.828003,78.815002,31.368999,6.889000,211.860001,177.482788,123.870293,134.742676,8.382000,997.700012,69.019997,61.599998,40.189999,59.820000,38.355000,51.740002,2.886810,225.940002,110.710922,82.561966,19.913084,6.056000
2024-07-29,93.919998,531.547974,78.589996,31.344000,6.898000,211.630005,178.087616,124.196785,134.742676,8.400000,1002.000000,69.160004,61.709999,40.259998,60.040001,38.410000,51.810001,2.917471,226.649994,110.682846,82.544281,20.096004,6.016000
2024-07-30,93.995003,531.021973,78.904999,31.346001,6.930000,212.979996,178.304993,124.504890,134.856857,8.408000,996.900024,68.949997,61.799999,40.369999,60.250000,37.584999,51.820000,2.919393,226.699997,110.907433,82.650360,20.218264,6.027000
2024-07-31,95.389999,539.257019,79.589996,31.976999,7.007000,215.830002,178.957092,125.010727,134.932983,8.530000,1021.000000,70.660004,62.779999,40.715000,60.630001,39.255001,52.169998,2.951519,227.740005,111.057159,82.756439,20.361050,6.086000
2024-08-01,94.455002,535.895020,78.474998,31.688999,6.846000,218.800003,179.391830,126.744370,135.104248,8.438000,1011.599976,69.559998,62.480000,39.775002,60.410000,38.255001,52.279999,2.995909,228.300003,111.337891,82.791801,20.267723,6.093000
2024-08-02,90.665001,513.974976,76.514999,30.575001,6.540000,214.429993,180.110062,128.206680,135.332642,8.100000,962.099976,65.309998,60.330002,37.950001,59.189999,35.029999,51.110001,3.031604,228.610001,111.160088,82.296776,19.979345,5.935000
2024-08-05,88.625000,502.354004,74.870003,29.561001,6.348000,211.509995,179.779297,128.772324,135.227982,7.911200,935.900024,63.419998,58.990002,36.980000,58.490002,34.084999,50.290001,3.038468,227.149994,110.636063,81.952034,19.791763,5.857000
2024-08-06,89.415001,507.924988,75.099998,29.796000,6.431000,210.550003,179.987228,128.776932,135.247025,7.973600,948.500000,64.680000,59.610001,37.009998,58.849998,34.860001,50.720001,3.019980,227.740005,111.103951,82.102310,19.843090,5.915000
2024-08-07,90.660004,513.155029,76.264999,30.448000,6.521000,211.529999,179.042130,127.728455,135.142319,8.106000,961.099976,65.779999,60.310001,37.845001,59.560001,35.514999,50.689999,2.978977,227.160004,111.001007,82.526611,20.278923,5.954000
2024-08-08,90.660004,512.713013,76.389999,30.730000,6.525000,213.509995,179.089401,127.355988,135.247025,8.110000,957.000000,66.120003,60.380001,37.855000,59.500000,35.610001,51.150002,2.961678,227.350006,111.019730,82.619423,20.143602,5.985000
2024-08-09,91.025002,515.150024,76.820000,30.825001,6.529000,214.440002,179.760391,127.480141,135.304108,8.134000,963.000000,66.739998,60.740002,37.759998,59.560001,35.685001,51.580002,2.986573,227.399994,111.122658,82.672462,20.145472,5.985000
2024-08-12,91.175003,516.065002,76.760002,31.020000,6.507000,216.660004,179.807648,127.443359,135.227982,8.150000,967.599976,66.989998,60.849998,37.825001,59.590000,36.035000,51.389999,2.987123,227.690002,111.132019,82.778534,20.022276,6.027000
2024-08-13,92.070000,520.890991,77.205002,31.103001,6.560000,217.389999,180.535355,127.599701,135.446823,8.220000,984.099976,68.040001,61.410000,38.125000,59.759998,36.924999,51.700001,3.004421,228.570007,111.216232,82.871353,20.198662,5.986000
2024-08-14,92.300003,522.328003,77.559998,30.926001,6.555000,214.330002,180.601517,127.884796,135.456360,8.230000,986.500000,68.480003,61.560001,38.169998,59.889999,37.224998,51.709999,3.009089,228.050003,111.384674,82.995102,20.251860,5.958000
2024-08-15,93.925003,531.546997,78.589996,31.334999,6.699000,215.779999,179.628098,126.588028,135.256516,8.376000,1009.000000,70.150002,62.619999,38.919998,60.400002,38.645000,52.240002,2.983095,227.729996,111.113304,83.092354,20.310656,6.028000
2024-08-16,94.035004,532.223999,78.754997,31.584999,6.691000,218.149994,179.514679,126.339691,135.266022,8.392000,1009.799988,70.160004,62.650002,38.990002,60.529999,38.595001,52.290001,2.989136,227.449997,111.225594,83.198425,20.221254,5.960000
2024-08-19,94.309998,532.697021,79.199997,31.761000,6.730000,218.419998,179.694244,125.958015,135.237473,8.416000,1010.200012,70.190002,62.700001,39.259998,60.660000,38.450001,52.369999,2.996367,227.339996,111.291107,83.233780,20.345425,5.979000
2024-08-20,94.099998,532.294006,78.870003,31.434000,6.674000,217.949997,180.214020,126.045387,135.399216,8.382000,1014.599976,70.209999,62.639999,38.985001,60.570000,38.700001,52.410000,3.004512,227.679993,111.450180,83.269142,20.223133,5.954000
2024-08-21,94.190002,532.143005,79.095001,31.502001,6.704000,217.119995,180.563690,125.866051,135.475357,8.398000,1013.599976,70.300003,62.830002,39.084999,60.709999,38.759998,52.320000,3.002407,227.740005,111.571831,83.273552,20.244770,5.931000
2024-08-22,94.345001,532.932983,79.480003,31.280001,6.729000,214.990005,180.043915,125.157898,135.465866,8.404000,1013.599976,70.510002,63.000000,39.139999,60.950001,38.570000,52.500000,2.982271,227.330002,111.375313,83.313332,20.427267,5.880000
2024-08-23,94.375000,531.591980,79.824997,31.481001,6.821000,216.809998,180.488098,124.458893,135.551483,8.422000,1005.000000,70.349998,62.849998,39.415001,60.810001,38.314999,52.439999,2.979526,228.529999,111.496964,83.552002,20.697247,5.919000
2024-08-26,94.309998,531.411011,79.849998,31.260000,6.823000,216.910004,180.128983,124.458893,135.522964,8.408000,999.200012,69.940002,62.889999,39.404999,61.040001,37.599998,52.540001,2.982912,228.380005,111.496964,83.552002,20.819538,5.962000
2024-08-27,94.370003,531.815979,79.949997,31.308001,6.789000,217.339996,179.533585,124.054230,135.418274,8.408000,1000.799988,69.959999,62.950001,39.505001,61.119999,37.590000,52.509998,2.965065,227.320007,111.384674,83.560837,20.811068,5.980000
2024-08-28,94.339996,531.268982,80.214996,31.273001,6.787000,217.350006,179.798203,124.601456,135.522964,8.414000,991.900024,69.750000,62.980000,39.575001,61.520000,37.264999,52.900002,2.984926,227.539993,111.496964,83.357536,20.914545,5.951000
2024-08-29,95.404999,537.528992,80.925003,31.545000,6.864000,219.309998,179.571381,124.472702,135.618118,8.506000,1009.200012,70.680000,63.750000,39.939999,61.939999,38.200001,53.380001,2.977878,227.199997,111.450180,83.560837,20.837410,5.993000
2024-08-30,95.080002,534.900024,80.860001,31.464001,6.842000,218.330002,179.391830,124.757797,135.475357,8.480000,1002.000000,70.419998,63.380001,39.994999,61.880001,37.855000,53.290001,2.984194,226.679993,111.309807,83.498962,20.920193,5.990000
2024-09-02,95.669998,539.437012,80.860001,31.459000,6.860000,217.940002,179.023254,124.219788,135.513443,8.522000,1011.400024,70.940002,63.770000,40.169998,62.220001,38.389999,53.480000,2.954906,226.630005,111.188164,83.503387,21.063177,5.968000
2024-09-03,94.735001,533.546021,80.050003,31.136000,6.786000,216.710007,179.665878,125.447578,135.503906,8.436000,991.299988,69.589996,63.029999,39.825001,62.419998,36.330002,53.669998,3.006251,227.020004,111.422112,83.437088,21.034956,5.912000
2024-09-04,93.620003,527.377014,79.285004,30.975000,6.714000,217.119995,180.648758,125.516571,135.760834,8.340000,978.000000,68.370003,62.130001,39.474998,62.029999,35.619999,53.139999,3.018516,227.839996,111.656044,83.375214,21.037777,5.895000
2024-09-05,92.974998,523.434998,78.800003,30.878000,6.675000,218.039993,180.856674,125.815468,135.827454,8.292000,970.700012,67.629997,61.480000,39.349998,61.560001,35.070000,52.259998,3.040024,228.050003,111.730911,83.348694,21.059414,5.914000
2024-09-06,91.824997,516.968994,78.014999,30.437000,6.580000,218.410004,181.281952,126.753571,135.827454,8.182000,952.200012,66.029999,60.869999,38.775002,61.259998,33.650002,52.200001,3.081669,227.699997,112.002289,83.463600,20.868454,5.845000
2024-09-09,92.855003,522.572021,78.669998,30.724001,6.641000,217.949997,181.310318,127.112267,135.932144,8.272000,960.900024,66.879997,61.580002,39.235001,61.919998,34.130001,52.669998,3.072241,228.119995,112.039726,83.357536,21.181705,5.853000
2024-09-10,93.029999,525.351013,78.205002,30.641001,6.617000,219.779999,181.678879,127.636475,136.112915,8.276000,971.500000,66.989998,61.660000,38.869999,61.950001,34.424999,52.740002,3.099607,228.130005,112.049080,83.331017,21.392426,5.834000
2024-09-11,92.570000,521.692993,78.285004,30.579000,6.581000,220.009995,182.406570,128.317062,136.131973,8.242000,968.200012,67.000000,61.400002,38.695000,61.330002,34.994999,52.330002,3.115441,228.270004,112.077141,83.233780,21.288006,5.873000
2024-09-12,94.294998,532.697998,78.889999,30.950001,6.701000,223.100006,181.811203,127.406555,136.123291,8.388000,997.500000,69.150002,62.450001,39.145000,61.799999,36.470001,52.520000,3.084597,227.919998,111.946129,83.427795,21.448864,5.968000
2024-09-13,94.985001,536.859985,79.470001,31.179001,6.795000,224.130005,182.037994,126.988083,136.142578,8.450000,1005.200012,69.760002,62.939999,39.450001,62.139999,36.880001,52.799999,3.074255,228.639999,112.170723,83.783195,21.616308,5.988000
2024-09-16,94.580002,534.221008,79.360001,31.096001,6.784000,223.929993,182.434906,126.675385,136.210175,8.418000,995.500000,69.339996,62.599998,39.439999,62.160000,36.200001,52.759998,3.086428,229.610001,112.180077,83.737625,21.626657,6.015000
2024-09-17,95.139999,537.973999,79.599998,31.235001,6.876000,222.679993,182.009644,126.808762,136.036346,8.472000,1003.200012,69.820000,63.020000,39.700001,62.150002,36.740002,52.610001,3.092103,229.399994,112.152008,83.737625,21.615368,6.017000
2024-09-18,94.654999,535.638977,79.220001,31.101999,6.831000,223.300003,181.300842,126.091385,136.113602,8.430000,997.900024,69.470001,62.650002,39.549999,61.799999,36.320000,52.270000,3.067207,228.679993,111.974213,83.664711,21.462971,6.016000
2024-09-19,95.985001,542.270996,80.309998,31.554001,6.936000,223.570007,181.385895,125.144096,136.113602,8.558000,1020.200012,71.070000,63.419998,40.014999,61.570000,37.660000,52.340000,3.022543,228.309998,112.283005,84.156807,21.546698,6.041000
2024-09-20,95.375000,539.994019,79.150002,31.542000,6.884000,226.240005,181.234695,124.946350,136.055664,8.500000,1011.599976,70.870003,62.959999,39.700001,61.509998,36.895000,51.950001,3.015770,228.309998,112.189438,83.974564,21.386776,6.052000
2024-09-23,96.004997,543.447998,79.510002,31.854000,6.906000,227.850006,181.622162,124.040428,136.248795,8.558000,1019.400024,71.379997,63.320000,39.970001,61.950001,37.110001,51.910000,3.000943,228.729996,112.470169,84.074806,21.567390,6.141000
2024-09-24,96.040001,542.856995,80.070000,32.592999,6.910000,228.699997,182.264801,124.150818,136.480576,8.582000,1019.000000,71.419998,63.340000,40.084999,61.770000,37.544998,51.779999,2.999295,229.929993,112.601181,84.083908,21.536346,6.207000
2024-09-25,96.080002,543.268005,80.004997,32.529999,6.891000,229.630005,181.452072,124.012856,136.355026,8.582000,1023.400024,71.750000,63.389999,39.970001,61.590000,38.049999,51.450001,2.988404,229.000000,112.404663,84.029243,21.488373,6.206000
2024-09-26,96.320000,542.565002,81.010002,33.361000,6.933000,230.360001,181.830063,123.346062,136.509537,8.630000,1024.599976,72.099998,63.520000,40.305000,61.619999,38.660000,51.360001,2.974400,229.490005,112.460808,84.225159,21.396187,6.187000
2024-09-27,96.665001,544.890991,81.404999,33.410999,6.970000,229.139999,182.264801,123.778320,136.528854,8.658000,1026.199951,71.669998,63.799999,40.560001,61.900002,38.570000,51.700001,2.994902,229.520004,112.713463,84.329956,21.463913,6.188000
2024-09-30,96.364998,544.302979,80.605003,33.080002,6.952000,227.860001,182.293167,123.626572,136.490219,8.624000,1025.599976,71.360001,63.540001,40.205002,61.650002,38.160000,51.369999,2.994444,229.889999,112.750900,84.193268,21.399948,6.216000
2024-10-01,96.555000,545.356995,80.330002,33.216000,6.943000,232.160004,183.493393,125.346420,136.606110,8.644000,1018.200012,71.690002,63.750000,40.259998,62.160000,37.520000,51.810001,3.044692,231.440002,113.190712,84.129478,21.516590,6.337000
2024-10-02,96.919998,547.754028,80.434998,33.862999,6.949000,231.130005,182.803482,124.808388,136.635086,8.686000,1027.400024,71.690002,64.019997,40.389999,62.009998,38.330002,51.790001,3.010827,231.119995,112.872551,84.156807,21.395247,6.357000
2024-10-03,96.690002,547.760010,79.675003,33.666000,6.912000,232.009995,182.302612,126.072990,136.548172,8.664000,1027.400024,71.790001,63.980000,40.099998,61.910000,38.505001,51.490002,3.011560,231.119995,112.919334,84.165932,21.307758,6.394000
2024-10-04,97.290001,550.744995,79.989998,33.910000,6.989000,233.880005,181.423691,124.868187,136.374344,8.720000,1035.199951,72.150002,64.199997,40.555000,62.119999,38.840000,51.419998,2.980441,230.509995,112.619896,84.202385,21.286123,6.430000
2024-10-07,97.589996,553.036987,80.144997,34.192001,6.961000,232.380005,180.875549,124.486488,136.268127,8.754000,1040.599976,72.470001,64.370003,40.535000,61.980000,39.200001,51.549999,2.952068,230.259995,112.488884,84.175041,21.134670,6.430000
2024-10-08,97.540001,554.302002,79.714996,33.506001,6.950000,229.449997,181.007889,124.399124,136.287430,8.722000,1044.800049,72.580002,64.459999,40.384998,62.040001,39.445000,51.590000,2.945753,229.929993,112.470169,84.056580,21.090456,6.290000
2024-10-09,98.254997,558.588989,80.235001,33.477001,6.999000,229.949997,180.875549,124.224380,136.171555,8.778000,1054.400024,73.099998,64.879997,40.654999,62.490002,40.005001,51.970001,2.949689,229.419998,112.423386,84.156807,21.140316,6.276000
2024-10-10,98.470001,560.237000,80.125000,33.508999,6.960000,231.520004,181.055130,124.403725,136.384003,8.794000,1059.199951,73.250000,65.000000,40.665001,62.669998,40.200001,52.230000,2.931017,230.949997,112.573105,84.366417,21.089520,6.327000
2024-10-11,98.830002,561.744019,80.535004,33.691002,7.042000,234.029999,180.686569,124.141602,136.306747,8.830000,1057.800049,73.629997,65.290001,40.700001,62.779999,40.279999,52.430000,2.925709,230.720001,112.573105,84.384628,21.181705,6.376000
2024-10-14,99.625000,567.205017,80.989998,33.716999,7.082000,233.729996,180.724350,123.920898,136.287430,8.892000,1066.800049,74.309998,65.949997,40.919998,63.200001,41.000000,52.799999,2.920675,230.589996,112.460808,84.471207,21.330336,6.306000
2024-10-15,99.385002,567.281982,80.279999,33.209000,7.127000,235.419998,181.754486,124.251976,136.345383,8.858000,1062.000000,74.279999,65.610001,40.884998,63.549999,39.174999,52.610001,2.959756,230.279999,112.694756,84.493988,21.555164,6.249000
2024-10-16,99.385002,566.838989,80.195000,33.515999,7.160000,237.149994,182.567230,125.585541,136.461258,8.866000,1058.400024,74.419998,65.489998,40.950001,63.590000,38.654999,52.560001,2.995635,231.210007,113.069061,84.539551,21.746124,6.251000
2024-10-17,100.235001,572.523987,80.824997,33.493000,7.171000,239.600006,182.340424,124.753220,136.567490,8.936000,1069.800049,75.260002,66.040001,41.160000,64.029999,39.759998,52.709999,2.957193,231.100006,113.040985,84.557785,21.773405,6.260000
2024-10-18,100.125000,571.174011,80.995003,33.694000,7.166000,241.250000,182.765717,124.615257,136.664047,8.930000,1070.800049,74.989998,65.930000,41.040001,63.910000,39.305000,52.590000,2.961678,231.179993,113.265572,84.594231,21.755531,6.253000
2024-10-21,99.714996,570.007996,80.474998,33.349998,7.090000,242.369995,181.215775,124.311745,136.499893,8.884000,1066.400024,74.800003,65.760002,40.700001,63.590000,38.994999,52.369999,2.917288,229.729996,112.788330,84.503105,21.473322,6.312000
2024-10-22,99.860001,571.783997,80.290001,33.379002,7.066000,244.380005,180.705475,124.049652,136.461258,8.894000,1074.000000,74.790001,65.730003,40.650002,63.389999,39.084999,52.169998,2.906031,229.940002,112.760254,84.566895,21.445103,6.395000
2024-10-23,99.495003,570.072998,80.025002,33.334000,7.021000,242.570007,180.970078,124.178391,136.606110,8.868000,1069.000000,74.620003,65.519997,40.525002,63.270000,39.099998,51.919998,2.913261,229.669998,112.750900,84.448425,21.571154,6.384000
2024-10-24,99.389999,568.934021,80.070000,33.110001,7.014000,243.990005,181.801743,124.297951,136.654388,8.848000,1068.800049,74.400002,65.320000,40.455002,63.320000,39.029999,52.000000,2.923787,230.199997,113.069061,84.594231,21.589025,6.375000
2024-10-25,99.730003,571.749023,80.074997,33.191002,7.020000,244.199997,181.177994,124.109428,136.548172,8.878000,1082.599976,74.410004,65.480003,40.549999,63.029999,39.865002,51.669998,2.916648,228.880005,112.881905,84.562332,21.577738,6.397000
2024-10-28,99.660004,570.351990,80.385002,33.268002,7.068000,244.440002,181.376465,123.304688,136.683365,8.874000,1077.800049,74.290001,65.400002,40.660000,62.980000,39.314999,51.490002,2.884797,228.779999,112.994202,84.685364,21.493074,6.292000
2024-10-29,99.769997,571.466003,79.894997,33.235001,7.051000,247.080002,180.629852,122.840240,136.509537,8.880000,1083.000000,74.309998,65.489998,40.599998,62.970001,40.014999,51.439999,2.879671,227.789993,112.694756,84.676239,21.421583,6.312000
2024-10-30,99.290001,569.513977,78.900002,32.782001,7.048000,247.300003,179.873810,123.442642,136.277786,8.828000,1079.199951,73.889999,65.040001,40.270000,62.360001,39.084999,50.810001,2.916373,228.009995,112.460808,84.566895,21.366081,6.299000
2024-10-31,97.550003,558.395020,78.025002,32.534000,6.967000,243.529999,179.372940,124.371536,136.248795,8.690000,1050.199951,72.910004,63.939999,39.980000,62.110001,37.580002,50.639999,2.902736,227.929993,112.114571,84.439316,21.194876,6.253000
2024-11-01,98.309998,561.971985,78.864998,32.866001,6.997000,243.789993,179.429626,123.152931,136.345383,8.760000,1060.000000,73.080002,64.290001,40.375000,62.299999,38.325001,51.000000,2.874637,227.410004,112.404663,84.503105,20.977573,6.266000
2024-11-04,97.474998,556.203003,78.559998,32.875999,6.982000,242.389999,179.609177,123.465614,136.326050,8.700000,1050.599976,72.459999,63.779999,40.189999,61.799999,38.080002,50.480000,2.892485,228.419998,112.414017,84.402863,20.903257,6.290000
2024-11-05,97.989998,559.369995,78.620003,33.113998,6.999000,241.990005,179.193359,122.417152,136.326050,8.746000,1057.599976,72.650002,64.000000,40.369999,61.990002,38.299999,50.230000,2.872807,228.800003,112.339157,84.448425,20.956877,6.307000
2024-11-06,100.989998,581.963989,78.214996,33.207001,7.289000,239.679993,179.439087,122.831017,136.528854,8.998000,1100.000000,74.900002,65.730003,41.099998,63.509998,39.445000,51.049999,2.868597,228.949997,112.769615,84.521332,20.949354,6.331000
2024-11-07,101.650002,585.453979,78.695000,33.715000,7.343000,240.570007,178.919296,122.739067,136.412964,9.058000,1114.800049,75.230003,66.110001,41.255001,63.520000,40.415001,50.910000,2.887268,228.009995,112.685387,84.735489,21.121500,6.344000
2024-11-08,102.349998,591.943970,78.160004,33.153999,7.365000,241.649994,179.892715,123.833504,136.538498,9.096000,1124.000000,76.279999,66.650002,41.125000,64.330002,40.505001,51.650002,2.934312,228.580002,112.928696,84.740036,21.435696,6.342000
2024-11-11,103.495003,597.559998,79.025002,33.172001,7.505000,236.710007,180.573151,123.907089,136.673721,9.192000,1132.400024,77.080002,67.139999,41.619999,64.879997,39.849998,52.080002,2.952251,229.080002,113.265572,84.931396,21.749887,6.326000
2024-11-12,103.114998,597.643982,77.389999,32.687000,7.427000,236.149994,180.043915,124.624451,136.635086,9.146000,1135.400024,76.739998,67.089996,41.099998,64.540001,39.705002,51.369999,2.948407,228.740005,113.125206,84.721809,21.484610,6.345000
2024-11-13,103.485001,600.443970,77.455002,32.605000,7.459000,236.589996,179.760391,124.702621,136.606110,9.174000,1137.199951,76.980003,67.230003,41.180000,64.750000,39.275002,51.360001,2.932115,228.520004,113.050346,84.744591,21.549519,6.330000
2024-11-14,103.425003,599.093018,78.260002,32.537998,7.387000,234.740005,180.609039,124.856026,136.847534,9.166000,1135.800049,76.730003,67.250000,41.320000,64.529999,39.595001,51.020000,2.940628,229.770004,113.321724,84.863060,21.448229,6.314000
2024-11-15,102.139999,590.810974,77.595001,32.507000,7.297000,234.570007,180.685730,125.259750,136.750961,9.056000,1109.599976,75.830002,66.199997,41.040001,63.919998,38.270000,49.639999,2.912346,229.210007,113.134567,84.822052,21.417929,6.332000
2024-11-18,102.404999,591.817017,77.620003,32.692001,7.319000,238.339996,180.340698,125.348953,136.712341,9.082000,1115.000000,75.940002,66.180000,41.294998,64.070000,38.395000,49.415001,2.905024,229.039993,113.012924,84.876724,21.434029,6.390000
2024-11-19,102.279999,591.289978,77.294998,32.759998,7.293000,239.039993,180.685730,125.635315,136.779938,9.072000,1112.400024,76.120003,66.040001,41.060001,63.880001,38.320000,49.369999,2.938248,229.440002,113.106499,84.831169,21.479479,6.427000
2024-11-20,102.360001,591.898010,77.260002,32.724998,7.321000,242.949997,180.666550,126.020256,136.789597,9.074000,1114.199951,76.260002,66.160004,40.959999,64.110001,38.070000,49.695000,2.953807,229.059998,113.050346,84.730927,21.522099,6.504000
2024-11-21,103.745003,599.715027,77.644997,32.840000,7.456000,245.190002,180.589890,126.193977,136.828217,9.184000,1126.800049,77.180000,67.050003,41.474998,65.070000,38.880001,50.189999,2.948499,228.940002,113.059708,84.822052,21.760736,6.554000
2024-11-22,104.879997,606.828003,78.519997,33.122002,7.606000,250.630005,181.596207,127.100014,137.108261,9.298000,1138.000000,78.089996,67.919998,41.959999,65.989998,39.105000,51.090000,2.978519,229.610001,113.434006,84.822052,22.042938,6.594000
2024-11-25,104.684998,605.289978,78.495003,32.988998,7.670000,242.149994,182.113739,127.691528,137.040680,9.284000,1137.599976,77.510002,67.779999,42.029999,65.610001,39.250000,50.939999,3.012933,229.910004,113.602448,85.013428,22.092180,6.526000
2024-11-26,104.805000,607.364990,78.055000,32.910000,7.619000,241.820007,182.123322,127.644562,136.924789,9.286000,1139.800049,77.870003,68.019997,41.654999,65.820000,38.705002,51.119999,3.009455,230.029999,113.490158,84.822052,22.079870,6.513000
2024-11-27,103.934998,601.677979,77.940002,32.620998,7.562000,240.869995,182.516266,126.968567,137.011688,9.202000,1118.800049,77.169998,67.500000,41.360001,65.839996,37.455002,51.360001,3.014214,229.809998,113.714745,84.876724,22.240858,6.433000
2024-11-28,104.434998,604.148987,78.285004,32.520000,7.623000,241.410004,183.340485,127.048370,137.166199,9.244000,1129.199951,77.610001,67.750000,41.619999,65.940002,38.474998,51.330002,3.022543,230.740005,113.873825,85.013428,22.242750,6.438000
2024-11-29,104.830002,605.671997,78.735001,32.785999,7.619000,243.029999,184.068863,127.109413,137.301392,9.282000,1133.400024,77.949997,68.040001,41.805000,66.070000,38.744999,51.509998,3.036180,231.990005,114.351067,85.223007,22.241804,6.480000
2024-12-02,105.699997,610.831970,79.279999,33.025002,7.657000,242.839996,184.346786,127.935623,137.417297,9.360000,1151.000000,78.430000,68.610001,42.180000,66.309998,39.759998,51.689999,3.082034,231.630005,114.444641,85.232132,22.031574,6.430000
2024-12-03,105.629997,609.361023,79.614998,33.084000,7.632000,242.550003,184.375549,127.541298,137.417297,9.354000,1152.599976,78.419998,68.589996,42.145000,66.209999,39.665001,51.770000,3.057506,231.460007,114.463364,85.177452,21.863014,6.460000
2024-12-04,105.955002,611.221985,79.910004,33.153000,7.653000,242.979996,184.500122,127.109413,137.426941,9.380000,1162.599976,78.720001,68.699997,41.985001,66.019997,40.134998,51.660000,3.054760,232.270004,114.575645,85.314148,21.781570,6.427000
2024-12-05,105.864998,610.335022,80.175003,33.248001,7.613000,240.479996,184.327621,126.747910,137.397980,9.370000,1162.000000,78.919998,68.449997,42.020000,65.790001,39.639999,50.990002,3.055767,233.500000,114.453995,85.450829,21.568499,6.427000
2024-12-06,105.889999,610.715027,80.279999,33.203999,7.582000,240.679993,184.298874,127.175117,137.436615,9.368000,1167.000000,78.839996,68.570000,41.959999,65.650002,39.380001,50.869999,3.059977,232.380005,114.631798,85.537407,21.594067,6.420000
2024-12-09,105.550003,607.856018,80.434998,33.852001,7.572000,243.199997,184.394699,126.724449,137.484879,9.370000,1160.599976,77.949997,68.239998,42.025002,65.239998,39.139999,50.830002,3.043868,231.990005,114.585007,85.523735,21.558079,6.493000
2024-12-10,105.709999,610.848022,79.985001,33.485001,7.573000,246.539993,184.375549,126.663414,137.523529,9.366000,1166.599976,77.860001,68.459999,41.939999,65.279999,38.555000,50.880001,3.042678,232.509995,114.734734,85.541962,21.549561,6.545000
2024-12-11,106.345001,614.599976,80.180000,33.625999,7.587000,249.529999,184.385117,126.546051,137.600784,9.414000,1184.199951,78.470001,68.790001,41.884998,65.150002,39.160000,50.450001,3.034441,232.440002,114.678589,85.614861,21.416033,6.614000
2024-12-12,106.144997,613.799988,80.059998,33.578999,7.557000,246.089996,183.292557,126.658722,137.369003,9.396000,1181.400024,78.209999,68.519997,41.849998,65.099998,38.930000,50.270000,2.997096,231.479996,114.416565,85.683212,21.537247,6.552000
2024-12-13,105.635002,611.335999,79.709999,33.479000,7.486000,244.339996,182.420410,126.715065,137.272430,9.346000,1183.800049,78.239998,68.010002,41.605000,64.879997,39.950001,49.740002,2.956959,230.639999,114.089050,85.478180,21.358269,6.542000
2024-12-16,105.775002,612.866028,79.675003,33.341000,7.483000,243.240005,182.171249,125.654083,137.272430,9.356000,1198.000000,78.620003,68.059998,41.365002,64.669998,40.730000,49.865002,2.944609,230.490005,114.098404,85.432610,21.340277,6.521000
2024-12-17,105.489998,611.661987,79.430000,33.188999,7.422000,242.229996,182.439575,125.794930,137.407608,9.326000,1200.000000,78.260002,67.860001,41.125000,64.199997,40.669998,49.490002,2.963975,231.479996,114.070343,85.295914,21.243681,6.434000
2024-12-18,105.684998,613.448975,79.464996,33.262001,7.426000,242.699997,182.314987,125.837166,137.378647,9.346000,1201.199951,78.250000,68.029999,41.320000,64.209999,41.084999,49.665001,2.965473,230.050003,114.032913,85.359711,21.202015,6.487000
2024-12-19,104.019997,603.963989,78.309998,33.124001,7.255000,240.899994,181.442871,125.926376,137.369003,9.200000,1174.199951,77.110001,67.010002,40.619999,63.730000,39.404999,48.889999,2.921125,229.199997,113.630524,85.086327,20.644241,6.471000
2024-12-20,104.169998,605.741028,77.790001,33.013000,7.285000,242.770004,181.807053,126.039055,137.369003,9.210000,1176.199951,77.489998,66.940002,40.750000,63.880001,39.674999,48.974998,2.935814,229.199997,113.667953,85.377937,20.806177,6.520000
2024-12-23,103.974998,604.809021,77.820000,33.040001,7.226000,242.149994,181.136169,126.217438,137.291748,9.192000,1175.000000,77.370003,66.730003,40.674999,63.490002,40.215000,48.904999,2.913172,228.660004,113.724106,85.387047,20.671701,6.512000
2024-12-24,104.860001,610.262024,76.849998,33.250000,7.226000,242.270004,181.069077,125.644714,137.282104,9.192000,1185.599976,77.370003,66.730003,40.674999,63.490002,40.215000,48.904999,2.913172,228.529999,113.696022,85.432610,20.823221,6.512000
2024-12-27,104.489998,607.085022,78.339996,32.949001,7.269000,241.699997,180.532379,125.325478,137.311066,9.228000,1175.599976,77.779999,67.080002,41.285000,64.000000,40.325001,49.415001,2.894648,228.160004,113.574387,85.587532,20.815647,6.561000
2024-12-30,103.934998,603.590027,77.949997,32.769001,7.216000,241.369995,180.848633,126.508507,137.388336,9.146000,1167.199951,77.019997,66.459999,41.060001,63.500000,39.939999,49.005001,2.887163,228.479996,113.658592,85.519188,20.657497,6.626000
2024-12-31,104.160004,604.372986,78.364998,32.835999,7.216000,242.399994,181.069077,126.433388,137.446259,9.146000,1169.000000,77.019997,66.459999,41.060001,63.500000,39.939999,49.005001,2.887163,228.529999,113.714745,85.432610,20.778713,6.626000
2025-01-02,105.300003,610.796021,79.055000,33.234001,7.393000,249.740005,180.867828,127.888702,137.417297,9.310000,1177.400024,78.559998,67.650002,41.750000,64.669998,40.750000,49.900002,2.942644,228.679993,113.827026,85.541962,21.147089,6.802000
2025-01-03,105.089996,610.210999,78.540001,33.237000,7.365000,247.259995,179.832748,127.409859,137.291748,9.296000,1179.400024,78.529999,67.370003,41.540001,64.459999,40.985001,49.799999,2.935159,227.880005,113.115845,85.469055,21.074173,6.700000
2025-01-06,105.775002,613.874023,79.419998,33.191002,7.413000,244.630005,179.909439,125.987389,137.195190,9.346000,1192.000000,78.730003,67.660004,41.924999,63.759998,42.615002,49.695000,2.883608,228.789993,113.031624,85.578415,20.934967,6.693000
2025-01-07,105.050003,608.155029,79.570000,33.080002,7.344000,246.649994,179.391891,125.719810,137.195190,9.276000,1176.400024,78.080002,67.269997,41.814999,63.820000,42.115002,49.855000,2.856849,228.169998,113.031624,85.523735,20.743679,6.703000
2025-01-08,105.080002,608.346008,79.504997,32.948002,7.316000,249.419998,178.826431,127.189194,137.166199,9.280000,1175.800049,78.309998,67.449997,41.590000,64.050003,41.584999,50.310001,2.872848,227.679993,112.863190,85.305031,20.711479,6.750000
2025-01-09,105.150002,608.788025,79.860001,32.950001,7.322000,249.830002,178.634766,128.292419,137.137238,9.280000,1171.599976,78.410004,67.559998,41.540001,64.260002,41.520000,50.500000,2.891934,228.740005,112.844475,85.277695,20.721893,6.812000
2025-01-10,104.139999,603.004028,79.154999,32.535000,7.248000,253.270004,178.002228,128.151596,137.002045,9.192000,1160.599976,77.599998,66.959999,41.235001,63.820000,40.845001,50.580002,2.883889,226.770004,112.732178,85.168343,20.521135,6.952000
2025-01-13,103.970001,602.104004,78.775002,32.292000,7.241000,251.910004,177.503876,128.160980,136.944107,9.178000,1154.800049,77.330002,66.769997,41.255001,63.959999,40.560001,50.669998,2.876965,226.809998,112.582458,84.904060,20.465261,7.056000
2025-01-14,103.830002,601.447998,78.720001,32.438999,7.269000,250.300003,177.408020,127.898087,136.973068,9.170000,1153.599976,77.250000,66.440002,41.299999,63.810001,40.400002,49.955002,2.852172,226.710007,112.619896,85.013428,20.625305,6.973000
2025-01-15,105.459999,611.510010,79.675003,32.827000,7.411000,251.320007,178.979797,128.578796,137.214493,9.314000,1175.199951,78.690002,67.540001,41.910000,64.320000,41.360001,50.200001,2.906249,228.300003,113.022270,85.368813,20.850683,7.068000
2025-01-16,105.769997,612.617981,80.555000,32.869999,7.445000,254.369995,179.075623,129.170303,137.311066,9.344000,1178.199951,79.070000,67.779999,41.895000,64.510002,42.185001,50.439999,2.911114,228.250000,113.002853,85.450829,20.963375,7.025000
2025-01-17,106.714996,618.719971,81.029999,33.154999,7.488000,254.160004,179.353561,129.635071,137.253128,9.422000,1191.000000,79.750000,68.190002,42.264999,64.940002,42.549999,50.410000,2.918973,228.660004,113.355034,85.441719,21.113945,7.059000
2025-01-20,106.180000,614.335022,81.065002,33.210999,7.471000,250.910004,179.363129,128.752487,137.224152,9.388000,1184.800049,79.430000,67.660004,42.220001,64.330002,42.680000,49.790001,2.894274,228.419998,113.383598,85.519188,20.929285,6.948000
2025-01-21,106.260002,614.250977,81.389999,32.889000,7.507000,253.899994,179.861511,128.667969,137.340042,9.390000,1179.199951,79.570000,67.760002,42.369999,64.610001,42.654999,50.340000,2.905407,228.679993,113.412140,85.560188,21.088377,6.952000
2025-01-22,107.190002,620.862000,81.735001,32.886002,7.500000,255.210007,179.880676,128.442642,137.243469,9.452000,1203.000000,80.379997,68.430000,42.255001,64.500000,43.730000,50.580002,2.899700,228.500000,113.526367,85.678650,20.921709,6.947000
2025-01-23,107.330002,621.458984,82.080002,32.991001,7.503000,254.729996,179.353561,127.860512,137.282104,9.470000,1198.599976,80.709999,68.370003,42.455002,64.510002,43.000000,50.730000,2.878836,228.410004,113.393112,85.651314,20.880039,6.940000
2025-01-24,106.860001,617.596985,82.050003,32.924000,7.476000,254.460007,179.200211,126.705666,137.204834,9.432000,1190.000000,80.440002,68.059998,42.334999,64.190002,42.505001,50.779999,2.859095,228.220001,113.088516,85.642204,20.947277,6.882000
2025-01-27,105.105003,605.031982,82.035004,32.257999,7.389000,251.429993,179.621902,127.447411,137.359360,9.278000,1149.599976,78.099998,67.290001,42.275002,64.839996,38.595001,51.580002,2.890063,228.179993,113.459740,85.724220,20.936857,6.778000
2025-01-28,106.485001,614.442993,82.300003,32.417000,7.427000,254.550003,179.535660,127.682144,137.301392,9.378000,1167.000000,79.050003,68.080002,42.400002,65.519997,38.415001,51.889999,2.902507,228.149994,113.326477,85.815346,21.134779,6.833000
2025-01-29,106.820000,616.073975,82.730003,32.894001,7.469000,254.789993,179.315216,127.949730,137.282104,9.424000,1173.599976,79.709999,68.370003,42.685001,65.760002,39.150002,51.849998,2.918038,228.009995,113.374077,85.915581,21.045767,6.916000
2025-01-30,107.080002,615.591980,83.434998,33.298000,7.548000,258.029999,180.043594,127.738472,137.388336,9.462000,1174.800049,80.599998,68.629997,42.939999,66.110001,39.965000,52.080002,2.917944,228.479996,113.830956,86.097847,21.224745,6.926000
2025-01-31,108.180000,623.674011,83.535004,33.397999,7.573000,260.179993,180.743240,128.179764,137.658707,9.542000,1198.800049,81.550003,69.150002,43.070000,66.330002,41.174999,52.459999,2.927300,229.720001,114.325920,86.234528,21.305235,6.908000
2025-02-03,107.245003,618.174988,82.870003,33.258999,7.506000,263.869995,181.854965,128.386307,137.813232,9.462000,1183.599976,80.820000,68.690002,42.845001,66.690002,40.099998,52.700001,2.970057,230.770004,114.459175,86.225426,21.287243,7.064000
2025-02-04,107.205002,617.526001,83.059998,33.497002,7.498000,264.000000,181.624939,127.635178,137.890472,9.476000,1189.000000,81.029999,68.559998,42.805000,66.440002,40.075001,51.990002,2.936656,230.210007,114.582909,86.234528,21.166033,7.032000
2025-02-05,106.915001,614.164978,83.464996,33.257000,7.531000,265.440002,182.247910,128.254883,137.880814,9.448000,1181.199951,81.410004,68.290001,42.930000,66.500000,40.255001,52.360001,2.978571,230.309998,114.554359,86.252762,21.307133,6.998000
2025-02-06,108.125000,621.568970,84.445000,33.497002,7.602000,265.040009,182.199982,128.855789,137.851837,9.550000,1196.199951,82.599998,69.089996,43.369999,67.010002,40.610001,52.779999,2.992137,230.710007,114.744736,86.421349,21.488953,7.038000
2025-02-07,107.919998,620.655029,84.120003,33.654999,7.530000,267.559998,182.008316,128.860458,137.832520,9.528000,1194.400024,82.709999,68.879997,43.255001,67.029999,40.345001,52.380001,2.992792,230.529999,114.411583,86.334778,21.434029,7.077000
2025-02-10,108.514999,623.736023,84.614998,33.977001,7.579000,271.519989,182.247910,129.142136,137.900131,9.590000,1207.000000,83.120003,69.260002,43.419998,67.220001,41.070000,52.290001,2.992231,230.779999,114.611473,86.416794,21.490847,7.177000
2025-02-11,108.275002,622.094971,84.779999,33.821999,7.541000,270.690002,181.462006,128.325302,137.851837,9.560000,1201.000000,82.889999,69.150002,43.544998,67.139999,41.205002,52.040001,2.964256,229.869995,114.268806,86.389465,21.467173,7.184000
2025-02-12,107.559998,617.364014,84.894997,33.740002,7.446000,269.029999,180.743240,127.395767,137.687683,9.492000,1192.199951,82.540001,68.690002,43.275002,66.930000,40.520000,51.740002,2.912611,229.259995,114.173622,86.389465,21.315655,7.141000
2025-02-13,108.125000,619.302002,85.889999,33.799000,7.470000,269.190002,181.749542,127.090630,137.784256,9.542000,1201.599976,82.940002,69.080002,43.689999,67.019997,41.005001,51.810001,2.930481,229.610001,114.668587,86.535255,21.360689,7.132000
2025-02-14,107.875000,618.252991,85.675003,33.733002,7.474000,265.589996,181.605804,127.231461,137.871170,9.526000,1201.199951,82.889999,68.769997,43.685001,66.610001,40.750000,51.299999,2.952187,229.660004,114.573395,86.608162,21.373087,7.089000
2025-02-17,108.410004,620.731995,86.139999,34.067001,7.500000,266.619995,180.963654,126.827721,137.774582,9.578000,1209.599976,83.370003,69.070000,43.930000,66.720001,40.965000,51.220001,2.935814,228.830002,114.354477,86.635498,21.380716,7.092000
2025-02-18,108.449997,621.062012,86.400002,34.243999,7.528000,269.700012,180.858231,126.536667,137.784256,9.590000,1209.000000,83.320000,69.019997,44.165001,66.739998,41.299999,51.200001,2.929078,229.210007,114.525803,86.781303,21.412184,7.162000
2025-02-19,108.820000,625.172974,85.644997,34.297001,7.522000,270.899994,180.062790,126.639954,137.687683,9.610000,1217.000000,83.639999,69.320000,44.160000,67.029999,41.805000,51.720001,2.927768,228.520004,114.202179,86.608162,21.435072,7.274000
2025-02-20,107.779999,618.249023,85.525002,34.347000,7.409000,270.959991,180.340698,126.611771,137.784256,9.522000,1201.000000,82.029999,68.870003,43.959999,66.739998,41.520000,51.799999,2.930949,228.470001,114.259293,86.653717,21.435072,7.228000
2025-02-21,107.824997,618.302002,86.019997,34.629002,7.395000,270.540009,181.136169,126.893448,137.900131,9.540000,1201.199951,82.190002,68.970001,44.060001,67.059998,41.285000,52.009998,2.957239,229.160004,114.678101,86.735741,21.431257,7.212000
2025-02-24,106.629997,610.239990,85.894997,33.900002,7.288000,270.649994,181.117004,127.438011,137.948425,9.426000,1176.400024,80.690002,68.389999,43.889999,67.160004,40.285000,52.209999,2.965660,228.679993,114.468689,86.671959,21.471308,7.100000
2025-02-25,105.000000,598.549988,85.995003,33.665001,7.194000,265.609985,181.433273,128.259552,137.996704,9.294000,1143.000000,79.080002,67.599998,43.904999,67.370003,38.660000,52.259998,3.007949,229.070007,114.601952,86.744858,21.536154,6.998000
2025-02-26,106.385002,606.622009,86.845001,34.165001,7.301000,266.899994,181.960388,127.907471,138.025665,9.422000,1161.199951,80.720001,68.250000,44.275002,67.330002,39.669998,52.290001,3.013749,229.710007,114.659058,86.881546,21.579065,7.002000
2025-02-27,106.574997,608.857971,86.535004,33.971001,7.304000,266.079987,181.931641,128.761871,138.044983,9.430000,1155.400024,80.959999,68.370003,44.400002,67.889999,38.990002,52.639999,3.040040,229.800003,114.773277,86.831429,21.766924,7.062000
2025-02-28,105.445000,600.702026,86.525002,33.148998,7.237000,263.880005,182.132889,129.663239,138.228455,9.316000,1134.000000,80.029999,67.739998,44.060001,67.779999,37.884998,52.259998,3.048179,230.089996,114.839912,86.763084,21.772648,6.957000
2025-03-03,105.750000,600.507019,87.535004,33.087002,7.216000,265.149994,181.270340,128.818192,138.131897,9.330000,1135.400024,80.339996,67.910004,44.419998,68.239998,37.685001,52.740002,3.049115,229.330002,114.592430,86.917999,21.744991,6.940000
2025-03-04,102.209999,580.543030,85.599998,32.554001,6.916000,266.200012,181.289520,129.381561,138.112595,9.026000,1094.000000,77.139999,66.059998,43.025002,67.470001,35.910000,52.259998,3.048179,228.559998,114.373520,86.772202,21.434114,6.918000
2025-03-05,100.745003,567.392029,86.254997,32.668999,6.867000,261.959991,177.427200,126.912216,137.745621,8.922000,1073.400024,76.010002,64.860001,42.869999,65.699997,35.634998,51.150002,2.944235,226.919998,113.345520,86.744858,20.885798,6.805000
2025-03-06,101.044998,569.288025,86.309998,32.856998,6.895000,259.450012,176.325043,125.682259,137.726288,8.946000,1076.800049,75.779999,64.940002,43.185001,65.540001,35.404999,51.090000,2.883982,225.800003,113.050446,86.334778,20.696983,6.788000
2025-03-07,99.169998,557.145996,85.915001,32.561001,6.778000,259.089996,176.919250,126.405220,137.764938,8.794000,1046.800049,73.629997,63.830002,43.009998,65.529999,34.705002,50.770000,2.907559,225.380005,113.307449,86.389465,20.484329,6.778000
2025-03-10,98.430000,554.510986,84.750000,32.162998,6.770000,258.239990,177.043823,126.818352,137.890472,8.732000,1033.599976,72.800003,63.740002,42.924999,66.089996,34.395000,50.820000,2.922341,225.509995,113.374077,86.216316,20.532961,6.810000
2025-03-11,96.389999,542.106018,83.324997,31.889999,6.632000,257.279999,176.612549,126.147003,137.803558,8.570000,1015.200012,71.839996,62.189999,41.860001,64.370003,33.775002,49.150002,2.881550,225.919998,113.136116,86.043159,20.080002,6.772000
2025-03-12,97.394997,547.054993,84.035004,32.176998,6.687000,259.529999,176.852142,125.156479,137.890472,8.646000,1032.000000,72.959999,62.480000,42.150002,64.150002,34.880001,49.154999,2.856756,225.940002,113.164673,86.170738,20.127684,6.736000
2025-03-13,96.724998,542.651001,83.864998,32.168999,6.653000,264.260010,176.967148,125.672874,137.950363,8.596000,1017.400024,72.169998,61.990002,42.279999,64.349998,34.735001,49.105000,2.877526,225.199997,112.822006,85.872719,20.058071,6.808000
2025-03-14,97.815002,548.515991,84.805000,32.625000,6.750000,264.519989,176.813828,126.071899,137.930786,8.698000,1032.000000,73.169998,62.580002,42.660000,64.519997,35.465000,49.255001,2.881456,225.289993,113.079002,85.975876,20.058071,6.769000
2025-03-17,98.250000,549.570984,85.529999,33.001999,6.809000,264.390015,177.963898,125.625931,137.999298,8.740000,1030.599976,73.660004,62.810001,43.075001,65.050003,35.590000,49.650002,2.895303,226.589996,113.364555,86.257210,20.336521,6.787000
2025-03-18,97.864998,546.494019,85.945000,32.992001,6.792000,267.500000,177.666794,125.283211,137.911224,8.714000,1022.200012,73.209999,62.459999,43.200001,64.919998,35.490002,49.680000,2.872755,226.210007,113.307449,86.388504,20.233530,6.796000
2025-03-19,98.864998,553.000000,86.180000,33.153000,6.863000,268.779999,177.925552,125.400581,137.979721,8.800000,1034.800049,74.050003,63.090000,43.435001,65.250000,35.794998,49.910000,2.893338,226.929993,113.421669,86.407257,20.315542,6.853000
2025-03-20,99.184998,555.760010,85.754997,32.980000,6.904000,269.779999,178.088486,126.245605,138.009079,8.824000,1038.000000,74.559998,63.340000,43.305000,65.339996,35.855000,50.220001,2.926926,226.750000,113.450218,86.538544,20.397551,6.860000
2025-03-21,98.980003,554.836975,85.260002,32.995998,6.843000,268.619995,178.280167,126.710373,138.126495,8.796000,1039.199951,74.290001,63.009998,43.150002,65.239998,35.564999,50.110001,2.911957,226.669998,113.573967,86.365051,20.312681,6.857000
2025-03-24,100.684998,567.221985,85.165001,33.223000,6.957000,268.799988,178.289749,126.071899,138.087372,8.940000,1068.000000,75.900002,64.000000,43.435001,65.599998,36.724998,50.349998,2.895771,226.690002,113.650101,86.491653,20.501495,6.868000
2025-03-25,100.839996,567.065002,85.690002,33.129002,6.972000,269.429993,178.136383,125.851257,138.126495,8.956000,1071.000000,76.019997,64.129997,43.654999,65.540001,36.424999,50.020000,2.891186,226.479996,113.669136,86.454147,20.421392,6.857000
2025-03-26,100.349998,564.903992,85.125000,33.056000,6.946000,269.660004,178.174744,126.067223,138.185226,8.916000,1061.599976,75.360001,63.950001,43.525002,65.779999,35.430000,49.654999,2.873971,226.630005,113.554932,86.285339,20.485283,6.885000
2025-03-27,99.945000,562.817993,84.855003,33.200001,6.901000,272.500000,178.452667,125.250351,138.341797,8.878000,1055.400024,74.769997,63.759998,43.330002,66.070000,34.645000,49.610001,2.853575,226.449997,113.669136,86.088409,20.472885,6.877000
2025-03-28,97.824997,549.252014,84.220001,32.419998,6.753000,274.140015,178.931870,126.311325,138.439667,8.680000,1022.200012,73.150002,62.590000,42.570000,65.720001,33.590000,49.445000,2.890157,226.649994,113.650101,86.154053,20.305052,6.872000
2025-03-31,97.125000,546.226013,82.985001,32.237000,6.707000,278.019989,178.951019,126.963875,138.488586,8.624000,1007.799988,72.779999,62.250000,42.279999,65.970001,33.044998,49.404999,2.920657,226.889999,113.640587,85.891472,20.500540,6.954000
2025-04-01,98.379997,554.440002,83.879997,32.589001,6.764000,278.760010,179.535660,127.527206,138.517944,8.722000,1026.199951,73.769997,62.959999,42.509998,66.349998,33.549999,49.490002,2.959298,227.479996,113.888069,86.116539,20.553944,6.977000
2025-04-02,98.315002,554.327026,83.459999,32.412998,6.756000,277.399994,179.094803,126.940399,138.361359,8.712000,1029.599976,74.029999,62.830002,42.299999,65.959999,33.674999,48.820000,2.932820,226.729996,113.792892,86.079033,20.495773,6.943000
2025-04-03,93.519997,523.575989,81.279999,31.351000,6.378000,270.549988,180.110687,126.874680,138.674515,8.286000,968.900024,70.220001,59.660000,40.095001,64.830002,30.905001,47.955002,2.912611,227.300003,113.726257,85.544502,19.892139,6.651000
2025-04-04,89.114998,500.985992,77.220001,29.714001,6.056000,265.480011,180.781570,129.541168,138.821304,7.896800,927.599976,66.239998,57.700001,38.400002,62.990002,28.750000,46.285000,2.974735,227.259995,113.440704,84.728622,19.193151,6.423000
2025-04-07,86.500000,487.166992,73.620003,28.771000,5.962000,263.459991,179.650665,129.954300,138.596237,7.677600,900.599976,64.830002,55.860001,37.465000,60.869999,28.665001,44.744999,2.897080,226.300003,112.879112,83.537643,18.443621,6.395000
2025-04-08,89.449997,504.283997,75.785004,29.163000,6.119000,265.600006,179.899857,129.015396,138.899597,7.893600,936.299988,67.389999,57.630001,38.325001,62.090000,30.020000,45.990002,2.868170,226.600006,113.469254,84.409782,18.767847,6.359000
2025-04-09,85.324997,479.085999,73.080002,27.995001,5.805000,269.059998,180.465302,127.062447,138.909363,7.528000,893.700012,63.930000,55.020000,36.514999,59.490002,28.139999,43.169998,2.718849,224.479996,112.898155,83.809608,17.812338,6.204000
2025-04-10,88.705002,499.080994,75.900002,29.046000,6.007000,273.029999,180.043594,125.813698,139.065948,7.823200,937.299988,66.980003,56.980000,37.555000,60.980000,29.820000,43.904999,2.715855,225.820007,113.431175,84.634850,18.333002,6.312000
2025-04-11,87.805000,492.971008,75.894997,29.149000,5.940000,275.489990,180.359863,123.212914,139.046371,7.745600,923.599976,66.190002,56.610001,37.355000,60.570000,29.469999,43.674999,2.635300,226.300003,113.507332,84.184708,18.125116,6.280000
2025-04-14,90.339996,506.623993,77.955002,29.827999,6.133000,271.609985,181.222412,123.161293,138.977875,7.970400,946.799988,68.190002,58.119999,38.494999,62.049999,30.309999,44.955002,2.670385,227.559998,113.973732,84.897423,18.824106,6.294000
2025-04-15,91.230003,510.420990,79.154999,30.094999,6.225000,274.480011,181.126587,123.259872,139.114868,8.058000,956.000000,69.139999,58.630001,39.145000,62.669998,30.754999,45.230000,2.704254,227.089996,114.221214,85.314743,19.053928,6.302000
2025-04-16,90.125000,502.019012,79.044998,29.764000,6.191000,281.070007,181.730362,123.574417,138.938721,7.966400,936.000000,68.239998,57.860001,38.965000,62.590000,29.570000,45.035000,2.697704,227.020004,114.325920,85.582008,19.138798,6.358000
2025-04-17,89.269997,495.286987,78.834999,29.916000,6.172000,279.359985,182.314987,123.532173,139.085526,7.896800,916.900024,67.800003,57.189999,38.825001,62.139999,28.955000,44.205002,2.688255,228.110001,114.744736,85.797691,19.242741,6.378000
2025-04-22,88.529999,488.247986,79.290001,29.903999,6.156000,287.140015,182.420410,121.682510,139.114868,7.844800,909.700012,67.169998,56.680000,38.945000,61.619999,28.594999,43.825001,2.628564,228.610001,114.782799,85.825829,19.105421,6.329000
2025-04-23,91.254997,506.265991,80.650002,30.587000,6.324000,277.149994,182.199982,122.982903,139.085526,8.086000,946.799988,69.589996,58.139999,39.775002,62.410000,30.170000,44.674999,2.691716,229.000000,114.925583,86.482277,19.296143,6.340000
2025-04-24,91.915001,510.164001,81.010002,30.757000,6.351000,281.929993,183.282974,122.973518,139.379089,8.152000,959.400024,70.279999,58.630001,39.955002,62.439999,31.245001,44.970001,2.701821,230.110001,115.134987,86.557297,19.374336,6.368000
2025-04-25,92.410004,513.052979,81.305000,30.625000,6.355000,277.179993,182.842117,123.339684,139.251877,8.182000,968.799988,70.660004,58.709999,40.020000,61.849998,31.504999,44.855000,2.718007,229.600006,114.982689,86.613571,19.290421,6.375000
2025-04-28,92.555000,513.346985,81.705002,30.667000,6.377000,281.910004,182.535446,122.940659,139.271454,8.196000,966.400024,70.830002,58.840000,40.365002,62.349998,31.290001,45.340000,2.730076,229.149994,114.811356,86.594803,19.349543,6.386000
2025-04-29,92.989998,515.682007,81.995003,30.836000,6.408000,279.970001,182.698349,123.447655,139.183380,8.240000,976.599976,71.339996,59.180000,40.575001,62.660000,31.495001,45.680000,2.746730,228.520004,114.697136,86.472900,19.385778,6.345000
2025-04-30,93.330002,517.237000,82.485001,30.945000,6.426000,281.250000,183.263809,124.334930,139.310593,8.266000,975.900024,71.610001,59.490002,40.590000,63.299999,31.450001,46.119999,2.760202,229.570007,114.858940,86.210320,19.525007,6.339000
2025-05-01,93.330002,517.237000,82.485001,30.945000,6.426000,281.250000,183.263809,124.273903,139.310593,8.266000,975.900024,71.610001,59.490002,40.590000,63.299999,31.450001,46.119999,2.760202,229.570007,114.858940,86.388504,19.525007,6.339000
2025-05-02,95.614998,532.124023,83.940002,31.903999,6.562000,275.500000,182.228745,123.414803,139.222519,8.470000,1012.799988,73.750000,60.830002,41.014999,63.689999,32.980000,45.985001,2.707715,229.190002,114.640022,86.510406,19.883560,6.319000
2025-05-05,95.754997,531.906006,84.269997,32.365002,6.600000,282.109985,182.420410,123.414803,139.251877,8.494000,1010.799988,73.839996,60.919998,41.215000,63.919998,32.919998,46.130001,2.696675,229.240005,114.697136,86.510406,20.017065,6.355000
2025-05-06,95.290001,528.492981,84.000000,32.154999,6.573000,288.380005,182.267059,122.414864,139.300812,8.450000,1002.400024,73.410004,60.599998,41.125000,63.880001,32.505001,45.400002,2.674408,229.350006,114.611473,86.557297,19.991318,6.398000
2025-05-07,94.794998,526.078003,83.599998,31.739000,6.557000,287.399994,182.909195,123.165977,139.291016,8.400000,995.599976,73.290001,60.320000,41.060001,63.919998,32.494999,44.924999,2.713890,229.990005,114.954132,86.566673,19.939823,6.345000
2025-05-08,96.355003,536.776978,83.900002,31.961000,6.672000,285.910004,182.477921,123.363159,139.310593,8.536000,1021.200012,74.510002,61.189999,41.544998,64.080002,33.785000,44.895000,2.717633,229.500000,114.944618,86.819878,19.938869,6.383000
2025-05-09,96.285004,535.497986,84.334999,32.146000,6.681000,285.709991,182.228745,123.109650,139.193176,8.536000,1020.400024,74.260002,61.020000,41.685001,63.939999,33.814999,44.820000,2.708090,229.210007,114.839912,86.848015,20.010389,6.464000
2025-05-12,99.449997,556.210999,85.464996,33.238998,6.903000,280.679993,181.193680,123.250488,139.065948,8.836000,1066.400024,76.459999,62.910000,42.740002,64.349998,36.375000,45.695000,2.724837,228.919998,114.449646,87.223122,20.341290,6.540000
2025-05-13,100.110001,561.551025,85.504997,33.160999,6.920000,280.059998,180.839081,122.250557,138.958313,8.880000,1086.199951,77.349998,63.250000,42.674999,63.900002,37.404999,44.705002,2.686758,228.320007,114.563881,87.270012,20.057117,6.520000
2025-05-14,99.830002,560.216980,85.300003,33.389000,6.878000,273.959991,180.714478,121.710678,138.997437,8.858000,1088.400024,76.989998,62.970001,42.310001,63.180000,37.584999,43.830002,2.673192,228.429993,114.478210,87.073074,19.798689,6.482000
2025-05-15,100.214996,561.734009,85.680000,33.264999,6.887000,277.130005,181.570251,122.432579,139.183380,8.884000,1091.800049,77.360001,63.360001,42.610001,64.080002,37.485001,43.764999,2.689939,229.080002,114.735214,87.063698,20.005507,6.433000
2025-05-16,100.945000,566.252014,86.300003,33.323002,6.947000,275.010010,182.085236,122.911827,139.105087,8.940000,1096.599976,77.919998,63.730000,42.910000,64.769997,37.395000,44.674999,2.713890,229.460007,114.906548,87.110596,20.282423,6.423000
2025-05-19,100.355003,561.898010,86.550003,33.104000,6.887000,276.869995,182.153275,121.474045,139.271454,8.892000,1085.800049,77.480003,63.470001,42.785000,64.690002,36.884998,44.875000,2.658315,230.000000,114.811356,87.157478,20.188196,6.354000
2025-05-20,100.580002,562.655029,87.195000,33.042000,6.924000,280.459991,182.260162,121.646584,139.232300,8.906000,1085.599976,77.599998,63.549999,43.095001,64.930000,36.814999,45.294998,2.658971,229.869995,115.058838,87.260635,20.192039,6.414000
2025-05-21,99.834999,556.797974,87.160004,33.036999,6.833000,281.359985,181.589676,120.400497,139.173584,8.834000,1082.400024,77.019997,63.009998,42.845001,64.320000,36.994999,44.744999,2.617149,229.149994,114.792313,87.176239,19.885311,6.421000
2025-05-22,99.035004,551.859985,86.599998,32.844002,6.771000,281.160004,181.570251,120.481972,139.261658,8.770000,1074.800049,76.400002,62.419998,42.509998,64.029999,36.275002,44.099998,2.605361,228.570007,114.754250,87.073074,19.625700,6.387000
2025-05-23,97.995003,544.510010,85.830002,32.745998,6.732000,285.440002,182.347610,120.256714,139.398651,8.680000,1055.599976,75.690002,61.630001,42.049999,63.709999,35.340000,43.845001,2.605267,228.500000,114.963646,86.763611,19.547817,6.411000
2025-05-26,98.889999,549.442017,86.910004,32.804001,6.802000,282.619995,182.940323,120.256714,139.379089,8.754000,1067.400024,76.440002,62.160000,42.509998,64.019997,35.959999,44.270000,2.603583,230.190002,115.163536,86.763611,19.706470,6.389000
2025-05-27,99.629997,554.370972,87.014999,32.734001,6.869000,280.239990,182.988922,120.601784,139.379089,8.814000,1077.400024,76.989998,62.520000,42.695000,64.239998,36.590000,44.470001,2.642317,229.750000,115.268234,87.241882,19.885311,6.370000
2025-05-28,99.760002,556.968018,86.434998,32.751999,6.858000,281.000000,182.901459,120.860588,139.369293,8.820000,1085.400024,77.139999,62.580002,42.525002,64.120003,36.669998,44.474998,2.637171,229.800003,115.211136,87.345039,19.894928,6.359000
2025-05-29,99.269997,553.635010,86.269997,32.688999,6.808000,281.089996,183.465042,120.985191,139.457367,8.780000,1078.400024,76.830002,62.279999,42.340000,63.630001,36.520000,44.305000,2.645872,230.369995,115.525246,87.537285,19.975697,6.271000
2025-05-30,99.275002,553.068970,86.489998,32.362000,6.810000,279.149994,183.552490,121.560310,139.437805,8.774000,1076.000000,77.040001,62.310001,42.419998,64.000000,35.830002,44.645000,2.661029,230.360001,115.506203,87.616989,20.034349,6.249000
2025-06-02,98.800003,549.366028,86.324997,32.275002,6.775000,284.230011,183.387314,120.515518,139.506302,8.730000,1068.199951,77.190002,62.000000,42.209999,63.740002,35.674999,44.310001,2.610226,230.220001,115.468132,87.598244,19.937237,6.355000
2025-06-03,100.059998,558.202026,86.474998,32.601002,6.865000,283.600006,183.610809,120.688049,139.535660,8.838000,1088.599976,77.690002,62.669998,42.584999,63.959999,36.840000,44.610001,2.630435,230.520004,115.553795,87.767029,19.987236,6.388000
2025-06-04,100.059998,557.685974,86.875000,32.870998,6.869000,284.540009,183.406754,120.966019,139.437805,8.844000,1089.400024,77.790001,62.919998,42.525002,63.880001,37.205002,44.799999,2.651954,229.860001,115.496681,87.832687,19.940121,6.356000
2025-06-05,100.144997,558.237976,86.995003,33.110001,6.872000,282.899994,182.522507,120.678467,139.300812,8.856000,1095.400024,77.849998,62.950001,42.540001,63.540001,37.700001,44.720001,2.648305,229.429993,115.287277,87.710777,19.946854,6.381000
2025-06-06,100.529999,560.310974,87.364998,33.174000,6.921000,281.600006,183.027786,120.467590,139.330170,8.892000,1093.800049,77.800003,63.220001,42.840000,63.880001,37.735001,45.075001,2.640539,230.449997,115.477646,87.827995,20.059351,6.422000
2025-06-09,100.459999,560.254028,87.260002,33.466999,6.941000,280.989990,182.891739,120.122520,139.339935,8.900000,1093.400024,77.339996,63.090000,42.910000,63.520000,38.139999,44.959999,2.626412,230.570007,115.553795,87.776421,20.072813,6.426000
2025-06-10,100.514999,560.921997,87.190002,33.535999,6.963000,280.730011,183.639954,120.755150,139.349731,8.910000,1091.800049,76.589996,63.150002,43.005001,63.430000,38.540001,45.365002,2.635487,230.850006,115.706093,87.842064,20.197811,6.414000
2025-06-11,100.440002,561.200012,87.070000,33.733002,6.956000,280.070007,183.309555,120.707222,139.388885,8.914000,1096.599976,76.900002,63.099998,42.930000,63.110001,38.970001,45.330002,2.621266,230.649994,115.658501,87.879578,20.162235,6.376000
2025-06-12,99.574997,555.478027,86.714996,33.403000,6.857000,282.029999,183.950882,120.970818,139.457367,8.830000,1084.000000,76.389999,62.509998,42.590000,62.840000,38.450001,45.220001,2.634672,231.839996,115.791756,87.851433,19.884356,6.352000
2025-06-13,99.245003,554.135986,85.940002,33.028000,6.825000,285.380005,182.988922,120.467590,139.349731,8.788000,1079.000000,76.239998,62.070000,42.415001,62.930000,37.970001,45.264999,2.618622,231.199997,115.563316,87.579483,19.827623,6.454000
2025-06-16,99.599998,555.859985,86.199997,33.389999,6.848000,283.000000,183.494186,120.544281,139.408447,8.832000,1084.800049,76.669998,62.189999,42.625000,62.680000,38.575001,44.674999,2.610214,231.470001,115.725136,87.879578,19.847815,6.453000
2025-06-17,99.364998,555.874023,85.449997,33.166000,6.829000,282.700012,183.086090,121.368607,139.359528,8.812000,1086.800049,76.349998,62.110001,42.400002,62.570000,38.709999,44.439999,2.623303,231.160004,115.668015,87.729530,19.879543,6.573000
2025-06-18,99.334999,555.351013,85.169998,33.080002,6.853000,283.000000,183.513626,122.346298,139.398651,8.804000,1084.199951,76.430000,61.860001,42.474998,62.459999,38.689999,44.205002,2.655211,231.910004,115.629944,87.560730,19.968006,6.605000
2025-06-19,98.550003,550.883972,84.489998,32.694000,6.779000,282.970001,183.134674,122.427780,139.476959,8.728000,1073.400024,75.849998,61.270000,42.220001,62.340000,38.080002,44.040001,2.651581,231.779999,115.420532,87.316902,19.877621,6.694000
2025-06-20,98.824997,553.208008,84.660004,32.841000,6.821000,281.559998,183.387314,121.982063,139.428009,8.758000,1075.800049,76.220001,61.410000,42.215000,62.400002,38.235001,43.895000,2.633047,232.100006,115.744156,87.541969,19.933390,6.603000
2025-06-23,98.635002,552.710999,84.385002,32.819000,6.811000,282.609985,183.581635,122.442154,139.369293,8.738000,1078.199951,76.110001,61.340000,41.994999,62.330002,38.310001,43.615002,2.651103,232.449997,115.725136,87.495087,19.964159,6.538000
2025-06-24,99.555000,557.903992,85.315002,33.567001,6.885000,274.459991,183.290146,121.512375,139.467163,8.838000,1092.199951,76.870003,61.830002,42.424999,62.340000,39.505001,43.735001,2.634480,231.389999,115.810791,87.729530,19.964159,6.306000
2025-06-25,99.455002,558.635986,84.675003,33.632000,6.834000,275.390015,183.144394,121.421326,139.408447,8.824000,1096.199951,76.680000,61.889999,42.200001,61.959999,39.790001,43.794998,2.631137,231.289993,115.744156,87.673256,19.738201,6.275000
2025-06-26,99.525002,558.312012,84.779999,33.632000,6.868000,273.350006,183.426178,120.803070,139.584595,8.832000,1094.800049,76.730003,61.680000,42.320000,61.730000,39.955002,43.834999,2.622443,231.770004,115.848862,87.701385,19.444937,6.234000
2025-06-27,100.364998,562.481995,85.769997,33.599998,6.932000,269.059998,183.144394,120.985191,139.467163,8.902000,1104.000000,77.209999,62.290001,42.775002,62.029999,40.325001,43.869999,2.630563,231.449997,115.734642,87.832687,19.598778,6.224000
2025-06-30,100.144997,561.508972,85.305000,33.444000,6.893000,269.609985,183.076370,121.272751,139.447601,8.870000,1102.400024,77.269997,62.130001,42.619999,62.070000,40.064999,43.669998,2.625022,231.470001,115.820312,87.804550,19.390129,6.194000
2025-07-01,99.995003,561.098022,85.184998,33.536999,6.928000,273.350006,183.319290,121.167320,139.545456,8.868000,1094.000000,76.400002,62.340000,42.680000,62.419998,39.435001,44.275002,2.625691,231.869995,116.039238,87.776421,19.643970,6.173000
2025-07-02,100.199997,562.638000,85.404999,33.574001,6.952000,273.250000,182.541931,121.795151,139.457367,8.892000,1099.199951,75.940002,62.310001,42.825001,61.820000,40.240002,43.974998,2.614418,231.110001,116.001160,87.879578,19.550703,6.221000
2025-07-03,101.250000,569.125977,85.754997,33.901001,7.040000,272.600006,183.163818,121.090637,139.584595,8.986000,1113.800049,76.849998,62.860001,43.165001,62.259998,40.805000,43.810001,2.610023,231.509995,116.334305,88.095268,19.707432,6.269000
2025-07-04,100.550003,565.002991,85.324997,33.553001,6.979000,272.440002,183.309555,121.186485,139.702026,8.920000,1105.599976,76.519997,62.430000,42.834999,62.049999,40.325001,43.810001,2.598559,231.399994,116.334305,87.996788,19.568010,6.236000
2025-07-07,100.855003,567.210022,85.750000,33.650002,7.005000,272.359985,182.872314,120.755150,139.574814,8.948000,1108.800049,77.070000,62.630001,42.770000,62.270000,40.209999,43.689999,2.589388,230.899994,116.239120,88.114014,19.655508,6.233000
2025-07-08,100.839996,567.244995,86.074997,33.730000,7.028000,271.290009,182.405899,121.224831,139.535660,8.958000,1110.000000,76.739998,62.720001,43.000000,62.169998,40.855000,44.115002,2.580312,230.539993,116.086823,88.099953,19.535318,6.240000
2025-07-09,101.245003,568.820007,86.745003,33.678001,7.037000,272.239990,182.357315,121.363808,139.574814,8.976000,1115.199951,77.129997,62.869999,43.105000,62.049999,40.849998,43.904999,2.601043,230.350006,116.182007,88.320328,19.525703,6.255000
2025-07-10,101.934998,573.471008,87.235001,33.858002,7.124000,273.760010,181.978348,121.718468,139.496521,9.046000,1118.800049,77.080002,63.400002,43.404999,62.320000,41.529999,44.695000,2.617475,229.570007,116.029724,88.442245,19.657433,6.291000
2025-07-11,101.294998,570.551025,86.260002,33.742001,7.059000,277.130005,181.706284,121.953308,139.516098,8.990000,1115.400024,76.519997,62.900002,42.919998,61.700001,41.395000,43.860001,2.591872,229.669998,115.877426,88.301575,19.511280,6.352000
2025-07-14,101.449997,571.322998,86.239998,33.834999,7.060000,275.899994,181.502213,122.173767,139.535660,9.002000,1118.599976,77.169998,62.910000,42.880001,61.910000,41.099998,44.014999,2.574580,229.339996,115.886940,88.189041,19.693972,6.323000
2025-07-15,102.040001,576.280029,85.919998,34.270000,7.067000,276.600006,181.861755,122.298370,139.574814,9.052000,1134.800049,77.160004,63.169998,42.825001,61.770000,42.290001,43.680000,2.577255,229.580002,115.905975,88.151527,19.685316,6.377000
2025-07-16,100.610001,566.762024,85.309998,34.063999,6.934000,277.190002,181.949219,121.871826,139.672668,8.920000,1112.199951,76.470001,62.150002,42.244999,61.299999,40.555000,43.555000,2.540187,229.389999,116.020195,88.142151,19.518011,6.353000
2025-07-17,102.535004,578.635986,86.260002,34.667000,7.129000,277.309998,182.444763,122.614685,139.692230,9.106000,1139.400024,77.870003,63.389999,42.900002,62.189999,42.070000,43.799999,2.595979,229.820007,116.121376,88.264061,19.724737,6.411000
2025-07-18,102.184998,576.463013,86.175003,34.580002,7.087000,277.149994,182.240723,122.480492,139.662872,9.076000,1133.400024,77.580002,63.060001,42.735001,61.970001,41.669998,43.380001,2.584229,229.720001,116.102028,88.198418,19.654549,6.436000
2025-07-21,102.309998,576.815979,86.139999,34.616001,7.100000,279.589996,183.377594,122.566765,139.770538,9.082000,1137.000000,77.589996,63.070000,42.900002,61.820000,41.810001,43.040001,2.601234,231.169998,116.401886,88.282814,19.754547,6.368000
2025-07-22,101.629997,572.677979,85.805000,34.359001,7.075000,281.209991,183.785706,122.691368,139.868378,9.026000,1125.400024,76.720001,62.700001,42.820000,61.820000,40.785000,43.270000,2.602476,231.600006,116.459923,88.273445,19.784355,6.363000
2025-07-23,102.485001,575.770996,86.709999,34.685001,7.162000,280.149994,183.805145,121.862251,139.750946,9.112000,1126.599976,77.209999,63.160000,43.639999,62.110001,40.474998,44.090000,2.587764,233.160004,116.537308,88.376602,19.873775,6.349000
2025-07-24,102.714996,577.633972,86.845001,34.480999,7.127000,276.000000,182.162979,121.847870,139.447601,9.122000,1130.199951,77.370003,63.279999,43.605000,62.169998,40.650002,44.279999,2.581841,230.460007,116.227783,88.498512,19.747814,6.322000
2025-07-25,102.930000,579.952026,86.665001,34.376999,7.113000,273.429993,182.162979,122.815987,139.535660,9.126000,1136.000000,77.580002,63.439999,43.345001,62.160000,40.709999,44.340000,2.581841,230.070007,116.198753,88.460999,19.691086,6.296000
2025-07-28,103.805000,586.903992,86.565002,34.618999,7.173000,274.600006,182.639114,122.978935,139.613953,9.204000,1151.000000,77.879997,64.050003,43.520000,62.369999,41.715000,44.740002,2.609545,230.830002,116.363197,88.489128,19.840124,6.342000
2025-07-29,104.235001,589.612976,86.680000,34.837002,7.187000,277.660004,182.804291,124.148331,139.643311,9.238000,1159.400024,78.419998,64.099998,43.730000,62.799999,42.380001,44.459999,2.656453,230.610001,116.411560,88.592285,20.004541,6.401000
2025-07-30,104.695000,592.445984,86.684998,34.854000,7.237000,276.269989,182.425339,124.536537,139.535660,9.286000,1165.400024,79.040001,64.279999,43.884998,62.970001,42.895000,44.570000,2.663427,230.740005,116.285812,88.545395,20.174734,6.419000
2025-07-31,104.934998,595.674011,86.010002,34.785999,7.197000,277.549988,182.668274,125.336899,139.574814,9.296000,1172.800049,79.300003,64.330002,43.645000,62.860001,42.325001,44.180000,2.692757,230.990005,116.353523,88.582901,19.946854,6.310000
2025-08-01,101.830002,575.945984,84.010002,34.053001,7.000000,279.350006,182.843155,126.151657,139.653107,9.022000,1130.400024,77.589996,62.490002,42.755001,62.009998,40.805000,43.025002,2.687885,230.389999,116.247116,88.357841,19.520897,6.231000
2025-08-04,103.044998,582.101013,85.169998,34.339001,7.106000,280.859985,183.562225,126.070168,139.711823,9.126000,1143.800049,78.529999,63.340000,43.220001,62.540001,41.439999,43.645000,2.687216,231.110001,116.546974,88.536026,19.773777,6.220000
2025-08-05,102.800003,580.463989,85.224998,34.470001,7.097000,281.440002,183.785706,126.132484,139.653107,9.110000,1140.400024,78.410004,63.119999,43.290001,62.480000,40.974998,43.630001,2.703170,231.320007,116.614685,88.554771,19.813202,6.202000
2025-08-06,103.019997,581.489990,85.175003,34.324001,7.112000,279.359985,183.503922,125.461510,139.672668,9.126000,1143.400024,78.910004,63.230000,43.389999,62.360001,40.529999,42.950001,2.670402,231.520004,116.527634,88.601669,19.850698,6.180000
2025-08-07,103.245003,581.411011,86.000000,34.692001,7.100000,280.350006,183.698257,124.852859,139.711823,9.148000,1152.800049,78.900002,63.110001,43.525002,62.029999,41.485001,42.334999,2.685687,231.470001,116.643692,88.742325,19.724737,6.185000
2025-08-08,103.535004,583.171021,86.190002,34.568001,7.117000,280.160004,183.027786,124.109985,139.662872,9.174000,1156.199951,79.010002,63.259998,44.075001,62.200001,41.590000,42.630001,2.646136,230.899994,116.382538,88.770470,19.722816,6.196000
2025-08-11,104.160004,587.499023,86.129997,34.736000,7.133000,278.019989,182.911179,124.579666,139.574814,9.222000,1167.400024,79.519997,63.639999,44.355000,62.520000,42.345001,43.049999,2.669255,230.880005,116.353523,88.770470,19.696856,6.197000
2025-08-12,104.184998,586.867981,86.294998,34.808998,7.177000,276.480011,182.153275,123.439018,139.643311,9.234000,1165.199951,79.250000,63.700001,44.654999,62.139999,42.505001,42.939999,2.627315,229.899994,116.256790,88.882996,19.551666,6.134000
2025-08-13,104.309998,587.859985,86.815002,35.126999,7.230000,275.899994,183.192978,123.419846,139.750946,9.262000,1165.400024,79.029999,63.840000,44.770000,62.310001,42.660000,43.435001,2.651103,231.100006,116.624359,88.995529,19.655508,6.117000
2025-08-14,104.860001,591.070984,87.440002,34.881001,7.242000,276.059998,182.891739,123.448601,139.790100,9.300000,1170.599976,79.580002,64.279999,44.939999,62.570000,42.955002,43.849998,2.649288,230.449997,116.556648,88.995529,19.680958,6.150000
2025-08-15,104.574997,588.351013,87.464996,34.807999,7.215000,274.929993,181.861755,123.007683,139.662872,9.272000,1160.599976,79.180000,63.970001,45.055000,62.480000,42.105000,44.294998,2.618526,229.160004,116.285812,88.976776,19.684839,6.143000
2025-08-18,104.750000,589.403015,87.500000,35.083000,7.244000,275.230011,181.900620,123.069992,139.633514,9.318000,1161.199951,79.300003,64.080002,45.160000,62.790001,42.185001,44.875000,2.607826,229.210007,116.276138,88.929886,19.702303,6.147000
2025-08-19,104.735001,588.614990,88.169998,34.979000,7.255000,274.350006,182.230988,123.578011,139.760742,9.304000,1154.400024,79.080002,64.169998,45.455002,63.060001,41.994999,44.915001,2.625882,229.339996,116.353523,88.897064,19.863352,6.108000
2025-08-20,104.150002,584.317017,88.290001,34.792999,7.216000,275.940002,182.561386,124.052475,139.780304,9.240000,1138.599976,78.949997,63.939999,45.290001,63.520000,40.985001,45.044998,2.631806,229.839996,116.459923,88.732956,20.025372,6.161000
2025-08-21,104.550003,587.190002,88.285004,34.984001,7.247000,277.079987,182.065796,124.148331,139.702026,9.278000,1143.400024,79.389999,64.150002,45.355000,63.650002,41.365002,45.480000,2.626551,228.899994,116.218109,88.657936,20.025372,6.216000
2025-08-22,105.105003,590.073975,88.660004,35.270000,7.390000,277.489990,182.668274,123.913483,139.770538,9.352000,1152.000000,79.379997,64.489998,45.720001,63.330002,42.134998,45.174999,2.635245,229.960007,116.469597,88.882996,20.216496,6.213000
2025-08-25,105.004997,590.596008,88.190002,35.376999,7.367000,278.130005,181.881180,123.913483,139.682465,9.344000,1154.000000,78.889999,64.400002,45.514999,62.860001,42.080002,44.830002,2.629035,229.100006,116.218109,88.882996,20.094254,6.255000
2025-08-26,104.790001,589.809021,87.550003,35.245998,7.381000,279.470001,182.221268,124.263359,139.721588,9.324000,1152.599976,78.900002,64.260002,45.290001,62.639999,42.290001,44.790001,2.626169,229.410004,116.372864,88.695442,20.098133,6.225000
2025-08-27,105.625000,595.937012,87.614998,35.077999,7.431000,281.079987,182.386459,124.522156,139.819458,9.386000,1161.599976,79.239998,64.790001,45.384998,63.080002,42.529999,45.139999,2.629226,229.339996,116.363197,88.667313,20.265005,6.260000
2025-08-28,105.324997,593.273010,87.510002,35.050999,7.400000,281.230011,182.571091,124.531738,139.868378,9.358000,1160.199951,79.120003,64.440002,45.384998,62.650002,42.665001,44.619999,2.642505,229.639999,116.411560,88.639175,20.145672,6.239000
2025-08-29,104.589996,589.299011,86.934998,34.796001,7.355000,283.549988,182.143539,124.455055,139.790100,9.296000,1146.599976,78.349998,64.050003,45.099998,62.599998,41.509998,44.654999,2.616997,228.770004,116.285812,88.536026,20.181568,6.276000
2025-09-01,104.830002,590.614014,87.180000,34.840000,7.389000,285.940002,181.735443,124.157913,139.711823,9.312000,1148.400024,78.660004,64.209999,45.299999,62.910000,41.494999,44.924999,2.606202,228.529999,116.266457,88.564156,20.254332,6.323000
2025-09-02,103.690002,583.961975,85.885002,34.799000,7.291000,290.160004,181.201004,125.260216,139.702026,9.218000,1133.199951,77.900002,63.439999,44.840000,62.759998,40.570000,44.840000,2.607539,227.970001,115.879555,88.348465,20.006937,6.357000
2025-09-03,104.375000,588.818970,86.485001,34.993000,7.320000,294.049988,182.056107,125.260216,139.702026,9.276000,1147.199951,78.209999,63.970001,44.865002,62.599998,40.790001,44.930000,2.630373,228.809998,116.198753,88.470375,19.963278,6.352000
2025-09-04,105.269997,594.142029,87.014999,34.895000,7.377000,293.429993,182.386459,125.710724,139.878174,9.340000,1156.400024,78.879997,64.599998,45.360001,63.040001,41.255001,45.180000,2.646040,229.050003,116.440567,88.629799,20.062241,6.338000
2025-09-05,104.525002,588.463989,86.919998,35.049000,7.378000,294.290009,183.154099,125.840134,139.897736,9.294000,1151.599976,78.230003,63.939999,45.310001,62.509998,41.654999,45.049999,2.674892,230.860001,116.750099,88.742325,20.154404,6.268000
2025-09-08,105.199997,591.562012,87.370003,35.347000,7.433000,298.119995,183.717697,125.873688,139.936890,9.366000,1163.400024,79.320000,64.180000,45.570000,62.450001,42.384998,44.895000,2.706705,230.270004,116.837158,88.770470,20.138880,6.300000
2025-09-09,105.190002,592.000000,87.375000,35.647999,7.408000,299.000000,183.231842,125.624451,139.887955,9.372000,1161.000000,79.410004,64.190002,45.610001,62.580002,42.419998,45.209999,2.704030,230.360001,116.769447,88.686066,20.175747,6.306000
2025-09-10,105.775002,595.935974,87.349998,36.000999,7.409000,299.420013,183.494186,125.773026,139.868378,9.420000,1168.599976,81.019997,64.199997,45.685001,62.380001,42.990002,44.930000,2.709189,230.580002,116.798470,88.582901,20.255302,6.320000
2025-09-11,106.445000,599.643982,87.794998,36.270000,7.497000,298.279999,183.630219,125.892845,139.898468,9.486000,1172.800049,81.379997,64.760002,46.205002,62.910000,43.400002,45.445000,2.730971,230.669998,116.904869,88.811287,20.362022,6.309000
2025-09-12,106.489998,600.583984,87.750000,36.316002,7.469000,299.450012,182.677979,125.490273,139.799500,9.486000,1177.199951,81.190002,64.720001,46.005001,62.820000,43.404999,45.180000,2.712533,229.970001,116.730759,88.917152,20.402769,6.372000
2025-09-15,106.635002,600.604004,88.110001,36.436001,7.468000,300.170013,183.290146,125.557373,139.868774,9.494000,1180.800049,81.309998,64.669998,45.990002,62.340000,43.544998,44.555000,2.725143,230.119995,116.788795,88.946030,20.371723,6.383000
2025-09-16,105.739998,596.187988,87.089996,36.351002,7.381000,299.290009,183.251282,124.991829,139.839096,9.422000,1174.400024,80.260002,64.220001,45.619999,61.680000,43.450001,44.250000,2.707851,230.479996,116.750099,88.878654,20.125299,6.393000
2025-09-17,105.654999,595.273987,87.080002,36.661999,7.434000,299.440002,183.494186,124.886391,139.779709,9.434000,1169.199951,79.910004,64.339996,45.775002,61.860001,43.365002,44.505001,2.715590,230.470001,116.769447,88.926781,20.180599,6.340000
2025-09-18,106.809998,602.828979,87.809998,36.720001,7.508000,297.529999,183.008347,125.356071,139.868774,9.530000,1193.599976,80.919998,65.160004,46.380001,62.110001,45.419998,44.630001,2.689413,230.009995,116.827477,89.128883,20.151493,6.309000
2025-09-19,106.925003,603.757019,87.739998,36.750000,7.495000,300.739990,182.580795,125.816170,139.858887,9.532000,1195.199951,81.089996,65.089996,46.189999,62.060001,44.955002,44.740002,2.690559,229.630005,116.711418,89.196251,20.182539,6.317000
2025-09-22,107.175003,605.669983,87.589996,36.721001,7.486000,305.220001,182.658539,125.547775,139.868774,9.548000,1201.400024,81.089996,65.250000,46.130001,61.849998,45.674999,44.799999,2.676516,229.500000,116.701736,89.023018,20.034103,6.292000
2025-09-23,107.245003,606.168030,87.794998,36.904999,7.527000,308.739990,182.512787,125.404007,139.898468,9.568000,1201.800049,81.209999,65.339996,46.369999,61.770000,46.369999,44.639999,2.676325,229.559998,116.682388,89.138512,20.073881,6.326000
2025-09-24,107.110001,605.401978,87.610001,36.849998,7.486000,307.410004,182.493347,126.046211,139.868774,9.554000,1199.000000,81.330002,65.230003,46.320000,62.169998,46.130001,44.549999,2.690942,229.399994,116.730759,89.100014,20.062241,6.387000
2025-09-25,106.974998,604.268005,87.135002,36.799999,7.426000,307.660004,182.075531,126.535049,139.878677,9.538000,1199.599976,81.180000,65.230003,46.299999,62.110001,46.160000,43.840000,2.690751,229.300003,116.450241,88.888283,20.018581,6.440000
2025-09-26,107.050003,605.270020,87.860001,36.474998,7.458000,311.079987,182.473907,126.051010,139.878677,9.538000,1195.000000,81.260002,65.230003,46.540001,62.299999,46.025002,44.044998,2.705272,230.089996,116.634026,89.023018,20.103956,6.466000
2025-09-29,107.370003,606.919983,87.974998,36.794998,7.463000,314.309998,183.027786,126.276268,139.947952,9.562000,1204.199951,81.550003,65.470001,46.430000,62.290001,46.570000,44.180000,2.714826,230.169998,116.837158,89.080765,20.125299,6.439000
2025-09-30,107.220001,605.781006,88.349998,36.831001,7.431000,314.880005,183.076370,126.185204,139.918259,9.544000,1200.400024,81.639999,65.510002,46.355000,62.430000,46.419998,44.599998,2.712342,230.080002,116.866173,88.965279,20.124329,6.427000
2025-10-01,108.019997,609.981995,89.415001,37.152000,7.514000,317.239990,183.066650,125.902435,139.987534,9.622000,1207.199951,82.010002,66.059998,46.900002,62.810001,47.205002,46.375000,2.709571,230.050003,116.914543,89.032646,20.341648,6.435000
2025-10-02,108.400002,612.333984,89.964996,37.387001,7.538000,315.820007,183.309555,126.755531,139.918259,9.658000,1216.400024,81.919998,66.419998,46.980000,62.610001,48.549999,46.695000,2.731449,230.080002,117.049957,89.215500,20.195150,6.457000
2025-10-03,108.864998,613.640015,90.345001,37.493999,7.606000,318.570007,183.309555,126.142075,139.957840,9.702000,1216.800049,81.970001,66.699997,47.490002,62.840000,48.794998,47.259998,2.720367,230.509995,117.078972,89.109634,20.331947,6.473000
2025-10-06,109.239998,615.289001,90.400002,37.693001,7.655000,325.000000,183.066650,125.773026,139.898468,9.746000,1221.599976,82.010002,66.910004,47.639999,62.770000,50.360001,47.330002,2.703934,229.990005,116.991920,89.051888,20.297020,6.525000
2025-10-07,109.065002,615.078979,90.220001,37.706001,7.571000,328.869995,183.056931,126.300224,139.977646,9.722000,1221.000000,81.790001,66.849998,47.310001,63.009998,49.355000,47.330002,2.726481,229.970001,117.011269,88.792046,20.282467,6.570000
2025-10-08,109.995003,621.286011,90.945000,37.969002,7.650000,335.299988,183.571930,126.741158,140.076599,9.806000,1235.400024,82.839996,67.330002,47.674999,63.310001,50.380001,47.680000,2.749982,230.940002,117.185379,88.686180,20.227167,6.628000
2025-10-09,110.035004,622.263977,90.464996,37.889999,7.651000,334.250000,183.358154,127.560684,140.106308,9.808000,1240.599976,82.970001,67.260002,47.529999,63.419998,50.590000,47.820000,2.752466,230.550003,117.040283,88.474442,20.258215,6.636000
2025-10-10,107.915001,610.124023,89.300003,36.737999,7.456000,332.489990,184.135498,127.771568,140.175568,9.598000,1210.800049,81.680000,65.980003,46.410000,62.820000,48.360001,47.070000,2.772815,231.509995,117.204727,88.156845,19.965221,6.482000
2025-10-13,108.754997,614.869995,89.785004,37.596001,7.556000,340.690002,184.271545,128.011200,140.225052,9.680000,1223.800049,82.330002,66.309998,46.775002,62.889999,49.720001,47.205002,2.778834,231.720001,117.146690,88.387825,20.131123,6.582000
2025-10-14,108.209999,610.861023,89.500000,37.134998,7.562000,343.799988,184.767105,128.600677,140.294327,9.656000,1213.199951,82.290001,66.070000,46.794998,62.930000,49.264999,46.680000,2.784375,232.050003,117.398186,88.426315,20.137913,6.541000
2025-10-15,108.930000,614.606018,89.995003,37.658001,7.628000,346.809998,185.593048,127.958473,140.343811,9.712000,1223.000000,82.519997,66.360001,47.070000,62.919998,50.110001,46.849998,2.793546,233.139999,117.717377,88.946030,20.403740,6.545000
2025-10-16,108.750000,613.015991,90.665001,37.910999,7.600000,352.429993,185.573608,127.493584,140.422989,9.704000,1222.800049,82.220001,66.139999,47.275002,62.590000,50.709999,46.994999,2.773484,232.899994,117.659340,88.686180,20.432846,6.587000
2025-10-17,107.669998,606.663025,89.849998,37.528999,7.473000,351.320007,185.359833,128.073502,140.343811,9.604000,1207.800049,80.699997,65.620003,46.900002,62.549999,49.665001,46.799999,2.784757,232.300003,117.562614,88.599556,20.418291,6.542000
2025-10-20,109.504997,617.351013,90.730003,38.264000,7.600000,359.089996,185.350128,127.829071,140.314117,9.778000,1236.400024,82.070000,66.739998,47.615002,62.980000,51.340000,47.404999,2.795266,232.509995,117.669014,88.888283,20.539562,6.635000
2025-10-21,109.945000,620.791016,90.915001,38.125999,7.632000,342.309998,185.661072,128.595901,140.432877,9.806000,1240.000000,81.910004,67.139999,47.814999,63.310001,51.009998,47.770000,2.827844,232.839996,117.727051,88.926781,20.688000,6.576000
2025-10-22,109.324997,617.013000,90.720001,38.019001,7.559000,334.089996,185.622192,128.701340,140.383408,9.754000,1227.599976,80.900002,66.760002,47.580002,63.509998,49.660000,47.985001,2.822780,233.130005,117.727051,88.994148,20.726809,6.589000
2025-10-23,109.750000,619.419006,91.010002,38.266998,7.629000,343.809998,185.359833,128.931366,140.373505,9.798000,1236.000000,81.690002,66.989998,47.705002,63.049999,50.700001,47.715000,2.810456,232.919998,117.688354,88.994148,20.704493,6.711000
2025-10-24,110.584999,619.419006,90.991203,38.266998,7.629000,343.809998,185.359833,128.931366,140.373505,9.870000,1236.000000,81.690002,66.989998,47.705002,73.202400,50.700001,47.715000,2.810456,232.919998,117.688354,88.588684,20.704493,6.711000
2025-10-27,111.360001,630.070007,91.379997,38.791000,7.706000,330.000000,184.942017,128.754044,140.264633,9.936000,1268.800049,82.750000,67.739998,48.485001,63.119999,52.900002,47.650002,2.805297,232.149994,117.688354,89.321365,20.750092,6.624000
2025-10-28,111.570000,631.671997,91.195000,38.662998,7.665000,327.070007,184.815689,129.314789,140.254745,9.946000,1276.000000,82.889999,67.699997,48.680000,62.849998,53.139999,47.334999,2.809978,232.039993,117.707710,89.273247,20.442543,6.577000
2025-10-29,111.750000,633.520020,91.165001,39.089001,7.659000,330.119995,185.048904,129.750931,140.324020,9.964000,1283.000000,83.209999,67.809998,48.814999,61.970001,54.029999,47.240002,2.804437,232.369995,117.717377,89.205879,20.220375,6.614000
2025-10-30,111.915001,634.731018,91.125000,38.942001,7.642000,332.690002,184.883713,129.803635,140.343811,9.970000,1284.599976,83.330002,67.930000,48.860001,62.419998,53.980000,47.395000,2.797941,232.470001,117.581963,89.090385,20.235897,6.666000
2025-10-31,111.785004,634.362976,90.654999,38.834999,7.628000,332.709991,184.922577,129.851562,140.343811,9.958000,1286.000000,83.309998,67.610001,48.775002,62.209999,53.610001,47.139999,2.792305,232.419998,117.610977,89.157753,20.193209,6.707000
2025-11-03,111.949997,635.153992,90.650002,39.214001,7.601000,333.899994,184.669937,129.679016,140.304230,9.978000,1290.000000,83.349998,67.510002,48.919998,61.830002,54.080002,47.105000,2.779789,232.000000,117.282104,89.032646,20.135000,6.766000
2025-11-04,111.550003,632.901001,90.430000,38.872002,7.584000,332.649994,184.796265,130.953873,140.284439,9.936000,1278.800049,82.959999,67.389999,48.695000,62.119999,53.230000,47.685001,2.804151,232.369995,117.398186,89.013397,20.255302,6.766000
2025-11-05,111.739998,634.083984,90.724998,38.914001,7.590000,333.920013,184.582504,130.359589,140.333923,9.950000,1279.199951,83.040001,67.580002,48.959999,62.419998,53.330002,47.680000,2.780363,231.919998,117.340141,89.023018,20.225229,6.778000
2025-11-06,110.220001,622.997009,90.059998,38.439999,7.489000,332.500000,184.679657,130.465012,140.333923,9.812000,1250.400024,81.900002,66.639999,48.665001,61.930000,51.869999,47.654999,2.785426,231.979996,117.340141,88.965279,20.189331,6.684000
2025-11-07,108.764999,614.072998,89.614998,37.842999,7.419000,333.170013,184.485321,130.028900,140.343811,9.686000,1222.400024,80.750000,65.800003,48.340000,62.029999,50.040001,47.439999,2.775586,231.949997,117.204727,88.820915,20.232986,6.712000
2025-11-10,110.934998,627.283997,90.889999,38.776001,7.591000,341.149994,184.699097,129.650269,140.343811,9.882000,1259.599976,82.940002,66.940002,49.070000,62.160000,52.400002,47.950001,2.770809,232.050003,117.272430,89.109634,20.307690,6.775000
2025-11-11,111.339996,628.737976,92.070000,38.775002,7.596000,341.250000,184.893433,129.899506,140.373505,9.918000,1256.199951,82.870003,67.300003,49.334999,62.740002,51.700001,48.775002,2.771191,232.419998,117.369156,89.234749,20.432846,6.847000
2025-11-12,111.959999,631.575012,92.764999,38.891998,7.631000,348.350006,185.233521,130.388336,140.403183,9.970000,1260.199951,83.400002,67.660004,49.965000,63.139999,52.630001,49.674999,2.784757,232.800003,117.465889,89.205879,20.480385,6.859000
2025-11-13,110.514999,623.392029,92.205002,38.555000,7.500000,347.929993,184.752884,129.545303,140.324020,9.840000,1238.599976,81.949997,67.040001,49.584999,63.029999,50.939999,49.840000,2.760205,232.429993,117.195053,88.984520,20.199295,6.858000
2025-11-14,110.199997,622.114014,91.260002,38.740002,7.488000,339.470001,184.210861,129.721466,140.264633,9.826000,1241.000000,81.800003,66.910004,49.570000,63.000000,51.310001,49.465000,2.744250,232.130005,117.098320,88.926781,20.127968,6.815000
2025-11-17,109.750000,620.565002,90.730003,38.355999,7.443000,337.769989,184.329117,129.604019,140.254745,9.782000,1236.400024,81.519997,66.669998,49.169998,63.029999,50.720001,49.595001,2.754664,232.309998,117.127335,88.878654,20.113310,6.802000
2025-11-18,108.285004,612.987976,89.230003,37.997002,7.349000,338.119995,184.299545,129.975937,140.333923,9.648000,1216.599976,80.529999,65.870003,48.070000,62.700001,49.384998,49.474998,2.750078,232.020004,116.982254,88.705421,20.021463,6.796000
2025-11-19,108.580002,614.989014,89.120003,37.848999,7.377000,340.040009,184.348831,130.783401,140.353714,9.670000,1222.400024,80.440002,66.120003,48.125000,62.500000,49.900002,49.505001,2.764982,231.860001,117.127335,88.724678,19.930595,6.821000
2025-11-20,109.235001,619.856995,89.410004,37.907001,7.404000,339.290009,184.230576,130.768723,140.373505,9.726000,1232.400024,81.099998,66.599998,48.099998,62.660000,50.150002,49.580002,2.771860,231.660004,117.117668,88.936401,20.061525,6.783000
2025-11-21,108.105003,611.567993,89.190002,37.230999,7.392000,340.709991,184.417816,131.165100,140.403183,9.632000,1201.000000,79.410004,66.349998,48.080002,63.230000,47.779999,50.220001,2.779598,231.320007,117.127335,88.734291,20.083021,6.754000
2025-11-24,109.535004,621.328979,89.320000,37.674999,7.500000,342.010010,184.644485,131.091705,140.393295,9.754000,1232.800049,80.449997,66.830002,48.689999,63.110001,50.000000,50.540001,2.789534,231.690002,117.185379,88.955650,20.178776,6.740000
2025-11-25,109.824997,622.385010,90.110001,37.676998,7.592000,344.640015,184.969696,130.768723,140.422989,9.776000,1229.599976,80.320000,67.029999,49.040001,63.330002,49.240002,51.020000,2.801094,232.169998,117.369156,89.080765,20.308727,6.698000
2025-11-26,111.070000,629.575989,91.125000,37.959000,7.675000,345.489990,185.147079,130.254883,140.482361,9.892000,1249.800049,82.160004,67.809998,49.535000,63.470001,51.330002,51.189999,2.787719,232.080002,117.446533,89.302124,20.342926,6.774000
2025-11-27,110.995003,628.947998,91.144997,37.897999,7.678000,344.929993,185.087952,130.230408,140.452682,9.884000,1247.800049,82.190002,67.730003,49.480000,63.410000,51.189999,51.060001,2.794884,232.429993,117.456215,89.302124,20.320456,6.794000
2025-11-28,111.400002,631.075989,91.445000,38.062000,7.729000,349.480011,185.038681,130.093384,140.442780,9.922000,1252.800049,82.559998,67.900002,49.860001,63.549999,51.779999,50.860001,2.781127,232.130005,117.417519,89.475349,20.395687,6.897000
2025-12-01,110.970001,628.750000,91.165001,37.970001,7.680000,350.480011,184.191147,129.697006,140.393295,9.886000,1250.199951,81.779999,67.739998,49.689999,63.169998,51.959999,50.480000,2.743869,231.259995,117.301445,89.311745,20.180729,6.908000
2025-12-02,110.989998,628.408020,91.285004,37.853001,7.645000,346.850006,184.151733,130.024887,140.403183,9.884000,1255.199951,82.040001,67.699997,49.814999,62.830002,52.419998,50.259998,2.746734,231.080002,117.282104,89.350235,20.126011,6.906000
2025-12-03,111.035004,628.645996,91.445000,37.745998,7.661000,348.230011,184.279846,128.693802,140.383408,9.886000,1257.000000,81.849998,67.849998,49.910000,62.610001,53.060001,50.279999,2.734028,231.139999,117.446533,89.379112,20.049801,6.915000
2025-12-04,111.279999,628.901978,91.864998,37.858002,7.713000,348.070007,184.003906,128.429535,140.363617,9.916000,1256.599976,82.760002,67.930000,50.160000,62.619999,53.259998,49.869999,2.730589,231.029999,117.311119,89.379112,20.045895,6.907000
2025-12-05,111.695000,631.710999,91.830002,38.180000,7.743000,348.950012,183.688538,128.390381,140.383408,9.956000,1264.199951,82.820000,68.260002,50.290001,62.680000,53.669998,49.855000,2.717309,231.070007,117.224068,89.398361,20.039053,6.993000
2025-12-08,111.514999,630.773987,91.830002,38.022999,7.735000,347.570007,182.801590,128.018478,140.244858,9.934000,1263.400024,83.559998,67.980003,50.299999,62.410000,53.980000,49.404999,2.709953,230.429993,116.808144,89.234749,19.881741,6.889000
2025-12-09,111.635002,631.513977,91.754997,38.002998,7.752000,348.519989,183.126816,128.057617,140.234955,9.940000,1264.400024,83.940002,67.930000,50.480000,62.259998,54.240002,49.115002,2.717692,230.479996,116.769447,89.302124,19.859270,6.854000
2025-12-10,111.385002,629.838989,91.809998,38.060001,7.744000,347.309998,182.919846,127.998894,140.175568,9.926000,1261.599976,83.849998,67.760002,50.610001,62.049999,54.230000,49.064999,2.725525,230.369995,116.798470,89.177010,19.814323,6.820000
2025-12-11,110.974998,625.260010,92.269997,37.785999,7.792000,348.920013,183.195786,127.626968,140.274551,9.898000,1244.000000,83.129997,67.730003,50.770000,62.080002,53.250000,49.459999,2.705225,230.699997,116.866173,89.292488,19.859270,6.788000
2025-12-12,110.290001,622.213013,91.754997,37.449001,7.735000,351.230011,183.097229,127.783569,140.284439,9.834000,1232.000000,81.639999,67.550003,50.500000,62.139999,52.029999,49.384998,2.667522,230.419998,116.856499,89.196251,19.844612,6.736000
2025-12-15,110.495003,621.627991,92.389999,37.543999,7.712000,351.690002,183.245071,127.724854,140.333923,9.846000,1228.400024,81.989998,67.660004,50.660000,62.230000,51.880001,49.759998,2.676996,230.750000,116.962906,89.282867,19.812368,6.691000
2025-12-16,109.730003,617.565979,91.980003,36.993000,7.675000,351.940002,183.432312,127.333366,140.363617,9.774000,1216.800049,81.089996,67.209999,50.290001,61.970001,50.930000,49.250000,2.674066,230.649994,116.972580,89.330986,19.739086,6.638000
2025-12-17,109.285004,614.929993,91.974998,36.950001,7.650000,354.529999,183.146515,127.744431,140.373505,9.732000,1212.000000,80.099998,66.949997,50.080002,62.150002,49.494999,49.419998,2.678755,230.199997,116.846832,89.407982,19.848520,6.700000
2025-12-18,110.425003,621.986023,92.775002,37.465000,7.732000,358.299988,183.481583,128.155502,140.413101,9.842000,1227.400024,81.570000,67.620003,50.630001,62.430000,50.959999,49.529999,2.704052,230.360001,116.962906,89.619713,19.951113,6.741000
2025-12-19,110.949997,624.497009,93.224998,37.889000,7.754000,357.149994,182.900131,128.086975,140.343811,9.884000,1238.599976,82.709999,67.849998,50.939999,62.470001,52.000000,49.810001,2.697801,229.580002,116.759773,89.533096,19.937437,6.733000
2025-12-22,111.165001,626.322021,93.014999,37.806999,7.807000,363.329987,182.703033,127.176765,140.324020,9.908000,1238.599976,83.180000,67.980003,50.849998,62.270000,52.389999,49.740002,2.682564,229.570007,116.730759,89.494598,19.865131,6.773000
2025-12-23,111.400002,627.242981,93.440002,37.841000,7.769000,364.600006,183.412598,126.804840,140.363617,9.926000,1242.800049,83.449997,68.099998,50.889999,62.330002,52.529999,49.939999,2.678950,230.160004,116.914543,89.561966,19.823116,6.825000
2025-12-24,111.500000,628.281982,93.440002,38.012001,7.769000,366.799988,183.491440,126.374191,140.432877,9.926000,1245.800049,83.449997,68.099998,50.889999,62.330002,52.529999,49.939999,2.678950,230.080002,117.001595,89.821823,19.834841,6.825000
2025-12-29,111.565002,628.434998,93.455002,38.123001,7.756000,355.329987,184.289703,127.313782,140.650604,9.956000,1245.800049,83.199997,68.190002,51.110001,62.619999,52.889999,50.119999,2.697313,231.000000,117.233734,89.523468,20.032213,6.841000
2025-12-30,111.800003,629.513977,94.065002,38.409000,7.780000,357.299988,183.521011,127.431229,140.521957,9.978000,1245.800049,83.470001,68.320000,51.380001,62.700001,53.209999,50.090000,2.686568,230.419998,117.166031,89.773697,20.071297,6.939000
2025-12-31,111.529999,628.531982,93.834999,38.380001,7.780000,353.339996,183.787094,127.558472,140.640717,9.978000,1245.800049,83.470001,68.320000,51.380001,62.700001,53.209999,50.090000,2.686568,230.050003,117.185379,89.975800,20.086931,6.939000
2026-01-02,111.334999,624.526001,94.610001,39.131001,7.752000,353.760010,183.087387,126.829315,140.521957,9.958000,1245.800049,83.370003,68.050003,51.660000,62.130001,54.650002,49.895000,2.674261,229.289993,116.962906,89.638962,19.961863,6.768000
2026-01-05,112.739998,631.994019,95.525002,39.758999,7.894000,365.040009,183.481583,126.697174,140.551651,10.102000,1247.800049,85.050003,69.199997,52.160000,62.250000,56.500000,49.755001,2.686080,230.220001,117.146690,89.889191,20.070318,6.925000
2026-01-06,113.120003,634.336975,96.025002,40.173000,7.957000,369.500000,183.826508,126.706978,140.690201,10.146000,1252.400024,85.300003,69.519997,52.580002,62.439999,57.490002,50.910000,2.684810,230.660004,117.359489,89.927689,20.156303,7.037000
2026-01-07,113.455002,637.271973,95.875000,40.041000,8.010000,367.600006,184.250290,127.323570,140.700089,10.166000,1262.199951,85.610001,69.669998,52.549999,62.630001,57.200001,51.660000,2.709327,231.029999,117.485229,90.052795,20.415230,6.963000
2026-01-08,113.279999,636.239014,95.709999,39.903000,8.044000,368.459991,184.141876,127.499748,140.759476,10.150000,1252.400024,84.650002,69.610001,52.459999,62.970001,55.770000,51.840000,2.705908,230.860001,117.359489,90.052795,20.516846,6.954000
2026-01-09,114.209999,640.624023,96.690002,40.183998,8.140000,372.790009,184.240417,127.724854,140.670395,10.244000,1266.400024,85.809998,70.269997,53.080002,63.070000,57.759998,51.419998,2.719094,231.210007,117.465889,90.091293,20.586222,7.052000
2026-01-12,114.154999,639.572021,96.885002,40.481998,8.144000,380.940002,184.555786,127.073997,140.759476,10.248000,1266.199951,86.050003,70.169998,53.070000,63.080002,58.029999,51.040001,2.703369,231.789993,117.591637,90.062424,20.456270,7.126000
2026-01-13,114.324997,641.148987,96.864998,40.580002,8.140000,380.829987,184.378387,127.382286,140.700089,10.272000,1270.000000,86.750000,70.010002,53.180000,62.900002,58.980000,51.150002,2.712843,231.449997,117.620644,90.033554,20.378103,7.165000
2026-01-14,113.665001,635.565979,96.949997,40.549000,8.154000,381.489990,184.713455,127.675911,140.789154,10.208000,1249.599976,85.610001,69.760002,53.340000,63.119999,57.790001,51.240002,2.731597,232.160004,117.581963,89.946938,20.601852,7.163000
2026-01-15,114.930000,643.685974,97.485001,41.143002,8.293000,382.390015,184.910568,128.096771,140.779266,10.346000,1270.800049,87.260002,70.660004,53.880001,63.389999,60.590000,51.060001,2.748007,232.649994,117.754036,89.946938,20.956535,7.135000
2026-01-16,114.775002,642.419983,97.455002,40.770000,8.293000,381.100006,184.565643,127.656334,140.739685,10.320000,1264.199951,87.269997,70.680000,53.689999,63.259998,60.520000,51.270000,2.736969,232.570007,117.685165,89.831444,20.986824,7.133000
2026-01-19,113.120003,632.216003,96.275002,40.842999,8.183000,386.140015,184.723328,126.839096,140.808960,10.198000,1240.400024,86.059998,69.599998,53.180000,62.860001,59.139999,50.590000,2.695652,232.809998,117.635971,89.715950,20.888142,7.208000
2026-01-20,112.190002,627.267029,95.629997,40.327999,8.149000,389.290009,184.447388,126.393768,140.878235,10.100000,1234.599976,85.510002,69.120003,52.799999,62.340000,59.419998,50.290001,2.670647,232.589996,117.586777,89.725586,20.649731,7.193000
2026-01-21,112.290001,627.937012,95.570000,40.772999,8.203000,398.100006,184.201004,126.736336,140.858444,10.130000,1237.800049,85.269997,69.199997,53.419998,62.259998,60.680000,50.650002,2.677875,232.220001,117.547432,89.908432,20.553976,7.296000
2026-01-22,113.004997,631.932007,96.410004,41.073002,8.312000,399.850006,184.348831,126.178452,140.808960,10.202000,1247.199951,85.360001,69.680000,53.860001,62.459999,60.830002,51.130001,2.681685,232.350006,117.655647,89.966187,20.590130,7.317000
2026-01-23,112.779999,630.215027,96.379997,40.896999,8.228000,407.640015,184.358688,125.552063,140.789154,10.174000,1251.000000,85.080002,69.669998,53.340000,62.389999,60.290001,50.950001,2.687838,232.509995,117.527748,90.072037,20.383963,7.392000
2026-01-26,112.379997,627.101990,96.610001,40.893002,8.157000,411.350006,184.969696,124.734818,140.888123,10.134000,1244.000000,84.940002,69.419998,53.009998,62.340000,59.340000,50.680000,2.675726,232.949997,117.754036,90.110542,20.336086,7.425000
2026-01-27,112.199997,625.104004,97.139999,41.139000,8.105000,409.959991,184.920425,124.025238,140.878235,10.132000,1243.000000,85.449997,69.430000,53.220001,61.869999,60.439999,50.130001,2.649061,233.500000,117.891769,90.216408,20.168028,7.377000
2026-01-28,112.320000,627.013000,96.309998,41.480999,8.112000,426.260010,185.127380,123.849060,140.927704,10.156000,1251.599976,85.589996,69.400002,53.630001,61.950001,61.540001,49.490002,2.644568,233.619995,117.921280,90.168289,20.285276,7.525000
2026-01-29,111.400002,620.036011,96.214996,41.173000,8.053000,425.750000,185.413177,123.878426,140.977188,10.058000,1228.199951,84.360001,69.199997,53.590000,61.750000,60.779999,49.395000,2.642517,233.820007,117.950798,89.889191,20.307753,7.550000
2026-01-30,112.190002,625.982971,96.879997,41.088001,8.044000,403.859985,185.235794,124.465660,140.967300,10.124000,1240.199951,84.900002,69.470001,54.139999,62.020000,61.220001,49.680000,2.650819,234.089996,118.019661,90.110542,20.334131,7.535000
2026-02-02,113.434998,633.564026,97.894997,41.061001,8.133000,379.579987,184.959839,124.876732,140.898026,10.216000,1252.599976,85.540001,70.199997,54.889999,62.900002,61.639999,50.419998,2.656973,233.270004,117.970474,90.081673,20.543228,7.145000
2026-02-03,112.940002,629.062988,97.940002,41.525002,8.172000,405.519989,184.713455,124.358002,140.898026,10.188000,1234.800049,85.389999,69.809998,55.200001,62.830002,60.200001,50.400002,2.650722,233.110001,117.950798,90.129791,20.428911,7.305000
2026-02-04,112.629997,626.283020,97.875000,41.214001,8.189000,401.660004,185.068237,124.842476,140.987106,10.176000,1216.800049,83.230003,69.739998,55.459999,63.349998,56.970001,50.520000,2.654824,233.270004,118.049179,90.062424,20.841240,7.320000
2026-02-05,111.555000,620.616028,96.945000,41.082001,8.142000,396.119995,185.206207,126.491653,141.006882,10.088000,1201.800049,82.250000,69.250000,54.910000,63.580002,57.349998,50.330002,2.679438,233.250000,118.068855,90.033554,20.791407,7.260000
2026-02-06,112.629997,625.773010,97.735001,41.456001,8.261000,401.859985,185.245636,125.904404,141.006882,10.196000,1211.000000,84.150002,69.930000,55.750000,63.570000,59.490002,50.610001,2.672894,233.190002,118.078690,90.177910,20.914520,7.324000
2026-02-09,113.230003,628.054016,98.400002,41.773998,8.309000,410.369995,185.423019,125.410141,141.095963,10.244000,1218.000000,85.830002,70.000000,55.790001,63.360001,60.049999,50.259998,2.653749,232.949997,118.157402,90.226028,20.942856,7.280000
2026-02-10,113.425003,627.633972,98.425003,41.830002,8.350000,405.109985,185.876358,126.021851,141.115753,10.268000,1217.400024,85.620003,70.099998,56.000000,63.590000,59.740002,50.360001,2.691061,233.740005,118.265617,90.206787,21.170519,7.232000
2026-02-11,113.434998,626.830994,98.589996,42.245998,8.333000,411.510010,186.034058,126.031647,141.115753,10.270000,1213.599976,85.389999,70.209999,56.529999,63.709999,60.869999,50.380001,2.690085,234.000000,118.265617,90.177910,21.356165,7.306000
2026-02-12,112.345001,620.539001,98.014999,42.064999,8.250000,400.359985,186.300125,126.628670,141.135544,10.176000,1196.199951,84.089996,69.610001,56.150002,63.919998,60.250000,50.529999,2.706397,234.039993,118.354172,90.081673,21.402088,7.219000
2026-02-13,112.275002,619.513977,98.000000,42.027000,8.300000,406.880005,186.566223,127.196342,141.194916,10.178000,1197.400024,84.000000,69.720001,56.080002,64.040001,60.470001,51.090000,2.734820,234.199997,118.314812,89.995056,21.478300,7.203000
2026-02-16,111.985001,618.419983,98.110001,42.201000,8.290000,404.869995,186.615494,127.431229,141.155334,10.164000,1193.199951,84.099998,69.559998,55.830002,64.209999,60.119999,50.990002,2.745369,234.300003,118.354172,90.023926,21.599459,7.210000
2026-02-17,112.305000,619.677002,98.684998,42.125000,8.299000,397.380005,186.822464,128.214218,141.214722,10.182000,1196.000000,84.489998,69.849998,56.070000,64.019997,60.490002,51.180000,2.751328,234.520004,118.334488,90.091293,21.638544,7.134000
2026-02-18,113.535004,626.572998,99.834999,42.700001,8.401000,407.130005,186.881592,127.881454,141.204819,10.298000,1215.199951,86.019997,70.529999,56.639999,63.970001,62.000000,51.040001,2.750448,234.880005,118.423035,90.216408,21.558420,7.268000
2026-02-19,113.385002,626.169983,99.389999,42.546001,8.375000,409.019989,186.871719,128.664444,141.214722,10.280000,1211.400024,85.709999,70.339996,56.279999,64.309998,61.189999,51.060001,2.753476,235.000000,118.354172,90.139420,21.525787,7.353000
2026-02-20,113.669998,627.127991,100.205002,43.169998,8.403000,412.899994,187.019562,128.380600,141.194916,10.320000,1213.400024,86.290001,70.699997,56.459999,64.300003,61.900002,50.970001,2.744392,235.110001,118.472221,90.226028,21.688086,7.428000
2026-02-23,112.919998,622.179993,99.724998,42.938999,8.306000,424.850006,187.285629,128.821030,141.283981,10.312000,1201.599976,85.239998,70.199997,56.299999,64.339996,61.250000,51.099998,2.759239,235.320007,118.619797,90.216408,21.758907,7.472000
2026-02-24,113.375000,625.419006,100.004997,43.646999,8.369000,419.609985,187.453186,128.605713,141.264206,10.304000,1214.599976,85.379997,70.620003,56.459999,64.430000,62.599998,51.130001,2.763048,235.119995,118.541092,90.177910,21.768744,7.440000
2026-02-25,114.250000,630.044006,100.699997,43.897999,8.399000,424.299988,187.561584,128.321884,141.254303,10.388000,1227.199951,86.750000,71.080002,56.770000,64.489998,63.310001,51.110001,2.758848,235.289993,118.541092,90.235657,21.792353,7.471000
2026-02-26,114.029999,628.168030,100.629997,43.553001,8.431000,422.929993,187.768539,128.879745,141.293900,10.356000,1217.400024,86.220001,70.830002,56.689999,64.720001,61.419998,50.660000,2.767542,235.440002,118.629639,90.235657,21.943830,7.480000
2026-02-27,113.574997,624.275024,100.739998,43.379002,8.406000,425.920013,188.241577,129.858490,141.382965,10.318000,1210.199951,85.480003,70.739998,56.529999,65.120003,60.799999,51.220001,2.780435,236.380005,118.629639,90.091293,22.021540,7.516000
2026-03-02,113.830002,629.434021,99.120003,42.879002,8.410000,436.320007,187.275787,130.054245,141.165237,10.334000,1219.400024,85.599998,70.930000,56.240002,65.519997,60.650002,51.349998,2.786588,235.190002,118.206596,89.744827,21.999897,7.742000
2026-03-03,112.644997,627.471008,96.139999,41.021000,8.271000,425.179993,186.004486,130.391907,140.957397,10.174000,1217.199951,83.300003,70.260002,54.660000,65.150002,59.169998,50.680000,2.802217,235.320007,117.734352,89.263618,21.772680,7.922000
2026-03-04,113.855003,633.416016,97.485001,41.444000,8.349000,426.059998,186.536652,129.829132,141.066254,10.280000,1236.599976,84.660004,70.839996,55.610001,65.440002,60.119999,50.930000,2.787858,235.330002,118.186913,89.802567,21.829731,7.814000
2026-03-05,113.245003,632.145020,96.144997,40.807999,8.281000,421.570007,184.900711,129.741043,140.848557,10.216000,1237.800049,83.449997,70.279999,55.000000,65.209999,60.169998,50.130001,2.782681,233.860001,117.635971,89.533096,21.785467,7.966000
2026-03-06,113.245003,632.145020,95.275002,40.807999,8.281000,421.570007,184.338974,129.741043,140.611023,10.106000,1237.800049,83.449997,70.279999,55.000000,65.209999,60.169998,50.130001,2.782681,235.809998,117.635971,89.042267,21.785467,7.966000
2026-03-09,111.440002,622.104004,94.660004,40.626999,8.033000,423.540009,184.388260,129.006989,140.561539,10.056000,1220.800049,81.889999,69.129997,53.700001,64.980003,58.430000,49.750000,2.784537,236.080002,117.232605,88.888283,21.272995,8.378000
2026-03-10,113.010002,628.770996,96.419998,41.772999,8.203000,432.369995,185.679260,128.664444,140.818848,10.218000,1237.400024,84.379997,69.989998,55.119999,64.959999,60.509998,50.009998,2.771644,236.339996,117.645813,89.379112,21.611364,8.136000
2026-03-11,112.599998,627.802979,95.809998,41.448002,8.124000,429.779999,183.718109,128.312103,140.482361,10.176000,1238.199951,84.040001,69.720001,54.910000,64.650002,60.990002,49.764999,2.741853,234.210007,116.927620,88.974892,21.382179,8.333000
2026-03-12,112.059998,624.770996,95.294998,40.674999,8.063000,428.540009,183.166229,128.537201,140.432877,10.104000,1228.599976,83.129997,69.389999,54.509998,64.949997,59.549999,49.389999,2.742927,235.160004,116.671822,88.715042,21.347750,8.546000
2026-03-13,111.904999,624.546021,94.845001,40.733002,8.027000,424.559998,182.732605,129.290833,140.383408,10.092000,1225.800049,82.730003,69.290001,54.709999,65.290001,59.720001,49.544998,2.747616,234.589996,116.435707,88.358948,21.457916,8.595000
2026-03-16,112.150002,625.169006,95.345001,41.297001,8.060000,417.089996,183.195786,129.134232,140.442780,10.128000,1231.199951,83.430000,69.360001,55.150002,65.199997,60.740002,49.474998,2.754746,235.520004,116.661987,88.368584,21.498247,8.502000
2026-03-17,112.400002,626.116028,95.864998,41.612999,8.085000,417.540009,184.122162,129.148911,140.521957,10.156000,1233.599976,83.680000,69.480003,55.320000,65.260002,60.380001,49.340000,2.757481,235.529999,116.957130,88.849785,21.590708,8.460000
2026-03-18,111.730003,622.273010,95.110001,41.317001,8.066000,407.540009,183.304199,129.036346,140.383408,10.090000,1228.599976,83.900002,68.930000,55.380001,64.550003,60.959999,48.605000,2.755332,235.479996,116.760368,88.753548,21.439228,8.577000
2026-03-19,109.849998,613.388000,92.794998,40.543999,7.915000,383.190002,182.929703,128.106552,140.160004,9.923000,1206.400024,82.070000,67.839996,54.259998,63.830002,59.869999,48.095001,2.761486,235.529999,116.317650,88.299652,21.056595,8.529000
2026-03-20,108.769997,608.971008,91.195000,39.702999,7.831000,381.940002,181.490860,127.671028,139.820007,9.805000,1196.400024,80.790001,67.260002,53.520000,63.200001,59.110001,47.605000,2.705908,233.149994,115.835571,87.944206,20.672979,8.481000
2026-03-23,109.184998,610.083984,91.860001,40.090000,7.892000,361.929993,181.766800,127.049522,140.619995,9.872000,1194.800049,81.300003,67.650002,53.439999,63.099998,59.490002,47.365002,2.702197,233.690002,116.071693,88.121925,20.624783,8.179000
2026-03-24,109.224998,609.796021,92.095001,39.980999,7.942000,367.089996,181.707672,127.005478,139.869995,9.867000,1194.400024,81.480003,67.709999,53.770000,63.180000,59.930000,47.355000,2.698387,232.919998,115.983147,88.131805,20.566748,8.259000
2026-03-25,110.150002,613.091980,93.550003,40.692001,8.023000,378.690002,182.821289,127.617188,140.000000,9.962000,1201.800049,82.839996,68.199997,54.540001,63.310001,60.779999,48.130001,2.728374,233.309998,116.347160,88.437881,20.569698,8.222000
2026-03-26,108.989998,607.114014,92.389999,39.728001,7.971000,366.359985,181.067093,127.274628,139.839996,9.855000,1184.599976,80.870003,67.449997,54.119999,63.349998,58.630001,48.180000,2.714211,232.300003,115.747032,87.993576,20.523468,8.403000
2026-03-27,107.514999,597.932007,91.580002,39.339001,7.863000,377.450012,180.446228,127.592728,139.850006,9.722000,1160.400024,79.639999,66.580002,53.389999,63.000000,57.419998,47.750000,2.713234,231.899994,115.491234,87.746735,20.358217,8.531000
2026-03-30,108.235001,600.489990,92.589996,39.488998,7.897000,380.890015,181.500717,129.408279,139.979996,9.786000,1160.199951,79.410004,66.989998,53.580002,63.810001,56.099998,48.055000,2.756504,233.229996,115.776543,87.805969,20.627731,8.660000
2026-03-31,108.055000,600.210999,92.964996,39.323002,7.895000,385.589996,182.101868,129.344650,140.070007,9.766000,1161.000000,79.550003,67.000000,53.310001,63.459999,56.259998,48.235001,2.732378,233.919998,116.052017,87.924461,20.494942,8.655000
2026-04-01,110.339996,610.015991,95.285004,40.608002,8.103000,396.260010,182.525650,128.537201,140.160004,9.983000,1191.599976,83.150002,68.209999,55.040001,63.599998,59.720001,48.855000,2.722025,234.300003,116.514412,88.724220,20.674946,8.494000
2026-04-02,110.364998,611.317017,95.144997,40.080002,8.086000,389.309998,182.505936,129.334869,140.210007,9.966000,1192.599976,82.820000,68.239998,55.110001,63.990002,59.270000,48.875000,2.742830,234.520004,116.642303,88.882195,20.902164,8.673000
2026-04-07,109.705002,608.630005,94.129997,39.988998,8.067000,386.279999,181.244492,128.674225,139.860001,9.917000,1185.400024,82.650002,67.699997,54.669998,63.660000,59.580002,48.070000,2.715774,233.759995,116.130722,88.358894,20.799868,8.759000
2026-04-08,112.504997,620.789978,97.849998,42.160999,8.296000,391.559998,183.885635,127.768890,140.500000,10.192000,1219.800049,86.500000,69.440002,56.639999,63.669998,63.410000,48.895000,2.721732,235.679993,117.390015,89.642464,21.159876,8.264000
2026-04-09,112.675003,624.169006,97.754997,42.047001,8.289000,393.239990,183.057816,127.626968,140.419998,10.202000,1221.800049,87.059998,69.669998,56.410000,63.650002,64.660004,48.750000,2.703662,235.020004,117.330986,89.563477,21.253323,8.315000
2026-04-10,112.980003,625.724976,98.074997,42.377998,8.273000,391.679993,182.505936,127.313782,140.339996,10.228000,1231.800049,88.019997,69.769997,56.490002,62.910000,66.459999,48.384998,2.695359,234.089996,117.026001,89.444984,21.261190,8.297000
2026-04-13,112.945000,625.846985,97.974998,42.228001,8.273000,386.720001,182.013184,127.127823,140.250000,10.226000,1233.199951,87.639999,69.699997,56.299999,62.750000,66.250000,48.035000,2.689596,233.800003,116.711174,89.336388,21.176598,8.437000
2026-04-14,114.199997,632.710022,98.930000,43.001999,8.382000,391.760010,182.949417,126.594414,140.490005,10.352000,1249.800049,89.089996,70.379997,56.799999,62.810001,67.230003,48.634998,2.691159,234.339996,117.281792,89.622711,21.429392,8.283000
2026-04-15,114.635002,636.836975,98.404999,43.116001,8.357000,391.239990,182.752319,126.481857,140.500000,10.376000,1265.599976,88.849998,70.290001,56.669998,62.730000,67.449997,48.240002,2.686275,234.130005,117.193253,89.701706,21.373323,8.306000
2026-04-16,115.315002,642.026978,98.375000,43.464001,8.399000,392.480011,182.939560,126.834198,140.529999,10.446000,1282.400024,89.260002,70.790001,57.230000,63.110001,68.680000,48.055000,2.682173,234.470001,117.183411,89.751076,21.619232,8.391000
2026-04-17,116.675003,649.320007,99.910004,44.352001,8.559000,397.119995,184.132019,127.132721,140.839996,10.582000,1298.400024,90.410004,71.529999,57.939999,63.330002,69.529999,48.595001,2.691648,235.460007,117.822899,90.185509,21.861206,8.146000
2026-04-20,116.214996,648.005981,99.254997,43.828999,8.535000,392.399994,183.944763,127.186546,140.770004,10.538000,1291.400024,89.889999,71.419998,57.669998,63.470001,69.169998,48.474998,2.692917,235.289993,117.645813,89.958420,21.940880,8.294000
2026-04-21,116.099998,648.640015,98.364998,43.749001,8.515000,388.630005,183.294342,127.118042,140.649994,10.518000,1298.400024,89.400002,71.339996,57.500000,63.060001,69.699997,47.750000,2.693113,234.660004,117.370346,89.820190,21.770712,8.375000
2026-04-22,116.595001,653.078979,98.044998,44.286999,8.521000,388.790009,183.392883,127.191444,140.559998,10.570000,1314.000000,90.169998,71.639999,57.689999,62.880001,71.540001,47.785000,2.706397,234.889999,117.330986,89.830063,21.726448,8.516000
2026-04-23,116.985001,655.765991,98.099998,44.064999,8.522000,389.019989,183.304199,127.235481,140.539993,10.596000,1323.599976,91.180000,71.820000,58.130001,63.020000,73.529999,47.689999,2.710304,235.639999,117.271957,89.830063,21.812025,8.525000
2026-04-24,116.730003,655.716980,97.644997,44.382000,8.469000,388.100006,183.205643,127.088676,140.520004,10.576000,1332.800049,91.349998,71.800003,58.220001,62.610001,76.500000,47.009998,2.699266,235.830002,117.252281,89.731323,21.767761,8.547000
2026-04-27,116.605003,655.150024,97.309998,44.381001,8.484000,383.670013,182.860718,126.423134,140.490005,10.568000,1331.599976,91.110001,71.570000,58.410000,62.560001,75.620003,46.955002,2.685592,235.860001,117.134216,89.800438,21.618248,8.617000
2026-04-28,116.264999,653.395020,96.900002,43.821999,8.434000,375.809998,182.397522,126.697174,140.389999,10.520000,1318.199951,89.769997,71.290001,58.160000,62.700001,72.910004,47.044998,2.682369,235.759995,116.868591,89.632591,21.650709,8.641000
2026-04-29,116.305000,655.359985,96.355003,44.018002,8.401000,374.019989,181.845642,126.403557,140.250000,10.534000,1333.000000,90.519997,71.269997,58.959999,62.439999,75.209999,46.490002,2.677192,235.929993,116.711174,89.528923,21.572018,8.797000
2026-04-30,117.055000,657.080994,97.845001,44.308998,8.488000,379.320007,182.850861,125.649940,140.350006,10.608000,1334.599976,91.919998,71.550003,59.810001,62.810001,76.370003,47.365002,2.670354,236.779999,117.193253,89.770821,21.785467,8.770000
2026-05-01,117.055000,657.080994,97.845001,44.308998,8.488000,379.320007,182.850861,125.415039,140.350006,10.608000,1334.599976,91.919998,71.550003,59.810001,62.810001,76.370003,47.365002,2.670354,236.779999,117.193253,89.909050,21.785467,8.770000
2026-05-04,117.360001,661.387024,96.544998,44.962002,8.517000,373.140015,182.052597,125.415039,140.270004,10.648000,1356.400024,92.220001,71.389999,60.330002,62.939999,77.129997,47.180000,2.659708,236.630005,116.839073,89.909050,21.759892,8.934000
2026-05-05,118.209999,665.989990,97.635002,45.825001,8.594000,376.260010,182.693192,125.698860,140.399994,10.748000,1373.199951,94.160004,71.750000,61.689999,62.759998,80.570000,47.240002,2.669671,237.039993,116.927620,89.790573,21.728416,8.863000
2026-05-06,119.580002,671.390015,99.760002,46.794998,8.712000,384.299988,183.895508,125.923981,140.679993,10.888000,1389.400024,95.820000,72.559998,62.590000,62.570000,84.169998,47.474998,2.682466,237.320007,117.468727,90.165764,22.082523,8.623000
2026-05-07,119.629997,673.809998,98.705002,46.775002,8.689000,387.929993,183.925064,125.772278,140.750000,10.878000,1403.400024,94.839996,72.529999,62.450001,62.410000,84.089996,46.849998,2.676801,236.729996,117.508080,90.116394,21.969404,8.542000
2026-05-08,119.510002,674.700012,98.084999,47.049999,8.685000,385.100006,183.875793,125.679298,140.699997,10.892000,1418.000000,95.739998,72.419998,63.209999,62.290001,86.440002,46.540001,2.677387,237.419998,117.390015,90.185509,21.871042,8.644000
2026-05-11,119.930000,677.059998,98.269997,47.209999,8.717000,386.529999,183.353470,125.238861,140.580002,10.928000,1428.599976,97.629997,72.410004,64.540001,62.099998,89.080002,46.639999,2.668205,237.649994,117.262123,90.318802,21.920223,8.808000
2026-05-12,119.160004,673.479980,97.290001,45.540001,8.586000,382.190002,182.486221,125.894623,140.470001,10.806000,1408.599976,96.080002,72.080002,63.410000,62.419998,85.239998,47.255001,2.660001,236.919998,116.917778,90.155891,21.816942,8.938000
2026-05-13,120.430000,680.659973,98.214996,46.790001,8.651000,385.679993,182.367966,125.581421,140.410004,10.950000,1431.199951,98.360001,72.629997,64.790001,62.320000,88.480003,47.419998,2.649354,237.179993,116.986649,90.126266,21.772680,9.020000
2026-05-14,121.989998,691.200012,99.239998,47.189999,8.732000,386.190002,183.363327,126.364410,140.580002,11.078000,1457.400024,98.989998,73.589996,65.540001,63.250000,90.129997,47.845001,2.675140,237.770004,117.350662,90.303993,21.915306,8.895000
2026-05-15,121.000000,687.429993,97.434998,45.895000,8.618000,376.380005,181.599274,126.726540,140.380005,10.966000,1444.000000,97.260002,73.300003,64.290001,63.349998,87.419998,47.560001,2.640856,236.210007,116.858749,90.096649,21.575953,8.888000
2026-05-18,120.389999,682.760010,98.235001,45.540001,8.575000,374.850006,181.697815,125.835899,140.479996,10.908000,1423.599976,95.930000,72.940002,63.669998,63.639999,84.660004,47.389999,2.629917,236.630005,116.927620,89.988037,21.575953,9.020000
2026-05-19,120.300003,681.140015,98.334999,45.020000,8.518000,373.470001,181.362747,125.224182,140.399994,10.876000,1420.599976,94.980003,73.099998,63.439999,64.489998,83.400002,48.270000,2.620442,236.000000,116.770210,89.751076,21.743170,9.044000
2026-05-20,121.379997,685.739990,99.845001,45.869999,8.627000,375.269989,182.821289,125.532478,140.669998,10.994000,1443.599976,97.000000,73.599998,64.720001,64.199997,87.610001,48.119999,2.643493,237.490005,117.262123,90.136147,21.910387,8.886000
2026-05-21,121.519997,686.919983,99.980003,45.924999,8.658000,373.989990,182.699997,125.839996,140.550003,11.010000,1444.599976,97.629997,73.779999,65.059998,64.160004,87.699997,48.470001,2.645740,236.960007,117.134216,90.047279,21.964941,8.955000
2026-05-22,122.830002,694.789978,100.775002,46.570000,8.762000,374.880005,183.570007,125.650002,140.729996,11.130000,1466.199951,98.919998,74.540001,66.559998,64.470001,91.019997,48.935001,2.663419,237.479996,117.547432,90.215134,21.969900,8.814000
2026-05-25,123.529999,696.510010,102.614998,47.395000,8.872000,377.850006,185.630005,125.650002,141.000000,11.214000,1472.800049,100.099998,74.879997,67.389999,64.580002,92.669998,49.064999,2.681196,238.860001,118.029503,90.215134,22.252520,8.666000
2026-05-26,123.110001,695.750000,101.269997,47.805000,8.871000,373.059998,184.350006,126.345001,140.809998,11.204000,1478.599976,100.620003,74.529999,68.080002,64.080002,94.250000,48.669998,2.682369,237.839996,117.783546,90.323746,22.074022,8.716000
2026-05-27,122.889999,694.809998,101.250000,47.849998,8.904000,366.809998,184.490005,126.820000,140.880005,11.180000,1475.400024,100.059998,74.339996,67.959999,63.950001,93.320000,48.740002,2.690573,237.949997,117.891769,90.373108,22.143438,8.573000
2026-05-28,123.169998,697.460022,100.849998,47.965000,8.898000,369.660004,184.789993,126.860001,140.910004,11.226000,1487.800049,100.500000,74.379997,68.690002,63.700001,95.720001,48.869999,2.691061,237.949997,118.049179,90.501472,22.034355,8.589000
2026-05-29,123.379997,698.739990,101.019997,47.980000,8.879000,377.190002,185.350006,126.699997,141.000000,11.248000,1491.400024,99.660004,74.300003,68.900002,63.549999,95.279999,48.555000,2.694089,238.449997,118.295135,90.748314,21.875692,8.545000
2026-06-01,123.730003,702.010010,100.385002,48.945000,8.894000,369.989990,184.080002,126.389999,140.779999,11.300000,1505.000000,100.180000,74.099998,69.699997,63.770000,96.769997,47.924999,2.691159,237.970001,117.862259,90.442223,21.657532,8.694000
2026-06-02,124.290001,703.719971,101.074997,49.494999,8.917000,372.500000,184.639999,126.580002,140.809998,11.366000,1510.400024,101.980003,74.290001,70.029999,63.580002,99.639999,47.439999,2.708643,237.830002,118.088531,90.728561,21.588118,8.666000
2026-06-03,123.910004,701.609985,100.355003,48.945000,8.888000,368.089996,183.699997,126.570000,140.679993,11.316000,1512.599976,103.300003,74.230003,70.080002,63.709999,101.800003,47.740002,2.697411,237.369995,117.744194,90.540955,21.677364,8.729000
2026-06-04,123.870003,700.929993,100.885002,48.215000,8.933000,370.059998,183.809998,126.885002,140.759995,11.302000,1501.000000,102.260002,74.790001,69.500000,63.700001,98.980003,49.099998,2.708448,237.199997,117.862259,90.600204,21.682322,8.593000
2026-06-05,123.330002,698.359985,100.599998,46.540001,8.845000,362.390015,183.539993,126.750000,140.669998,11.204000,1475.599976,100.480003,74.680000,68.639999,64.220001,94.239998,50.080002,2.712745,236.919998,117.695000,90.521217,21.945108,8.506000
2026-06-08,122.650002,693.479980,100.570000,46.455002,8.838000,361.079987,183.250000,126.974998,140.690002,11.150000,1470.199951,100.660004,74.449997,68.500000,64.000000,96.150002,49.730000,2.706299,236.630005,117.606461,90.461975,21.836029,8.497000
2026-06-09,120.849998,682.229980,99.919998,46.095001,8.756000,355.829987,183.380005,126.620003,140.740005,11.004000,1431.400024,98.510002,73.879997,67.220001,63.700001,92.790001,49.759998,2.702978,236.300003,117.645813,90.353363,22.064106,8.362000
2026-06-10,120.739998,682.140015,99.885002,45.970001,8.768000,343.630005,183.130005,126.764999,140.710007,10.998000,1428.000000,97.949997,74.040001,66.860001,64.180000,92.180000,49.849998,2.712452,236.619995,117.557266,90.461975,22.282267,8.374000
2026-06-11,120.889999,680.780029,100.570000,46.445000,8.817000,340.679993,183.759995,127.339996,140.830002,11.016000,1434.199951,99.839996,74.370003,67.260002,64.320000,94.970001,50.000000,2.723881,237.289993,117.704842,90.481720,22.242603,8.380000
2026-06-12,122.809998,691.340027,102.339996,47.865002,9.027000,350.570007,184.300003,126.995003,140.919998,11.226000,1471.000000,103.279999,75.339996,69.199997,64.309998,100.459999,49.880001,2.723001,237.360001,117.999992,90.718681,22.421099,8.252000
2026-06-15,124.239998,701.599976,102.529999,49.130001,9.090000,361.029999,185.059998,127.150002,141.050003,11.356000,1509.400024,105.059998,75.900002,70.050003,64.120003,103.980003,49.480000,2.720364,237.720001,118.314812,91.074135,22.336807,8.169000
2026-06-16,124.139999,699.539978,102.864998,48.605000,9.042000,358.600006,185.380005,127.300003,141.080002,11.334000,1496.800049,104.540001,75.760002,69.580002,63.990002,101.459999,49.325001,2.727494,237.690002,118.432869,90.955658,22.237642,8.122000
2026-06-17,124.209999,697.890015,103.440002,49.259998,9.082000,361.579987,185.440002,127.660004,141.020004,11.362000,1490.800049,105.540001,75.830002,69.599998,63.830002,102.559998,49.485001,2.740290,237.830002,118.255783,90.975403,22.103773,8.160000
2026-06-18,124.620003,701.739990,103.139999,50.200001,9.090000,355.059998,185.449997,129.139999,141.039993,11.414000,1513.800049,107.180000,75.809998,70.050003,63.430000,107.279999,48.779999,2.786300,237.320007,118.285301,91.120003,22.074022,8.104000
2026-06-19,124.820000,703.570007,102.879997,49.794998,9.116000,348.410004,184.690002,128.759995,140.970001,11.412000,1520.400024,107.339996,75.800003,70.209999,63.509998,107.559998,49.160000,2.766000,236.649994,118.059021,91.010002,22.009565,8.153000
2026-06-22,125.029999,703.440002,103.519997,50.730000,9.152000,352.230011,185.089996,128.455002,141.050003,11.460000,1520.199951,108.839996,75.980003,71.150002,63.540001,109.120003,49.334999,2.773100,237.009995,118.206596,91.139999,22.262436,8.140000
2026-06-23,123.989998,698.090027,102.730003,48.450001,9.082000,348.859985,185.550003,129.169998,141.149994,11.316000,1487.599976,105.879997,75.320000,69.660004,64.059998,103.500000,50.139999,2.789500,236.860001,118.334488,90.980003,22.435972,8.074000
2026-06-24,124.739998,703.659973,102.919998,48.505001,9.153000,339.660004,186.160004,130.149994,141.220001,11.376000,1491.800049,105.760002,75.870003,69.400002,64.709999,103.220001,50.939999,2.831200,237.160004,118.531258,91.019997,22.599596,7.972000
2026-06-25,124.089996,697.380005,103.675003,48.730000,9.196000,340.190002,186.240005,129.970001,141.250000,11.336000,1481.000000,107.580002,75.669998,70.790001,64.529999,104.879997,51.759998,2.828600,237.789993,118.678825,91.160004,22.559929,8.011000
2026-06-26,123.730003,696.330017,103.010002,48.185001,9.182000,344.500000,186.440002,130.125000,141.339996,11.298000,1475.199951,105.839996,75.599998,70.300003,64.849998,102.959999,52.529999,2.818900,237.690002,118.718178,91.070000,22.852465,7.984000
2026-06-29,123.870003,697.539978,103.154999,47.750000,9.116000,338.609985,186.289993,129.660004,141.279999,11.286000,1481.400024,105.800003,76.070000,68.889999,64.669998,103.360001,52.480000,2.813100,237.889999,118.629639,91.089996,22.634302,7.924000
2026-06-30,125.129997,705.229980,104.199997,48.794998,9.225000,339.329987,186.279999,129.294998,141.270004,11.406000,1515.400024,108.639999,76.820000,69.470001,64.730003,109.160004,52.279999,2.802600,237.960007,118.668991,91.199997,22.480597,7.976000
2026-07-01,125.860001,710.590027,103.675003,48.259998,9.292000,344.709991,185.970001,128.759995,141.309998,11.460000,1516.400024,106.360001,77.370003,69.150002,65.180000,105.180000,52.360001,2.781300,237.869995,118.708344,91.070000,22.540094,7.989000
2026-07-02,125.230003,704.440002,105.099998,47.320000,9.178000,346.660004,185.779999,128.020004,141.410004,11.382000,1480.400024,103.599998,76.940002,68.489998,65.510002,99.980003,53.500000,2.765400,237.500000,118.708344,91.190002,22.589678,7.939000
2026-07-03,125.739998,706.010010,105.800003,48.389999,9.222000,350.459991,185.369995,127.915001,141.320007,11.444000,1488.599976,104.559998,77.339996,69.160004,65.709999,101.599998,53.480000,2.754400,237.220001,118.619797,91.250000,22.669010,8.001000
2026-07-06,126.349998,710.429993,105.455002,48.494999,9.244000,349.540009,185.309998,127.925003,141.320007,11.500000,1499.800049,104.720001,77.169998,69.040001,65.620003,102.099998,53.080002,2.761100,237.199997,118.649315,91.349998,22.599596,8.137000
2026-07-07,125.400002,705.659973,104.735001,46.705002,9.088000,348.730011,184.690002,127.495003,141.240005,11.372000,1460.000000,100.500000,76.660004,67.790001,66.260002,94.339996,53.889999,2.742900,236.669998,118.373840,91.230003,22.887171,8.148000
2026-07-08,124.470001,702.070007,103.139999,46.740002,8.959000,340.149994,183.139999,126.900002,140.970001,11.294000,1452.800049,100.599998,76.260002,67.320000,65.930000,95.949997,53.520000,2.726000,235.990005,117.813065,91.000000,22.554972,8.325000
2026-07-09,125.720001,708.580017,104.029999,47.744999,9.123000,347.369995,183.850006,127.029999,141.119995,11.424000,1489.599976,103.839996,76.930000,68.889999,65.669998,101.639999,53.020000,2.729300,236.429993,118.157402,91.139999,22.520262,8.259000
2026-07-10,126.150002,711.880005,104.000000,47.895000,9.110000,345.149994,184.139999,126.875000,141.149994,11.460000,1495.400024,103.040001,77.250000,68.919998,65.639999,100.239998,52.650002,2.732400,236.729996,118.147560,91.199997,22.485554,8.183000
2026-07-13,126.330002,713.179993,103.964996,46.794998,9.091000,339.070007,183.539993,126.820000,141.000000,11.444000,1486.199951,102.199997,77.470001,68.559998,66.150002,98.279999,52.730000,2.726800,236.410004,117.881927,91.160004,22.669010,8.313000
2026-07-14,126.089996,710.200012,104.010002,46.915001,9.076000,343.170013,183.580002,126.989998,141.000000,11.432000,1489.800049,103.239998,77.230003,69.040001,65.709999,99.580002,51.630001,2.721600,237.070007,117.793388,91.095001,22.634302,8.419000
2026-07-15,126.290001,711.830017,104.195000,46.785000,9.075000,340.480011,183.369995,126.239998,141.059998,11.436000,1477.800049,100.860001,77.529999,67.849998,65.250000,95.940002,51.990002,2.725200,236.869995,117.822899,91.110001,22.659094,8.414000
2026-07-16,126.260002,712.059998,104.315002,46.240002,9.093000,337.640015,183.059998,126.110001,140.949997,11.426000,1466.800049,99.690002,77.820000,67.320000,65.550003,94.300003,52.639999,2.711500,236.440002,117.690002,91.044998,22.991293,8.423000
2026-07-17,124.849998,703.330017,103.945000,45.294998,8.987000,337.320007,183.020004,126.800003,140.910004,11.292000,1434.400024,98.279999,76.949997,67.160004,65.980003,91.000000,52.869999,2.731600,236.779999,117.680000,90.839996,23.194580,8.487000
2026-07-20,125.260002,706.190002,103.614998,45.775002,9.005000,338.329987,182.830002,126.620003,140.940002,11.332000,1451.599976,99.400002,76.980003,67.470001,65.760002,93.320000,52.320000,2.720100,236.679993,117.629997,90.949997,23.065668,8.547000
2026-07-21,125.750000,708.020020,104.245003,46.770000,9.061000,343.959991,182.589996,126.760002,140.880005,11.394000,1466.400024,101.900002,77.199997,68.620003,65.510002,96.750000,52.200001,2.708500,236.460007,117.559998,90.970001,23.125166,8.651000
2026-07-22,126.029999,709.510010,104.834999,46.625000,9.088000,350.510010,182.309998,126.455002,140.800003,11.414000,1466.400024,102.660004,77.160004,69.269997,65.620003,98.000000,52.270000,2.706300,236.309998,117.440002,90.940002,23.040876,8.773000
2026-07-23,124.400002,700.159973,103.584999,46.090000,9.008000,342.559998,181.720001,126.690002,140.759995,11.288000,1432.599976,102.180000,76.540001,68.800003,65.559998,96.669998,52.799999,2.699500,236.039993,117.180000,90.559998,23.030960,8.885000
2026-07-24,125.260002,704.179993,104.485001,45.860001,9.086000,344.290009,182.490005,126.860001,140.889999,11.350000,1429.800049,101.180000,77.089996,68.790001,66.209999,94.669998,53.169998,2.713500,236.300003,117.389999,90.599998,23.432575,8.773000
2026-07-27,124.750000,700.450012,104.495003,45.330002,9.031000,344.540009,183.179993,127.300003,140.960007,11.282000,1407.599976,97.919998,76.730003,68.400002,66.820000,88.720001,53.680000,2.716000,236.220001,117.599998,90.839996,23.467285,8.612000
2026-07-28,125.180000,702.890015,104.934998,44.910000,9.034000,340.470001,183.559998,127.800003,141.130005,11.318000,1403.000000,96.080002,77.230003,68.330002,67.680000,87.070000,54.369999,2.727700,236.460007,117.830002,90.879997,23.566448,8.472000
2026-07-29,124.330002,697.429993,104.529999,44.025002,8.945000,339.070007,182.740005,127.559998,140.970001,11.232000,1384.000000,94.839996,76.800003,67.989998,67.910004,83.870003,54.750000,2.722700,236.110001,117.489998,90.629997,23.412745,8.607000
2026-07-30,123.690002,690.570007,105.394997,44.720001,8.903000,342.179993,182.789993,125.919998,141.059998,11.188000,1393.800049,97.139999,76.230003,68.070000,66.220001,88.150002,52.689999,2.652700,236.139999,117.559998,90.764999,22.966503,8.524000
2026-07-31,124.230003,695.909973,105.230003,45.310001,8.922000,337.730011,182.350006,125.260002,141.020004,11.246000,1400.800049,98.050003,76.349998,67.860001,66.260002,88.779999,52.529999,2.635400,235.619995,117.519997,90.764999,22.931795,8.517000
2026-08-03,126.120003,709.340027,105.714996,45.455002,9.027000,337.290009,183.210007,125.910004,141.100006,11.392000,1430.000000,97.989998,77.290001,68.150002,66.529999,88.150002,52.200001,2.650500,236.139999,117.820000,90.989998,22.902046,8.402000
2026-08-04,127.800003,719.929993,106.535004,46.750000,9.169000,340.679993,183.779999,126.235001,141.240005,11.556000,1471.400024,100.820000,78.190002,69.440002,66.660004,93.669998,52.180000,2.663500,236.589996,118.070000,91.129997,22.832630,8.283000
2026-08-05,128.259995,722.369995,106.544998,46.790001,9.207000,354.519989,183.910004,126.139999,141.270004,11.600000,1478.000000,101.000000,78.419998,69.540001,66.730003,93.339996,52.529999,2.666600,236.470001,118.190002,91.080002,22.693802,8.318000
2026-08-06,128.119995,720.739990,106.730003,46.564999,9.206000,354.890015,183.630005,126.059998,141.229996,11.582000,1470.000000,100.599998,78.370003,69.629997,67.050003,94.089996,52.779999,2.660700,236.220001,117.989998,91.129997,22.718592,8.376000
2026-08-07,128.649994,723.280029,107.089996,46.514999,9.227000,362.160004,183.669998,125.754997,141.250000,11.616000,1476.400024,100.059998,78.519997,69.599998,67.500000,93.919998,53.150002,2.652200,236.740005,118.019997,91.309998,22.678926,8.463000
2026-08-10,128.750000,723.619995,107.110001,46.384998,9.203000,362.390015,182.899994,125.160004,141.179993,11.616000,1474.400024,100.040001,78.650002,69.589996,67.639999,93.089996,53.990002,2.640000,236.380005,117.820000,91.309998,22.376474,8.635000
2026-08-11,128.699997,723.000000,107.144997,46.674999,9.229000,365.049988,183.050003,125.269997,141.199997,11.630000,1473.000000,100.320000,78.730003,69.519997,67.620003,93.000000,53.990002,2.643400,236.550003,117.860001,91.290001,22.356642,8.659000
2026-08-12,128.800003,722.809998,107.000000,47.224998,9.275000,368.579987,183.160004,125.584999,141.220001,11.646000,1480.000000,102.180000,78.580002,70.309998,67.550003,95.430000,53.980000,2.643100,236.869995,117.959999,91.239998,22.450848,8.720000
2026-08-13,129.389999,727.239990,107.044998,47.490002,9.320000,364.059998,183.479996,125.995003,141.300003,11.704000,1497.000000,103.080002,78.889999,71.010002,67.610001,97.199997,54.110001,2.655400,237.059998,118.040001,91.349998,22.624386,8.685000
2026-08-14,128.839996,724.150024,106.864998,47.139999,9.327000,364.190002,182.669998,125.209999,141.220001,11.658000,1485.800049,102.180000,78.559998,70.809998,67.550003,94.669998,53.369999,2.623100,236.289993,117.820000,91.290001,22.594637,8.659000
2026-08-17,128.720001,723.080017,106.665001,47.974998,9.328000,367.279999,182.380005,125.000000,141.229996,11.668000,1495.000000,104.180000,78.320000,71.250000,67.169998,97.519997,53.490002,2.614900,236.369995,117.769997,91.300003,22.341768,8.743000
2026-08-18,127.419998,716.549988,105.934998,46.369999,9.213000,361.859985,181.690002,125.095001,141.110001,11.524000,1463.400024,100.959999,77.820000,69.940002,67.279999,91.959999,54.270000,2.610200,235.869995,117.400002,91.154999,22.366558,8.806000
2026-08-19,126.989998,714.039978,105.800003,46.500000,9.201000,369.899994,181.800003,124.860001,141.089996,11.496000,1453.000000,99.750000,77.760002,69.580002,67.300003,89.919998,55.090000,2.635100,235.899994,117.459999,91.080002,22.227728,8.835000
2026-08-20,126.180000,708.669983,105.635002,46.639999,9.126000,372.609985,181.839996,124.285004,141.160004,11.432000,1438.599976,99.269997,77.239998,69.650002,67.080002,89.660004,55.240002,2.613400,235.830002,117.550003,91.110001,22.379999,8.868000
2026-08-21,126.510002,709.070007,106.305000,47.130001,9.164000,379.230011,181.759995,124.084999,141.190002,11.476000,1442.599976,99.769997,77.419998,70.269997,67.180000,89.959999,55.310001,2.605800,235.789993,117.529999,91.070000,22.270000,8.924000
2026-08-24,126.230003,707.169983,106.334999,46.450001,9.130000,385.179993,181.910004,124.370003,141.149994,11.428000,1429.599976,98.290001,77.459999,69.489998,67.349998,87.510002,54.980000,2.627000,235.720001,117.559998,91.199997,22.305000,8.888000
2026-08-25,126.529999,708.200012,106.680000,47.145000,9.167000,382.489990,182.589996,124.870003,141.259995,11.476000,1437.400024,99.279999,77.680000,69.949997,67.379997,89.139999,55.439999,2.647700,236.440002,117.769997,91.379997,22.445000,8.799000
2026-08-26,126.669998,709.669983,106.629997,47.384998,9.180000,379.350006,182.279999,125.160004,141.240005,11.494000,1438.199951,99.400002,77.739998,70.099998,67.470001,89.199997,55.000000,2.647400,236.059998,117.680000,91.264999,22.424999,8.835000
2026-08-27,127.139999,714.369995,105.870003,47.560001,9.196000,379.450012,182.059998,125.209999,141.199997,11.536000,1455.400024,98.940002,77.779999,69.800003,67.449997,90.540001,54.590000,2.650400,235.899994,117.529999,91.279999,22.230000,8.892000
2026-08-28,128.220001,721.179993,106.445000,47.810001,9.199000,378.510010,181.729996,125.000000,141.149994,11.618000,1471.599976,99.300003,78.370003,70.470001,67.779999,90.540001,54.360001,2.660800,235.820007,117.379997,91.260002,22.195000,9.014000
2026-08-31,126.779999,712.140015,105.570000,47.380001,9.090000,366.869995,181.100006,125.000000,141.100006,11.492000,1451.199951,98.040001,77.389999,70.070000,67.440002,88.959999,54.009998,2.625500,235.149994,117.089996,91.260002,21.860001,9.047000
2026-09-01,126.580002,711.679993,105.160004,47.639999,9.075000,361.970001,180.839996,124.779999,141.039993,11.482000,1446.199951,98.010002,77.150002,70.519997,67.559998,88.239998,54.520000,2.640500,235.070007,117.040001,91.120003,21.950001,9.152000
2026-09-02,126.790001,713.969971,104.904999,47.480000,9.066000,362.790009,180.259995,124.760002,140.949997,11.496000,1444.199951,98.059998,77.290001,70.500000,67.540001,88.559998,54.880001,2.627700,234.820007,116.900002,90.879997,21.825001,9.221000
2026-09-03,127.879997,718.729980,105.504997,47.525002,9.146000,372.640015,180.800003,125.019997,141.059998,11.580000,1457.800049,98.900002,77.739998,71.150002,67.870003,87.760002,54.810001,2.641300,235.529999,117.099998,91.099998,21.875000,9.164000
2026-09-04,127.440002,715.000000,105.544998,48.185001,9.152000,367.559998,181.020004,124.830002,141.160004,11.574000,1457.199951,99.870003,77.489998,71.620003,67.440002,90.410004,54.419998,2.635700,235.580002,117.150002,91.025002,21.945000,9.148000
2026-09-07,127.330002,713.919983,105.589996,48.410000,9.143000,364.980011,180.440002,124.360001,141.029999,11.570000,1459.599976,100.779999,77.349998,72.000000,67.059998,92.000000,53.900002,2.628200,235.130005,116.940002,90.959999,21.719999,9.215000
